ImageId,PredictionString,target
ILSVRC2012_val_00031094,n01440764 189 187 292 225 ,n01440764
ILSVRC2012_val_00006697,n01440764 165 231 350 322 ,n01440764
ILSVRC2012_val_00009379,n01440764 91 207 412 339 ,n01440764
ILSVRC2012_val_00011993,n01440764 68 151 470 335 ,n01440764
ILSVRC2012_val_00046499,n01440764 71 159 405 318 ,n01440764
ILSVRC2012_val_00000307,n01443537 189 116 499 374 n01443537 0 201 181 374 n01443537 0 69 246 299 n01443537 285 0 459 206 ,n01443537
ILSVRC2012_val_00013623,n01443537 103 235 199 310 n01443537 207 267 281 319 n01443537 312 180 375 256 n01443537 378 169 466 229 n01443537 201 57 308 95 ,n01443537
ILSVRC2012_val_00011914,n01443537 31 199 143 269 n01443537 130 6 307 171 ,n01443537
ILSVRC2012_val_00032258,n01443537 150 81 411 335 ,n01443537
ILSVRC2012_val_00037846,n01443537 118 242 267 447 n01443537 183 1 235 35 ,n01443537
ILSVRC2012_val_00035223,n01484850 0 191 378 475 n01484850 156 191 303 274 ,n01484850
ILSVRC2012_val_00020011,n01484850 0 43 360 302 ,n01484850
ILSVRC2012_val_00016168,n01484850 0 60 488 559 ,n01484850
ILSVRC2012_val_00020011,n01484850 0 43 360 302 ,n01484850
ILSVRC2012_val_00015220,n01484850 0 9 499 262 n01484850 179 284 257 317 ,n01484850
ILSVRC2012_val_00025137,n01491361 87 113 767 531 ,n01491361
ILSVRC2012_val_00034038,n01491361 160 105 427 219 ,n01491361
ILSVRC2012_val_00018466,n01491361 320 157 798 421 n01491361 320 125 638 238 n01491361 225 306 269 364 ,n01491361
ILSVRC2012_val_00030156,n01491361 64 127 403 278 ,n01491361
ILSVRC2012_val_00034038,n01491361 160 105 427 219 ,n01491361
ILSVRC2012_val_00003558,n01494475 84 36 499 334 ,n01494475
ILSVRC2012_val_00016259,n01494475 122 151 498 320 ,n01494475
ILSVRC2012_val_00009460,n01494475 83 152 246 232 n01494475 243 156 358 215 n01494475 86 102 101 116 ,n01494475
ILSVRC2012_val_00031424,n01494475 35 73 498 366 ,n01494475
ILSVRC2012_val_00045133,n01494475 95 150 389 312 ,n01494475
ILSVRC2012_val_00015732,n01496331 61 99 423 313 ,n01496331
ILSVRC2012_val_00028422,n01496331 31 127 367 256 n01496331 185 110 433 171 ,n01496331
ILSVRC2012_val_00047080,n01496331 9 4 470 402 ,n01496331
ILSVRC2012_val_00017440,n01496331 177 122 446 200 n01496331 0 192 332 281 ,n01496331
ILSVRC2012_val_00019988,n01496331 0 31 593 375 n01496331 327 1 638 240 ,n01496331
ILSVRC2012_val_00042534,n01498041 133 146 321 246 ,n01498041
ILSVRC2012_val_00024719,n01498041 102 124 450 209 ,n01498041
ILSVRC2012_val_00009734,n01498041 226 140 479 244 n01498041 165 172 329 243 n01498041 359 21 421 63 n01498041 376 63 436 113 ,n01498041
ILSVRC2012_val_00015373,n01498041 53 5 375 181 ,n01498041
ILSVRC2012_val_00027005,n01498041 389 81 496 151 n01498041 126 128 289 279 ,n01498041
ILSVRC2012_val_00046393,n01514668 0 0 382 374 ,n01514668
ILSVRC2012_val_00025431,n01514668 63 1 386 483 ,n01514668
ILSVRC2012_val_00036368,n01514668 145 0 498 400 ,n01514668
ILSVRC2012_val_00011403,n01514668 0 16 486 498 ,n01514668
ILSVRC2012_val_00027207,n01514668 6 8 433 498 ,n01514668
ILSVRC2012_val_00037719,n01514859 42 31 274 237 n01514859 356 232 470 328 n01514859 235 190 339 327 n01514859 272 106 368 208 ,n01514859
ILSVRC2012_val_00014917,n01514859 72 39 452 387 ,n01514859
ILSVRC2012_val_00005535,n01514859 25 52 402 460 ,n01514859
ILSVRC2012_val_00007729,n01514859 213 117 329 239 n01514859 92 22 167 125 ,n01514859
ILSVRC2012_val_00048049,n01514859 171 1 369 248 ,n01514859
ILSVRC2012_val_00010594,n01518878 138 77 414 409 ,n01518878
ILSVRC2012_val_00049090,n01518878 117 205 301 461 ,n01518878
ILSVRC2012_val_00031239,n01518878 137 62 371 456 ,n01518878
ILSVRC2012_val_00008294,n01518878 16 51 404 498 ,n01518878
ILSVRC2012_val_00010594,n01518878 138 77 414 409 ,n01518878
ILSVRC2012_val_00002425,n01530575 181 114 460 321 ,n01530575
ILSVRC2012_val_00027619,n01530575 242 143 299 278 ,n01530575
ILSVRC2012_val_00026784,n01530575 123 7 368 211 ,n01530575
ILSVRC2012_val_00038895,n01530575 102 116 276 371 ,n01530575
ILSVRC2012_val_00006526,n01530575 150 113 339 312 ,n01530575
ILSVRC2012_val_00032855,n01531178 142 181 301 438 ,n01531178
ILSVRC2012_val_00001274,n01531178 280 279 339 461 n01531178 85 88 179 270 ,n01531178
ILSVRC2012_val_00000570,n01531178 195 152 290 341 ,n01531178
ILSVRC2012_val_00026279,n01531178 129 77 333 372 ,n01531178
ILSVRC2012_val_00032855,n01531178 142 181 301 438 ,n01531178
ILSVRC2012_val_00011056,n01532829 165 95 392 221 ,n01532829
ILSVRC2012_val_00048437,n01532829 192 130 308 396 ,n01532829
ILSVRC2012_val_00023942,n01532829 58 45 265 436 ,n01532829
ILSVRC2012_val_00013456,n01532829 271 132 415 210 ,n01532829
ILSVRC2012_val_00048642,n01532829 128 101 433 285 ,n01532829
ILSVRC2012_val_00000713,n01534433 78 98 417 307 ,n01534433
ILSVRC2012_val_00032025,n01534433 267 151 368 303 ,n01534433
ILSVRC2012_val_00040606,n01534433 116 126 332 312 ,n01534433
ILSVRC2012_val_00017970,n01534433 205 155 283 301 ,n01534433
ILSVRC2012_val_00027831,n01534433 115 57 310 333 ,n01534433
ILSVRC2012_val_00032164,n01537544 118 62 283 436 ,n01537544
ILSVRC2012_val_00021300,n01537544 168 167 275 297 ,n01537544
ILSVRC2012_val_00026259,n01537544 190 173 281 361 ,n01537544
ILSVRC2012_val_00048829,n01537544 87 62 273 289 ,n01537544
ILSVRC2012_val_00031987,n01537544 197 191 264 289 ,n01537544
ILSVRC2012_val_00029495,n01558993 105 105 437 411 ,n01558993
ILSVRC2012_val_00002825,n01558993 23 135 358 269 ,n01558993
ILSVRC2012_val_00029627,n01558993 39 35 492 318 ,n01558993
ILSVRC2012_val_00019038,n01558993 207 85 489 362 ,n01558993
ILSVRC2012_val_00044378,n01558993 49 68 277 340 ,n01558993
ILSVRC2012_val_00049803,n01560419 72 77 365 337 ,n01560419
ILSVRC2012_val_00042600,n01560419 176 99 269 373 ,n01560419
ILSVRC2012_val_00000638,n01560419 130 41 324 361 ,n01560419
ILSVRC2012_val_00000217,n01560419 40 123 200 417 ,n01560419
ILSVRC2012_val_00025526,n01560419 127 67 318 446 ,n01560419
ILSVRC2012_val_00026136,n01580077 72 165 468 386 ,n01580077
ILSVRC2012_val_00012132,n01580077 143 75 331 498 ,n01580077
ILSVRC2012_val_00010272,n01580077 91 111 452 371 ,n01580077
ILSVRC2012_val_00022505,n01580077 54 88 439 307 ,n01580077
ILSVRC2012_val_00010240,n01580077 47 85 360 377 ,n01580077
ILSVRC2012_val_00037824,n01582220 16 83 272 472 ,n01582220
ILSVRC2012_val_00039219,n01582220 95 140 314 400 ,n01582220
ILSVRC2012_val_00034437,n01582220 51 36 376 379 ,n01582220
ILSVRC2012_val_00046917,n01582220 158 224 415 333 ,n01582220
ILSVRC2012_val_00016794,n01582220 20 51 473 267 ,n01582220
ILSVRC2012_val_00017756,n01592084 221 145 320 303 ,n01592084
ILSVRC2012_val_00029441,n01592084 62 91 404 380 ,n01592084
ILSVRC2012_val_00034095,n01592084 27 106 422 319 ,n01592084
ILSVRC2012_val_00025692,n01592084 198 136 441 320 ,n01592084
ILSVRC2012_val_00017976,n01592084 166 117 496 278 ,n01592084
ILSVRC2012_val_00045581,n01601694 118 70 433 311 ,n01601694
ILSVRC2012_val_00047626,n01601694 115 118 372 312 ,n01601694
ILSVRC2012_val_00024643,n01601694 272 127 400 266 ,n01601694
ILSVRC2012_val_00028099,n01601694 191 108 310 196 ,n01601694
ILSVRC2012_val_00013223,n01601694 130 83 432 365 ,n01601694
ILSVRC2012_val_00046308,n01608432 72 46 391 397 ,n01608432
ILSVRC2012_val_00046733,n01608432 42 70 396 377 ,n01608432
ILSVRC2012_val_00046948,n01608432 13 27 396 461 ,n01608432
ILSVRC2012_val_00001813,n01608432 107 248 292 402 n01608432 147 3 348 390 ,n01608432
ILSVRC2012_val_00000073,n01608432 303 104 454 232 n01608432 33 134 224 301 ,n01608432
ILSVRC2012_val_00022597,n01614925 98 60 311 252 ,n01614925
ILSVRC2012_val_00034168,n01614925 7 65 300 273 ,n01614925
ILSVRC2012_val_00002031,n01614925 173 50 419 350 ,n01614925
ILSVRC2012_val_00027570,n01614925 0 85 431 412 ,n01614925
ILSVRC2012_val_00033435,n01614925 131 48 293 455 ,n01614925
ILSVRC2012_val_00030618,n01616318 0 75 402 498 ,n01616318
ILSVRC2012_val_00042410,n01616318 0 260 486 431 ,n01616318
ILSVRC2012_val_00027870,n01616318 32 43 336 329 ,n01616318
ILSVRC2012_val_00042410,n01616318 0 260 486 431 ,n01616318
ILSVRC2012_val_00032832,n01616318 146 102 342 440 ,n01616318
ILSVRC2012_val_00024052,n01622779 159 36 408 353 ,n01622779
ILSVRC2012_val_00026579,n01622779 103 8 464 497 ,n01622779
ILSVRC2012_val_00002511,n01622779 140 76 487 498 ,n01622779
ILSVRC2012_val_00049639,n01622779 102 56 259 451 ,n01622779
ILSVRC2012_val_00014982,n01622779 52 30 303 487 ,n01622779
ILSVRC2012_val_00049244,n01629819 139 3 297 281 ,n01629819
ILSVRC2012_val_00009938,n01629819 143 124 454 223 ,n01629819
ILSVRC2012_val_00033081,n01629819 146 103 467 227 ,n01629819
ILSVRC2012_val_00010116,n01629819 0 97 322 311 ,n01629819
ILSVRC2012_val_00028489,n01629819 109 99 397 332 ,n01629819
ILSVRC2012_val_00020393,n01630670 3 9 476 675 ,n01630670
ILSVRC2012_val_00020393,n01630670 3 9 476 675 ,n01630670
ILSVRC2012_val_00003702,n01630670 105 142 904 481 ,n01630670
ILSVRC2012_val_00040174,n01630670 30 91 649 263 ,n01630670
ILSVRC2012_val_00023488,n01630670 75 177 584 360 ,n01630670
ILSVRC2012_val_00001728,n01631663 196 87 285 447 ,n01631663
ILSVRC2012_val_00001728,n01631663 196 87 285 447 ,n01631663
ILSVRC2012_val_00038658,n01631663 135 118 392 288 ,n01631663
ILSVRC2012_val_00012441,n01631663 24 90 423 330 ,n01631663
ILSVRC2012_val_00022134,n01631663 57 111 460 267 ,n01631663
ILSVRC2012_val_00026813,n01632458 41 34 484 278 ,n01632458
ILSVRC2012_val_00036878,n01632458 86 71 389 326 ,n01632458
ILSVRC2012_val_00010462,n01632458 36 101 332 453 ,n01632458
ILSVRC2012_val_00013069,n01632458 156 36 408 309 ,n01632458
ILSVRC2012_val_00038459,n01632458 134 116 471 350 ,n01632458
ILSVRC2012_val_00016514,n01632777 121 200 418 365 ,n01632777
ILSVRC2012_val_00003860,n01632777 48 76 552 349 ,n01632777
ILSVRC2012_val_00048148,n01632777 70 78 997 305 ,n01632777
ILSVRC2012_val_00025348,n01632777 163 148 475 361 n01632777 168 333 352 436 ,n01632777
ILSVRC2012_val_00027929,n01632777 37 79 409 278 ,n01632777
ILSVRC2012_val_00032061,n01641577 0 0 498 411 ,n01641577
ILSVRC2012_val_00047498,n01641577 109 4 499 356 ,n01641577
ILSVRC2012_val_00047498,n01641577 109 4 499 356 ,n01641577
ILSVRC2012_val_00035535,n01641577 66 15 453 365 ,n01641577
ILSVRC2012_val_00025633,n01641577 117 148 360 289 ,n01641577
ILSVRC2012_val_00034542,n01644373 153 85 370 327 ,n01644373
ILSVRC2012_val_00012428,n01644373 0 34 365 252 ,n01644373
ILSVRC2012_val_00041279,n01644373 93 121 272 243 ,n01644373
ILSVRC2012_val_00033084,n01644373 77 40 486 330 ,n01644373
ILSVRC2012_val_00030352,n01644373 101 114 348 247 ,n01644373
ILSVRC2012_val_00021211,n01644900 14 44 437 316 ,n01644900
ILSVRC2012_val_00036942,n01644900 277 235 823 585 ,n01644900
ILSVRC2012_val_00028629,n01644900 90 215 227 306 ,n01644900
ILSVRC2012_val_00011303,n01644900 195 97 481 310 ,n01644900
ILSVRC2012_val_00013354,n01644900 14 130 350 324 ,n01644900
ILSVRC2012_val_00049773,n01664065 0 0 373 378 ,n01664065
ILSVRC2012_val_00021983,n01664065 98 123 322 200 ,n01664065
ILSVRC2012_val_00011444,n01664065 0 33 416 306 ,n01664065
ILSVRC2012_val_00047105,n01664065 49 39 440 357 ,n01664065
ILSVRC2012_val_00042216,n01664065 61 0 396 278 ,n01664065
ILSVRC2012_val_00047746,n01665541 82 75 499 323 ,n01665541
ILSVRC2012_val_00011996,n01665541 103 99 423 271 ,n01665541
ILSVRC2012_val_00035905,n01665541 0 173 423 374 ,n01665541
ILSVRC2012_val_00034960,n01665541 0 80 320 365 ,n01665541
ILSVRC2012_val_00010669,n01665541 59 54 490 374 ,n01665541
ILSVRC2012_val_00041017,n01667114 42 59 431 332 ,n01667114
ILSVRC2012_val_00023703,n01667114 81 1 499 374 ,n01667114
ILSVRC2012_val_00012732,n01667114 84 46 499 268 ,n01667114
ILSVRC2012_val_00025567,n01667114 80 170 331 381 ,n01667114
ILSVRC2012_val_00039441,n01667114 467 199 2322 1609 ,n01667114
ILSVRC2012_val_00031774,n01667778 114 129 389 284 ,n01667778
ILSVRC2012_val_00046149,n01667778 189 152 499 328 n01667778 1 60 271 331 ,n01667778
ILSVRC2012_val_00013675,n01667778 17 23 476 394 ,n01667778
ILSVRC2012_val_00040776,n01667778 128 194 540 460 n01667778 168 20 523 224 ,n01667778
ILSVRC2012_val_00029806,n01667778 86 89 409 320 ,n01667778
ILSVRC2012_val_00038230,n01669191 160 120 419 374 ,n01669191
ILSVRC2012_val_00034794,n01669191 0 0 499 382 ,n01669191
ILSVRC2012_val_00011530,n01669191 40 40 354 278 ,n01669191
ILSVRC2012_val_00049782,n01669191 93 50 432 290 ,n01669191
ILSVRC2012_val_00049782,n01669191 93 50 432 290 ,n01669191
ILSVRC2012_val_00037626,n01675722 69 18 405 396 ,n01675722
ILSVRC2012_val_00026661,n01675722 39 40 419 287 n01675722 78 161 236 376 n01675722 226 226 391 376 ,n01675722
ILSVRC2012_val_00024545,n01675722 88 0 498 320 ,n01675722
ILSVRC2012_val_00030721,n01675722 0 95 475 279 ,n01675722
ILSVRC2012_val_00019007,n01675722 116 52 373 246 ,n01675722
ILSVRC2012_val_00033058,n01677366 165 102 498 333 ,n01677366
ILSVRC2012_val_00046407,n01677366 48 8 499 373 ,n01677366
ILSVRC2012_val_00043012,n01677366 2 74 499 312 n01677366 154 41 281 104 n01677366 377 250 495 374 ,n01677366
ILSVRC2012_val_00023555,n01677366 39 10 438 395 ,n01677366
ILSVRC2012_val_00028198,n01677366 29 20 440 328 ,n01677366
ILSVRC2012_val_00039282,n01682714 68 13 318 498 ,n01682714
ILSVRC2012_val_00043978,n01682714 0 0 279 436 ,n01682714
ILSVRC2012_val_00032129,n01682714 153 80 266 331 ,n01682714
ILSVRC2012_val_00008669,n01682714 120 7 376 399 ,n01682714
ILSVRC2012_val_00039282,n01682714 68 13 318 498 ,n01682714
ILSVRC2012_val_00005590,n01685808 0 68 478 271 ,n01685808
ILSVRC2012_val_00004757,n01685808 66 50 499 362 ,n01685808
ILSVRC2012_val_00018430,n01685808 2 63 484 237 ,n01685808
ILSVRC2012_val_00034655,n01685808 56 70 499 310 ,n01685808
ILSVRC2012_val_00041574,n01685808 65 57 499 333 ,n01685808
ILSVRC2012_val_00034122,n01687978 31 55 269 463 ,n01687978
ILSVRC2012_val_00020538,n01687978 2 25 379 334 ,n01687978
ILSVRC2012_val_00046258,n01687978 43 163 359 282 ,n01687978
ILSVRC2012_val_00012365,n01687978 136 201 399 469 ,n01687978
ILSVRC2012_val_00006859,n01687978 31 145 408 235 ,n01687978
ILSVRC2012_val_00034793,n01688243 187 24 457 398 ,n01688243
ILSVRC2012_val_00005056,n01688243 57 26 277 498 ,n01688243
ILSVRC2012_val_00030873,n01688243 129 69 315 373 ,n01688243
ILSVRC2012_val_00024946,n01688243 43 182 351 412 ,n01688243
ILSVRC2012_val_00020508,n01688243 22 0 347 321 ,n01688243
ILSVRC2012_val_00047812,n01689811 7 16 494 373 ,n01689811
ILSVRC2012_val_00036123,n01689811 0 54 433 304 ,n01689811
ILSVRC2012_val_00041730,n01689811 28 73 481 370 ,n01689811
ILSVRC2012_val_00047812,n01689811 7 16 494 373 ,n01689811
ILSVRC2012_val_00009980,n01689811 53 110 390 377 ,n01689811
ILSVRC2012_val_00013883,n01692333 106 21 499 367 ,n01692333
ILSVRC2012_val_00001475,n01692333 28 99 433 280 ,n01692333
ILSVRC2012_val_00028284,n01692333 169 147 499 374 ,n01692333
ILSVRC2012_val_00007579,n01692333 28 86 444 276 ,n01692333
ILSVRC2012_val_00006927,n01692333 107 132 452 223 ,n01692333
ILSVRC2012_val_00043578,n01693334 75 68 467 324 ,n01693334
ILSVRC2012_val_00005332,n01693334 88 54 347 354 ,n01693334
ILSVRC2012_val_00033615,n01693334 196 25 275 486 ,n01693334
ILSVRC2012_val_00033615,n01693334 196 25 275 486 ,n01693334
ILSVRC2012_val_00039203,n01693334 20 54 463 404 ,n01693334
ILSVRC2012_val_00043043,n01694178 38 202 326 461 ,n01694178
ILSVRC2012_val_00004555,n01694178 85 142 331 417 ,n01694178
ILSVRC2012_val_00020585,n01694178 280 10 499 205 ,n01694178
ILSVRC2012_val_00017490,n01694178 2 20 486 393 ,n01694178
ILSVRC2012_val_00039479,n01694178 121 65 499 300 ,n01694178
ILSVRC2012_val_00020596,n01695060 0 125 344 378 ,n01695060
ILSVRC2012_val_00027851,n01695060 0 237 465 336 ,n01695060
ILSVRC2012_val_00035102,n01695060 2 62 456 374 ,n01695060
ILSVRC2012_val_00005180,n01695060 0 79 429 299 ,n01695060
ILSVRC2012_val_00012342,n01695060 46 123 464 284 ,n01695060
ILSVRC2012_val_00022812,n01697457 1 88 476 340 ,n01697457
ILSVRC2012_val_00022812,n01697457 1 88 476 340 ,n01697457
ILSVRC2012_val_00036455,n01697457 0 82 388 308 ,n01697457
ILSVRC2012_val_00018000,n01697457 1 0 499 308 ,n01697457
ILSVRC2012_val_00008146,n01697457 56 101 310 240 ,n01697457
ILSVRC2012_val_00011243,n01698640 90 105 496 313 ,n01698640
ILSVRC2012_val_00045362,n01698640 2 163 272 308 n01698640 1 88 462 255 ,n01698640
ILSVRC2012_val_00049732,n01698640 76 105 499 288 ,n01698640
ILSVRC2012_val_00024146,n01698640 0 0 499 370 ,n01698640
ILSVRC2012_val_00010395,n01698640 87 96 329 374 ,n01698640
ILSVRC2012_val_00046649,n01704323 337 86 472 213 n01704323 227 92 365 195 ,n01704323
ILSVRC2012_val_00004921,n01704323 0 15 373 498 ,n01704323
ILSVRC2012_val_00046649,n01704323 337 86 472 213 n01704323 227 92 365 195 ,n01704323
ILSVRC2012_val_00016258,n01704323 68 0 499 297 ,n01704323
ILSVRC2012_val_00035687,n01704323 0 0 373 498 ,n01704323
ILSVRC2012_val_00037677,n01728572 52 105 428 248 ,n01728572
ILSVRC2012_val_00008399,n01728572 18 56 312 412 ,n01728572
ILSVRC2012_val_00008399,n01728572 18 56 312 412 ,n01728572
ILSVRC2012_val_00019722,n01728572 112 1 415 371 ,n01728572
ILSVRC2012_val_00015644,n01728572 4 79 454 244 ,n01728572
ILSVRC2012_val_00013215,n01728920 52 0 364 374 ,n01728920
ILSVRC2012_val_00006284,n01728920 36 60 481 363 ,n01728920
ILSVRC2012_val_00014069,n01728920 201 171 460 374 ,n01728920
ILSVRC2012_val_00032086,n01728920 0 63 499 374 ,n01728920
ILSVRC2012_val_00026018,n01728920 202 167 309 221 ,n01728920
ILSVRC2012_val_00006440,n01729322 155 92 887 675 ,n01729322
ILSVRC2012_val_00013400,n01729322 22 45 711 599 ,n01729322
ILSVRC2012_val_00006440,n01729322 155 92 887 675 ,n01729322
ILSVRC2012_val_00013400,n01729322 22 45 711 599 ,n01729322
ILSVRC2012_val_00023563,n01729322 120 65 427 582 ,n01729322
ILSVRC2012_val_00033617,n01729977 3 6 337 307 ,n01729977
ILSVRC2012_val_00005357,n01729977 63 44 269 374 ,n01729977
ILSVRC2012_val_00026583,n01729977 155 113 246 498 ,n01729977
ILSVRC2012_val_00021750,n01729977 86 71 499 239 ,n01729977
ILSVRC2012_val_00022825,n01729977 0 67 395 280 ,n01729977
ILSVRC2012_val_00019858,n01734418 0 74 499 334 ,n01734418
ILSVRC2012_val_00047216,n01734418 11 12 477 292 ,n01734418
ILSVRC2012_val_00022021,n01734418 1 5 341 333 ,n01734418
ILSVRC2012_val_00004582,n01734418 19 123 413 338 ,n01734418
ILSVRC2012_val_00022489,n01734418 0 131 432 212 ,n01734418
ILSVRC2012_val_00041743,n01735189 257 76 469 232 ,n01735189
ILSVRC2012_val_00041743,n01735189 257 76 469 232 ,n01735189
ILSVRC2012_val_00016144,n01735189 43 0 499 361 ,n01735189
ILSVRC2012_val_00029744,n01735189 4 2 271 174 ,n01735189
ILSVRC2012_val_00029744,n01735189 4 2 271 174 ,n01735189
ILSVRC2012_val_00004689,n01737021 96 161 237 373 ,n01737021
ILSVRC2012_val_00045619,n01737021 136 0 498 404 ,n01737021
ILSVRC2012_val_00021332,n01737021 174 128 259 256 ,n01737021
ILSVRC2012_val_00036587,n01737021 157 179 325 313 ,n01737021
ILSVRC2012_val_00025472,n01737021 167 137 312 380 ,n01737021
ILSVRC2012_val_00022816,n01739381 0 1 461 498 ,n01739381
ILSVRC2012_val_00045850,n01739381 0 0 499 374 ,n01739381
ILSVRC2012_val_00015794,n01739381 0 85 301 217 ,n01739381
ILSVRC2012_val_00042284,n01739381 0 59 471 322 ,n01739381
ILSVRC2012_val_00005765,n01739381 5 139 213 221 ,n01739381
ILSVRC2012_val_00012990,n01740131 0 12 440 374 ,n01740131
ILSVRC2012_val_00034612,n01740131 46 30 445 468 ,n01740131
ILSVRC2012_val_00014849,n01740131 50 124 266 287 ,n01740131
ILSVRC2012_val_00002505,n01740131 43 28 453 319 ,n01740131
ILSVRC2012_val_00014849,n01740131 50 124 266 287 ,n01740131
ILSVRC2012_val_00049311,n01742172 52 0 499 374 ,n01742172
ILSVRC2012_val_00028810,n01742172 52 7 372 491 ,n01742172
ILSVRC2012_val_00045042,n01742172 27 22 379 441 ,n01742172
ILSVRC2012_val_00021032,n01742172 115 11 304 437 ,n01742172
ILSVRC2012_val_00003298,n01742172 57 66 436 447 ,n01742172
ILSVRC2012_val_00011971,n01744401 0 44 418 403 ,n01744401
ILSVRC2012_val_00017927,n01744401 0 3 370 235 ,n01744401
ILSVRC2012_val_00002899,n01744401 0 2 483 288 ,n01744401
ILSVRC2012_val_00024341,n01744401 54 87 499 284 ,n01744401
ILSVRC2012_val_00007220,n01744401 1 1 499 373 ,n01744401
ILSVRC2012_val_00014598,n01748264 127 3 428 498 ,n01748264
ILSVRC2012_val_00041216,n01748264 349 304 459 430 ,n01748264
ILSVRC2012_val_00038671,n01748264 35 23 312 498 ,n01748264
ILSVRC2012_val_00015801,n01748264 0 105 625 499 ,n01748264
ILSVRC2012_val_00006426,n01748264 24 83 280 294 n01748264 328 33 499 84 n01748264 0 243 499 374 ,n01748264
ILSVRC2012_val_00005617,n01749939 52 41 239 251 ,n01749939
ILSVRC2012_val_00014769,n01749939 130 49 296 196 ,n01749939
ILSVRC2012_val_00022436,n01749939 125 139 353 222 n01749939 118 0 499 224 ,n01749939
ILSVRC2012_val_00038890,n01749939 2 55 488 286 ,n01749939
ILSVRC2012_val_00015698,n01749939 19 46 499 301 ,n01749939
ILSVRC2012_val_00001695,n01751748 44 118 441 259 ,n01751748
ILSVRC2012_val_00021711,n01751748 187 33 265 186 ,n01751748
ILSVRC2012_val_00025096,n01751748 126 92 260 441 ,n01751748
ILSVRC2012_val_00001607,n01751748 81 55 374 423 ,n01751748
ILSVRC2012_val_00015374,n01751748 0 125 393 385 ,n01751748
ILSVRC2012_val_00030210,n01753488 81 72 482 366 ,n01753488
ILSVRC2012_val_00046541,n01753488 4 147 476 293 ,n01753488
ILSVRC2012_val_00048041,n01753488 2 1 499 274 ,n01753488
ILSVRC2012_val_00012354,n01753488 40 0 498 273 ,n01753488
ILSVRC2012_val_00013772,n01753488 75 71 499 270 ,n01753488
ILSVRC2012_val_00038068,n01755581 1 111 499 268 ,n01755581
ILSVRC2012_val_00049975,n01755581 15 202 486 377 ,n01755581
ILSVRC2012_val_00038068,n01755581 1 111 499 268 ,n01755581
ILSVRC2012_val_00026487,n01755581 38 0 499 350 ,n01755581
ILSVRC2012_val_00030923,n01755581 27 41 474 374 ,n01755581
ILSVRC2012_val_00019270,n01756291 30 2 499 288 ,n01756291
ILSVRC2012_val_00019270,n01756291 30 2 499 288 ,n01756291
ILSVRC2012_val_00036441,n01756291 167 173 325 276 ,n01756291
ILSVRC2012_val_00042225,n01756291 247 138 405 220 ,n01756291
ILSVRC2012_val_00036901,n01756291 253 97 499 308 ,n01756291
ILSVRC2012_val_00012521,n01768244 238 257 327 346 n01768244 265 128 345 208 n01768244 165 227 287 268 ,n01768244
ILSVRC2012_val_00031802,n01768244 122 58 397 271 n01768244 14 164 135 284 n01768244 46 1 136 39 ,n01768244
ILSVRC2012_val_00038180,n01768244 37 44 440 301 ,n01768244
ILSVRC2012_val_00021025,n01768244 167 185 251 308 ,n01768244
ILSVRC2012_val_00020269,n01768244 257 70 349 247 ,n01768244
ILSVRC2012_val_00000877,n01770081 144 8 450 269 ,n01770081
ILSVRC2012_val_00014664,n01770081 1 3 498 497 ,n01770081
ILSVRC2012_val_00031952,n01770081 20 50 478 290 ,n01770081
ILSVRC2012_val_00030422,n01770081 0 0 499 342 ,n01770081
ILSVRC2012_val_00040621,n01770081 0 0 309 249 ,n01770081
ILSVRC2012_val_00031977,n01770393 14 72 423 506 ,n01770393
ILSVRC2012_val_00032992,n01770393 75 12 509 488 ,n01770393
ILSVRC2012_val_00024597,n01770393 88 19 420 342 ,n01770393
ILSVRC2012_val_00043159,n01770393 60 59 413 368 ,n01770393
ILSVRC2012_val_00046299,n01770393 92 44 455 339 ,n01770393
ILSVRC2012_val_00026786,n01773157 103 75 372 436 ,n01773157
ILSVRC2012_val_00025831,n01773157 12 1 385 498 ,n01773157
ILSVRC2012_val_00001037,n01773157 25 94 304 340 ,n01773157
ILSVRC2012_val_00024769,n01773157 162 117 699 957 ,n01773157
ILSVRC2012_val_00006165,n01773157 693 381 1110 897 ,n01773157
ILSVRC2012_val_00003431,n01773549 76 29 412 333 ,n01773549
ILSVRC2012_val_00007224,n01773549 199 108 285 228 ,n01773549
ILSVRC2012_val_00029496,n01773549 152 28 408 339 ,n01773549
ILSVRC2012_val_00007882,n01773549 9 29 1006 945 ,n01773549
ILSVRC2012_val_00040121,n01773549 50 13 395 389 ,n01773549
ILSVRC2012_val_00038272,n01773797 53 87 314 421 ,n01773797
ILSVRC2012_val_00037727,n01773797 24 20 343 405 ,n01773797
ILSVRC2012_val_00015011,n01773797 132 78 324 286 ,n01773797
ILSVRC2012_val_00039370,n01773797 87 28 445 481 ,n01773797
ILSVRC2012_val_00046384,n01773797 79 116 374 289 ,n01773797
ILSVRC2012_val_00017682,n01774384 27 65 481 342 ,n01774384
ILSVRC2012_val_00038283,n01774384 82 81 243 427 ,n01774384
ILSVRC2012_val_00029208,n01774384 111 103 422 286 ,n01774384
ILSVRC2012_val_00017909,n01774384 67 50 443 351 ,n01774384
ILSVRC2012_val_00041385,n01774384 585 126 975 954 ,n01774384
ILSVRC2012_val_00040775,n01774750 23 108 361 473 ,n01774750
ILSVRC2012_val_00042346,n01774750 16 18 492 393 ,n01774750
ILSVRC2012_val_00000934,n01774750 24 36 480 334 ,n01774750
ILSVRC2012_val_00032440,n01774750 4 2 496 374 ,n01774750
ILSVRC2012_val_00042831,n01774750 40 65 461 363 ,n01774750
ILSVRC2012_val_00026346,n01775062 47 49 674 462 ,n01775062
ILSVRC2012_val_00039557,n01775062 0 1 637 424 ,n01775062
ILSVRC2012_val_00017790,n01775062 28 114 483 434 ,n01775062
ILSVRC2012_val_00039557,n01775062 0 1 637 424 ,n01775062
ILSVRC2012_val_00002074,n01775062 3 1 798 607 ,n01775062
ILSVRC2012_val_00004722,n01776313 139 94 193 146 ,n01776313
ILSVRC2012_val_00004722,n01776313 139 94 193 146 ,n01776313
ILSVRC2012_val_00014587,n01776313 214 58 529 250 ,n01776313
ILSVRC2012_val_00007065,n01776313 2 1 111 98 ,n01776313
ILSVRC2012_val_00030444,n01776313 66 53 181 151 ,n01776313
ILSVRC2012_val_00034289,n01784675 2 122 369 472 ,n01784675
ILSVRC2012_val_00034289,n01784675 2 122 369 472 ,n01784675
ILSVRC2012_val_00015641,n01784675 214 72 430 327 ,n01784675
ILSVRC2012_val_00032970,n01784675 18 15 453 323 ,n01784675
ILSVRC2012_val_00034289,n01784675 2 122 369 472 ,n01784675
ILSVRC2012_val_00045857,n01795545 0 83 267 348 ,n01795545
ILSVRC2012_val_00007126,n01795545 248 131 333 180 ,n01795545
ILSVRC2012_val_00000075,n01795545 65 68 277 312 ,n01795545
ILSVRC2012_val_00046040,n01795545 206 103 420 225 ,n01795545
ILSVRC2012_val_00000528,n01795545 176 157 227 199 n01795545 257 158 303 197 ,n01795545
ILSVRC2012_val_00013641,n01796340 43 66 355 448 ,n01796340
ILSVRC2012_val_00022189,n01796340 63 137 216 250 ,n01796340
ILSVRC2012_val_00039113,n01796340 256 153 312 227 ,n01796340
ILSVRC2012_val_00022095,n01796340 82 203 361 442 ,n01796340
ILSVRC2012_val_00002846,n01796340 95 84 407 384 ,n01796340
ILSVRC2012_val_00035521,n01797886 0 33 478 374 ,n01797886
ILSVRC2012_val_00037408,n01797886 110 127 431 294 ,n01797886
ILSVRC2012_val_00005328,n01797886 43 53 247 451 ,n01797886
ILSVRC2012_val_00023338,n01797886 190 94 449 246 ,n01797886
ILSVRC2012_val_00047230,n01797886 30 27 348 475 ,n01797886
ILSVRC2012_val_00009583,n01798484 154 103 328 258 ,n01798484
ILSVRC2012_val_00021305,n01798484 156 79 323 283 ,n01798484
ILSVRC2012_val_00047252,n01798484 58 320 368 456 n01798484 0 10 174 216 ,n01798484
ILSVRC2012_val_00004256,n01798484 82 42 457 296 ,n01798484
ILSVRC2012_val_00046410,n01798484 57 7 266 190 n01798484 216 153 460 361 n01798484 199 110 314 223 ,n01798484
ILSVRC2012_val_00046380,n01806143 67 47 467 336 ,n01806143
ILSVRC2012_val_00012122,n01806143 75 25 373 498 ,n01806143
ILSVRC2012_val_00037892,n01806143 26 93 273 468 ,n01806143
ILSVRC2012_val_00013378,n01806143 86 88 325 276 ,n01806143
ILSVRC2012_val_00005751,n01806143 26 0 499 374 ,n01806143
ILSVRC2012_val_00013229,n01806567 84 56 466 316 n01806567 310 115 498 229 ,n01806567
ILSVRC2012_val_00028414,n01806567 98 91 254 381 n01806567 247 162 402 445 ,n01806567
ILSVRC2012_val_00018248,n01806567 274 217 476 382 n01806567 91 135 270 332 n01806567 237 161 346 308 ,n01806567
ILSVRC2012_val_00017767,n01806567 70 84 380 349 n01806567 189 117 409 377 ,n01806567
ILSVRC2012_val_00003833,n01806567 97 173 420 415 ,n01806567
ILSVRC2012_val_00000576,n01807496 75 72 388 313 ,n01807496
ILSVRC2012_val_00036675,n01807496 6 48 311 435 ,n01807496
ILSVRC2012_val_00006075,n01807496 172 98 459 255 n01807496 30 51 200 270 ,n01807496
ILSVRC2012_val_00004012,n01807496 301 209 400 304 ,n01807496
ILSVRC2012_val_00023637,n01807496 103 104 376 249 ,n01807496
ILSVRC2012_val_00023342,n01817953 4 0 498 483 ,n01817953
ILSVRC2012_val_00044884,n01817953 22 53 479 498 ,n01817953
ILSVRC2012_val_00049962,n01817953 94 63 364 372 ,n01817953
ILSVRC2012_val_00018428,n01817953 96 53 451 378 ,n01817953
ILSVRC2012_val_00022691,n01817953 30 0 433 406 ,n01817953
ILSVRC2012_val_00009857,n01818515 22 94 499 327 ,n01818515
ILSVRC2012_val_00017029,n01818515 0 49 427 402 ,n01818515
ILSVRC2012_val_00036879,n01818515 142 108 401 495 ,n01818515
ILSVRC2012_val_00009146,n01818515 8 20 417 374 ,n01818515
ILSVRC2012_val_00030148,n01818515 304 163 483 483 ,n01818515
ILSVRC2012_val_00019328,n01819313 99 99 446 319 n01819313 214 93 354 189 ,n01819313
ILSVRC2012_val_00019123,n01819313 37 12 370 374 ,n01819313
ILSVRC2012_val_00023805,n01819313 81 60 280 457 ,n01819313
ILSVRC2012_val_00047106,n01819313 61 15 261 443 ,n01819313
ILSVRC2012_val_00049682,n01819313 42 26 355 436 ,n01819313
ILSVRC2012_val_00001749,n01820546 101 2 337 319 ,n01820546
ILSVRC2012_val_00047497,n01820546 0 39 362 357 n01820546 173 179 480 344 ,n01820546
ILSVRC2012_val_00047497,n01820546 0 39 362 357 n01820546 173 179 480 344 ,n01820546
ILSVRC2012_val_00045836,n01820546 54 8 493 399 ,n01820546
ILSVRC2012_val_00042679,n01820546 1 91 240 422 n01820546 192 142 359 446 ,n01820546
ILSVRC2012_val_00041867,n01824575 132 117 282 442 ,n01824575
ILSVRC2012_val_00038638,n01824575 177 67 403 319 ,n01824575
ILSVRC2012_val_00008008,n01824575 102 18 453 371 ,n01824575
ILSVRC2012_val_00026679,n01824575 39 39 449 455 ,n01824575
ILSVRC2012_val_00000370,n01824575 186 63 406 391 ,n01824575
ILSVRC2012_val_00035127,n01828970 126 45 338 488 ,n01828970
ILSVRC2012_val_00048142,n01828970 23 126 408 498 ,n01828970
ILSVRC2012_val_00045393,n01828970 51 15 387 487 ,n01828970
ILSVRC2012_val_00002388,n01828970 266 149 456 488 n01828970 95 43 300 471 ,n01828970
ILSVRC2012_val_00042296,n01828970 57 93 335 457 ,n01828970
ILSVRC2012_val_00002100,n01829413 9 87 489 258 ,n01829413
ILSVRC2012_val_00023154,n01829413 90 76 241 487 ,n01829413
ILSVRC2012_val_00029283,n01829413 182 200 253 377 ,n01829413
ILSVRC2012_val_00004494,n01829413 44 86 484 399 ,n01829413
ILSVRC2012_val_00038476,n01829413 103 101 294 398 n01829413 224 104 355 299 ,n01829413
ILSVRC2012_val_00038443,n01833805 123 56 435 430 ,n01833805
ILSVRC2012_val_00002974,n01833805 32 57 389 398 ,n01833805
ILSVRC2012_val_00033829,n01833805 48 50 467 379 ,n01833805
ILSVRC2012_val_00038563,n01833805 165 0 496 441 n01833805 160 285 281 390 ,n01833805
ILSVRC2012_val_00002974,n01833805 32 57 389 398 ,n01833805
ILSVRC2012_val_00026232,n01843065 168 31 422 427 ,n01843065
ILSVRC2012_val_00021455,n01843065 90 40 350 498 ,n01843065
ILSVRC2012_val_00026965,n01843065 43 85 313 498 ,n01843065
ILSVRC2012_val_00011315,n01843065 96 137 380 475 ,n01843065
ILSVRC2012_val_00030507,n01843065 88 74 455 403 ,n01843065
ILSVRC2012_val_00023390,n01843383 38 33 458 395 ,n01843383
ILSVRC2012_val_00001158,n01843383 261 60 388 367 ,n01843383
ILSVRC2012_val_00015673,n01843383 36 30 341 482 ,n01843383
ILSVRC2012_val_00037244,n01843383 157 51 364 342 ,n01843383
ILSVRC2012_val_00020749,n01843383 167 135 405 289 ,n01843383
ILSVRC2012_val_00040846,n01847000 77 40 348 368 ,n01847000
ILSVRC2012_val_00036169,n01847000 76 87 397 473 ,n01847000
ILSVRC2012_val_00043195,n01847000 186 35 498 321 ,n01847000
ILSVRC2012_val_00018128,n01847000 101 74 499 374 n01847000 51 1 203 311 ,n01847000
ILSVRC2012_val_00040849,n01847000 180 120 424 265 n01847000 1 229 159 374 ,n01847000
ILSVRC2012_val_00021341,n01855032 124 67 414 275 ,n01855032
ILSVRC2012_val_00025130,n01855032 77 34 435 333 ,n01855032
ILSVRC2012_val_00025130,n01855032 77 34 435 333 ,n01855032
ILSVRC2012_val_00044677,n01855032 39 64 457 229 ,n01855032
ILSVRC2012_val_00002309,n01855032 359 235 446 279 n01855032 26 33 153 106 ,n01855032
ILSVRC2012_val_00018602,n01855672 50 236 230 354 n01855672 278 43 461 153 n01855672 30 38 223 128 n01855672 277 231 468 309 ,n01855672
ILSVRC2012_val_00042541,n01855672 52 212 168 282 n01855672 292 99 430 193 n01855672 147 146 288 218 n01855672 340 63 430 137 ,n01855672
ILSVRC2012_val_00045728,n01855672 25 80 360 421 ,n01855672
ILSVRC2012_val_00018602,n01855672 50 236 230 354 n01855672 278 43 461 153 n01855672 30 38 223 128 n01855672 277 231 468 309 ,n01855672
ILSVRC2012_val_00036423,n01855672 186 112 442 284 n01855672 2 17 278 273 ,n01855672
ILSVRC2012_val_00044422,n01860187 110 27 373 472 ,n01860187
ILSVRC2012_val_00042128,n01860187 98 68 498 489 ,n01860187
ILSVRC2012_val_00014707,n01860187 77 38 376 259 n01860187 279 216 356 276 n01860187 390 238 454 278 n01860187 189 222 277 297 n01860187 131 231 208 286 n01860187 404 212 467 256 ,n01860187
ILSVRC2012_val_00033045,n01860187 166 50 499 374 ,n01860187
ILSVRC2012_val_00044933,n01860187 21 30 436 339 ,n01860187
ILSVRC2012_val_00033331,n01871265 25 107 302 306 ,n01871265
ILSVRC2012_val_00033331,n01871265 25 107 302 306 ,n01871265
ILSVRC2012_val_00006725,n01871265 375 192 398 226 n01871265 328 201 364 244 n01871265 279 63 454 351 ,n01871265
ILSVRC2012_val_00045814,n01871265 267 109 490 286 ,n01871265
ILSVRC2012_val_00008127,n01871265 0 61 408 460 ,n01871265
ILSVRC2012_val_00045443,n01872401 0 1 329 374 ,n01872401
ILSVRC2012_val_00026471,n01872401 30 40 432 361 ,n01872401
ILSVRC2012_val_00038572,n01872401 143 70 443 254 ,n01872401
ILSVRC2012_val_00025248,n01872401 50 117 340 302 ,n01872401
ILSVRC2012_val_00045140,n01872401 97 129 315 247 ,n01872401
ILSVRC2012_val_00046962,n01873310 178 55 342 392 ,n01873310
ILSVRC2012_val_00027067,n01873310 0 57 499 282 ,n01873310
ILSVRC2012_val_00019284,n01873310 250 211 357 236 ,n01873310
ILSVRC2012_val_00015299,n01873310 119 125 258 185 ,n01873310
ILSVRC2012_val_00009671,n01873310 0 113 424 240 ,n01873310
ILSVRC2012_val_00002971,n01877812 157 4 481 379 ,n01877812
ILSVRC2012_val_00004845,n01877812 3 28 441 356 ,n01877812
ILSVRC2012_val_00001036,n01877812 9 9 225 338 n01877812 230 105 499 338 ,n01877812
ILSVRC2012_val_00033254,n01877812 0 0 404 330 ,n01877812
ILSVRC2012_val_00006821,n01877812 35 33 404 473 ,n01877812
ILSVRC2012_val_00016764,n01882714 126 22 417 371 ,n01882714
ILSVRC2012_val_00008498,n01882714 45 0 407 498 ,n01882714
ILSVRC2012_val_00032978,n01882714 87 35 328 363 ,n01882714
ILSVRC2012_val_00015072,n01882714 25 12 345 498 ,n01882714
ILSVRC2012_val_00047292,n01882714 304 40 487 188 ,n01882714
ILSVRC2012_val_00015717,n01883070 11 35 285 292 ,n01883070
ILSVRC2012_val_00043353,n01883070 127 32 475 345 ,n01883070
ILSVRC2012_val_00032044,n01883070 159 104 365 258 ,n01883070
ILSVRC2012_val_00018956,n01883070 174 84 494 281 ,n01883070
ILSVRC2012_val_00047619,n01883070 50 18 365 496 ,n01883070
ILSVRC2012_val_00033320,n01910747 94 0 407 346 n01910747 461 151 499 261 n01910747 461 353 498 373 ,n01910747
ILSVRC2012_val_00021867,n01910747 230 73 293 120 ,n01910747
ILSVRC2012_val_00039314,n01910747 82 237 261 397 n01910747 110 111 215 205 ,n01910747
ILSVRC2012_val_00028644,n01910747 149 1 344 218 ,n01910747
ILSVRC2012_val_00037518,n01910747 70 1 499 374 ,n01910747
ILSVRC2012_val_00009141,n01914609 1 0 499 374 ,n01914609
ILSVRC2012_val_00034767,n01914609 134 155 417 332 ,n01914609
ILSVRC2012_val_00014486,n01914609 37 1 472 374 ,n01914609
ILSVRC2012_val_00026966,n01914609 64 14 402 339 n01914609 0 83 106 282 n01914609 261 279 447 372 n01914609 438 0 498 61 ,n01914609
ILSVRC2012_val_00026274,n01914609 134 89 355 317 n01914609 279 309 354 374 n01914609 8 2 131 114 n01914609 10 147 89 222 n01914609 75 120 140 184 n01914609 148 32 203 98 n01914609 384 312 469 374 n01914609 226 2 253 43 ,n01914609
ILSVRC2012_val_00022983,n01917289 0 0 499 374 ,n01917289
ILSVRC2012_val_00022239,n01917289 157 141 327 303 ,n01917289
ILSVRC2012_val_00000371,n01917289 0 0 436 497 ,n01917289
ILSVRC2012_val_00001057,n01917289 0 1 373 498 ,n01917289
ILSVRC2012_val_00016646,n01917289 3 7 498 373 ,n01917289
ILSVRC2012_val_00027585,n01924916 223 139 287 229 ,n01924916
ILSVRC2012_val_00018111,n01924916 52 51 470 297 ,n01924916
ILSVRC2012_val_00016705,n01924916 116 65 349 295 ,n01924916
ILSVRC2012_val_00039672,n01924916 158 153 282 400 ,n01924916
ILSVRC2012_val_00047016,n01924916 144 94 332 240 ,n01924916
ILSVRC2012_val_00028924,n01930112 2 142 499 253 ,n01930112
ILSVRC2012_val_00026308,n01930112 25 4 499 374 n01930112 115 243 305 373 ,n01930112
ILSVRC2012_val_00038464,n01930112 292 25 499 240 n01930112 0 0 255 263 ,n01930112
ILSVRC2012_val_00012846,n01930112 2 95 499 241 n01930112 3 94 499 241 n01930112 0 0 361 152 ,n01930112
ILSVRC2012_val_00026452,n01930112 6 20 499 200 ,n01930112
ILSVRC2012_val_00039012,n01943899 1 2 500 572 ,n01943899
ILSVRC2012_val_00018485,n01943899 112 67 607 258 n01943899 52 258 533 453 ,n01943899
ILSVRC2012_val_00006713,n01943899 25 19 646 345 ,n01943899
ILSVRC2012_val_00034318,n01943899 122 35 435 276 ,n01943899
ILSVRC2012_val_00012480,n01943899 51 49 566 439 ,n01943899
ILSVRC2012_val_00046248,n01944390 21 104 475 323 ,n01944390
ILSVRC2012_val_00036200,n01944390 35 55 423 300 ,n01944390
ILSVRC2012_val_00010996,n01944390 40 108 422 314 ,n01944390
ILSVRC2012_val_00024410,n01944390 20 46 314 380 ,n01944390
ILSVRC2012_val_00022758,n01944390 1 1 444 276 ,n01944390
ILSVRC2012_val_00029563,n01945685 0 95 499 374 ,n01945685
ILSVRC2012_val_00029475,n01945685 198 80 423 195 ,n01945685
ILSVRC2012_val_00007975,n01945685 128 45 417 260 ,n01945685
ILSVRC2012_val_00035086,n01945685 42 55 488 377 ,n01945685
ILSVRC2012_val_00035202,n01945685 136 38 349 251 ,n01945685
ILSVRC2012_val_00044708,n01950731 21 49 472 394 ,n01950731
ILSVRC2012_val_00004078,n01950731 66 66 369 468 ,n01950731
ILSVRC2012_val_00029798,n01950731 53 37 342 407 ,n01950731
ILSVRC2012_val_00004078,n01950731 66 66 369 468 ,n01950731
ILSVRC2012_val_00044991,n01950731 28 10 447 399 ,n01950731
ILSVRC2012_val_00040593,n01955084 24 22 301 515 n01955084 322 17 622 521 ,n01955084
ILSVRC2012_val_00000703,n01955084 12 40 246 478 ,n01955084
ILSVRC2012_val_00046463,n01955084 48 127 760 528 ,n01955084
ILSVRC2012_val_00041103,n01955084 296 156 408 299 n01955084 288 156 407 294 ,n01955084
ILSVRC2012_val_00018435,n01955084 184 124 349 234 n01955084 183 125 349 230 n01955084 5 237 101 296 n01955084 215 47 267 120 ,n01955084
ILSVRC2012_val_00011344,n01968897 265 0 499 266 n01968897 0 0 247 272 ,n01968897
ILSVRC2012_val_00033931,n01968897 85 279 268 475 n01968897 199 40 353 233 n01968897 35 21 209 277 ,n01968897
ILSVRC2012_val_00033183,n01968897 117 63 415 326 ,n01968897
ILSVRC2012_val_00035619,n01968897 68 27 191 115 n01968897 81 48 405 319 ,n01968897
ILSVRC2012_val_00005945,n01968897 64 45 412 300 ,n01968897
ILSVRC2012_val_00048106,n01978287 117 35 464 262 ,n01978287
ILSVRC2012_val_00001449,n01978287 288 282 754 677 ,n01978287
ILSVRC2012_val_00023583,n01978287 1 144 499 374 ,n01978287
ILSVRC2012_val_00001449,n01978287 288 282 754 677 ,n01978287
ILSVRC2012_val_00003272,n01978287 29 65 624 337 ,n01978287
ILSVRC2012_val_00024885,n01978455 109 92 391 266 ,n01978455
ILSVRC2012_val_00002684,n01978455 1 40 499 352 ,n01978455
ILSVRC2012_val_00004113,n01978455 58 78 430 374 ,n01978455
ILSVRC2012_val_00034605,n01978455 7 7 362 389 ,n01978455
ILSVRC2012_val_00019510,n01978455 111 46 360 355 ,n01978455
ILSVRC2012_val_00017911,n01980166 63 123 578 442 ,n01980166
ILSVRC2012_val_00005889,n01980166 226 113 780 442 ,n01980166
ILSVRC2012_val_00003308,n01980166 78 66 524 351 ,n01980166
ILSVRC2012_val_00038526,n01980166 5 4 295 190 ,n01980166
ILSVRC2012_val_00008987,n01980166 220 116 433 347 ,n01980166
ILSVRC2012_val_00012713,n01981276 0 28 489 372 ,n01981276
ILSVRC2012_val_00000821,n01981276 0 30 498 481 n01981276 286 152 497 357 n01981276 0 33 372 263 n01981276 88 301 456 498 ,n01981276
ILSVRC2012_val_00015402,n01981276 0 0 499 381 ,n01981276
ILSVRC2012_val_00002496,n01981276 28 32 460 340 ,n01981276
ILSVRC2012_val_00004462,n01981276 76 30 463 299 ,n01981276
ILSVRC2012_val_00029434,n01983481 142 42 486 312 n01983481 0 0 376 278 n01983481 2 17 326 351 n01983481 21 2 391 59 ,n01983481
ILSVRC2012_val_00006179,n01983481 1 0 215 427 n01983481 261 44 373 285 n01983481 487 241 598 428 n01983481 217 265 473 428 n01983481 4 161 101 427 n01983481 54 20 201 204 n01983481 436 7 560 239 n01983481 308 3 428 113 n01983481 166 0 300 284 n01983481 3 2 24 215 n01983481 518 0 598 216 ,n01983481
ILSVRC2012_val_00000111,n01983481 162 237 292 325 ,n01983481
ILSVRC2012_val_00002515,n01983481 10 0 331 370 n01983481 1 334 331 498 ,n01983481
ILSVRC2012_val_00047059,n01983481 42 19 499 368 ,n01983481
ILSVRC2012_val_00022615,n01984695 70 36 499 374 ,n01984695
ILSVRC2012_val_00002243,n01984695 88 137 350 237 ,n01984695
ILSVRC2012_val_00003753,n01984695 1 71 499 398 ,n01984695
ILSVRC2012_val_00012455,n01984695 0 0 495 372 ,n01984695
ILSVRC2012_val_00022615,n01984695 70 36 499 374 ,n01984695
ILSVRC2012_val_00025510,n01985128 18 31 458 316 ,n01985128
ILSVRC2012_val_00013474,n01985128 30 49 499 324 ,n01985128
ILSVRC2012_val_00015500,n01985128 79 164 398 293 ,n01985128
ILSVRC2012_val_00032517,n01985128 68 120 449 373 ,n01985128
ILSVRC2012_val_00011978,n01985128 162 142 445 246 ,n01985128
ILSVRC2012_val_00003859,n01986214 173 111 480 304 ,n01986214
ILSVRC2012_val_00023951,n01986214 64 123 330 318 ,n01986214
ILSVRC2012_val_00029243,n01986214 35 98 383 362 ,n01986214
ILSVRC2012_val_00033876,n01986214 178 95 289 224 ,n01986214
ILSVRC2012_val_00033105,n01986214 116 168 251 279 ,n01986214
ILSVRC2012_val_00004401,n01990800 142 162 321 453 n01990800 20 286 227 476 ,n01990800
ILSVRC2012_val_00022755,n01990800 78 98 347 346 ,n01990800
ILSVRC2012_val_00003738,n01990800 60 18 366 470 ,n01990800
ILSVRC2012_val_00004401,n01990800 142 162 321 453 n01990800 20 286 227 476 ,n01990800
ILSVRC2012_val_00049411,n01990800 186 153 289 221 ,n01990800
ILSVRC2012_val_00006959,n02002556 207 102 318 176 n02002556 214 76 312 173 ,n02002556
ILSVRC2012_val_00010426,n02002556 156 168 363 361 ,n02002556
ILSVRC2012_val_00034176,n02002556 90 136 288 370 ,n02002556
ILSVRC2012_val_00048606,n02002556 175 179 229 267 ,n02002556
ILSVRC2012_val_00011848,n02002556 330 62 433 292 n02002556 87 216 196 276 ,n02002556
ILSVRC2012_val_00033578,n02002724 99 32 457 374 ,n02002724
ILSVRC2012_val_00025651,n02002724 253 94 411 247 ,n02002724
ILSVRC2012_val_00024383,n02002724 128 56 316 303 n02002724 333 11 462 332 n02002724 350 231 419 325 n02002724 128 57 318 303 n02002724 238 236 333 327 ,n02002724
ILSVRC2012_val_00030904,n02002724 208 154 249 200 ,n02002724
ILSVRC2012_val_00048908,n02002724 107 69 446 336 ,n02002724
ILSVRC2012_val_00005186,n02006656 64 0 456 386 ,n02006656
ILSVRC2012_val_00027676,n02006656 97 51 395 371 ,n02006656
ILSVRC2012_val_00017690,n02006656 59 20 472 314 n02006656 222 103 371 382 n02006656 235 24 459 381 ,n02006656
ILSVRC2012_val_00005379,n02006656 82 52 261 317 ,n02006656
ILSVRC2012_val_00005107,n02006656 48 14 370 376 ,n02006656
ILSVRC2012_val_00014770,n02007558 0 72 432 399 ,n02007558
ILSVRC2012_val_00038600,n02007558 21 16 419 470 n02007558 343 137 498 269 ,n02007558
ILSVRC2012_val_00009988,n02007558 83 1 473 478 n02007558 110 213 285 495 ,n02007558
ILSVRC2012_val_00018511,n02007558 5 110 270 398 n02007558 261 204 435 488 ,n02007558
ILSVRC2012_val_00037486,n02007558 212 53 454 401 ,n02007558
ILSVRC2012_val_00019633,n02009229 10 103 361 483 ,n02009229
ILSVRC2012_val_00041126,n02009229 72 161 302 327 ,n02009229
ILSVRC2012_val_00049488,n02009229 48 51 339 488 ,n02009229
ILSVRC2012_val_00030263,n02009229 138 131 356 492 ,n02009229
ILSVRC2012_val_00018197,n02009229 60 23 135 107 ,n02009229
ILSVRC2012_val_00010422,n02009912 153 95 436 220 ,n02009912
ILSVRC2012_val_00001891,n02009912 19 8 225 245 ,n02009912
ILSVRC2012_val_00035490,n02009912 292 89 344 322 ,n02009912
ILSVRC2012_val_00048053,n02009912 111 65 487 311 n02009912 378 335 483 399 ,n02009912
ILSVRC2012_val_00005314,n02009912 120 53 408 393 ,n02009912
ILSVRC2012_val_00000390,n02011460 52 25 265 385 ,n02011460
ILSVRC2012_val_00047736,n02011460 266 114 414 399 ,n02011460
ILSVRC2012_val_00014103,n02011460 5 102 452 399 ,n02011460
ILSVRC2012_val_00008135,n02011460 137 71 448 285 ,n02011460
ILSVRC2012_val_00000577,n02011460 134 183 389 345 ,n02011460
ILSVRC2012_val_00010138,n02012849 277 9 492 256 n02012849 11 120 270 439 ,n02012849
ILSVRC2012_val_00010138,n02012849 277 9 492 256 n02012849 11 120 270 439 ,n02012849
ILSVRC2012_val_00015450,n02012849 132 41 309 370 ,n02012849
ILSVRC2012_val_00046408,n02012849 32 52 315 443 ,n02012849
ILSVRC2012_val_00000648,n02012849 2 101 372 418 ,n02012849
ILSVRC2012_val_00022862,n02013706 18 123 378 451 n02013706 236 264 314 443 ,n02013706
ILSVRC2012_val_00011298,n02013706 103 61 453 359 ,n02013706
ILSVRC2012_val_00046015,n02013706 35 179 394 416 n02013706 95 111 437 375 ,n02013706
ILSVRC2012_val_00031304,n02013706 30 0 473 498 ,n02013706
ILSVRC2012_val_00019049,n02013706 171 156 343 366 ,n02013706
ILSVRC2012_val_00033034,n02017213 86 56 340 252 n02017213 82 256 334 440 ,n02017213
ILSVRC2012_val_00031396,n02017213 72 61 499 398 ,n02017213
ILSVRC2012_val_00012787,n02017213 72 18 386 493 ,n02017213
ILSVRC2012_val_00025091,n02017213 10 102 334 498 ,n02017213
ILSVRC2012_val_00032538,n02017213 103 136 398 412 ,n02017213
ILSVRC2012_val_00024270,n02018207 198 76 312 181 ,n02018207
ILSVRC2012_val_00008842,n02018207 23 165 383 325 ,n02018207
ILSVRC2012_val_00021459,n02018207 23 93 396 356 ,n02018207
ILSVRC2012_val_00024740,n02018207 87 81 314 350 ,n02018207
ILSVRC2012_val_00012420,n02018207 219 41 462 207 ,n02018207
ILSVRC2012_val_00018570,n02018795 107 66 405 466 ,n02018795
ILSVRC2012_val_00029551,n02018795 45 43 298 335 ,n02018795
ILSVRC2012_val_00021848,n02018795 63 96 382 498 ,n02018795
ILSVRC2012_val_00001586,n02018795 229 159 391 295 ,n02018795
ILSVRC2012_val_00003324,n02018795 112 52 368 456 ,n02018795
ILSVRC2012_val_00001800,n02025239 132 155 468 359 ,n02025239
ILSVRC2012_val_00044919,n02025239 88 80 361 305 n02025239 33 77 401 250 ,n02025239
ILSVRC2012_val_00029092,n02025239 88 102 461 313 ,n02025239
ILSVRC2012_val_00029092,n02025239 88 102 461 313 ,n02025239
ILSVRC2012_val_00003526,n02025239 73 34 491 419 ,n02025239
ILSVRC2012_val_00031225,n02027492 113 110 358 262 ,n02027492
ILSVRC2012_val_00018099,n02027492 44 57 471 368 ,n02027492
ILSVRC2012_val_00002491,n02027492 70 175 308 321 n02027492 266 40 431 185 ,n02027492
ILSVRC2012_val_00007668,n02027492 13 81 425 338 ,n02027492
ILSVRC2012_val_00002488,n02027492 46 26 411 401 n02027492 227 261 393 432 ,n02027492
ILSVRC2012_val_00002965,n02028035 40 85 410 363 ,n02028035
ILSVRC2012_val_00033216,n02028035 109 86 350 272 ,n02028035
ILSVRC2012_val_00012213,n02028035 264 197 391 291 ,n02028035
ILSVRC2012_val_00001121,n02028035 56 73 309 265 ,n02028035
ILSVRC2012_val_00006580,n02028035 150 189 386 397 ,n02028035
ILSVRC2012_val_00035363,n02033041 11 141 181 252 n02033041 269 135 443 223 n02033041 125 129 240 227 ,n02033041
ILSVRC2012_val_00023352,n02033041 40 90 460 341 ,n02033041
ILSVRC2012_val_00040942,n02033041 91 57 354 277 n02033041 101 280 356 359 ,n02033041
ILSVRC2012_val_00025241,n02033041 250 170 339 259 ,n02033041
ILSVRC2012_val_00017639,n02033041 137 142 366 291 n02033041 145 293 373 393 ,n02033041
ILSVRC2012_val_00008737,n02037110 116 86 292 267 ,n02037110
ILSVRC2012_val_00033510,n02037110 65 99 345 282 ,n02037110
ILSVRC2012_val_00026476,n02037110 110 80 447 465 ,n02037110
ILSVRC2012_val_00028025,n02037110 144 36 467 215 n02037110 102 178 356 346 ,n02037110
ILSVRC2012_val_00014991,n02037110 112 83 424 315 ,n02037110
ILSVRC2012_val_00018656,n02051845 42 27 478 326 ,n02051845
ILSVRC2012_val_00045543,n02051845 99 19 443 380 ,n02051845
ILSVRC2012_val_00041754,n02051845 0 33 423 482 ,n02051845
ILSVRC2012_val_00005363,n02051845 73 35 473 243 ,n02051845
ILSVRC2012_val_00018800,n02051845 16 43 473 456 ,n02051845
ILSVRC2012_val_00024504,n02056570 403 173 475 320 n02056570 268 224 348 338 n02056570 149 263 261 344 n02056570 270 113 334 254 n02056570 81 165 147 303 ,n02056570
ILSVRC2012_val_00008279,n02056570 248 185 363 443 n02056570 13 131 145 440 n02056570 198 86 270 243 n02056570 296 0 367 163 n02056570 116 0 143 43 n02056570 215 0 270 112 n02056570 142 217 268 453 n02056570 267 0 303 93 n02056570 0 10 66 168 n02056570 157 18 200 53 n02056570 58 16 103 98 n02056570 146 43 248 227 n02056570 145 113 198 218 n02056570 332 156 373 227 n02056570 55 0 118 47 n02056570 22 85 97 201 n02056570 92 33 177 147 n02056570 40 113 121 190 ,n02056570
ILSVRC2012_val_00011100,n02056570 32 27 296 498 ,n02056570
ILSVRC2012_val_00012523,n02056570 80 113 298 456 n02056570 298 35 393 361 n02056570 0 0 126 227 n02056570 152 0 311 171 n02056570 340 378 393 498 n02056570 231 67 340 185 ,n02056570
ILSVRC2012_val_00011100,n02056570 32 27 296 498 ,n02056570
ILSVRC2012_val_00038725,n02058221 345 178 483 249 n02058221 212 167 321 276 n02058221 267 83 347 239 ,n02058221
ILSVRC2012_val_00018871,n02058221 145 51 359 463 ,n02058221
ILSVRC2012_val_00040987,n02058221 15 143 413 461 ,n02058221
ILSVRC2012_val_00026716,n02058221 229 141 448 411 ,n02058221
ILSVRC2012_val_00026758,n02058221 95 55 365 427 ,n02058221
ILSVRC2012_val_00000016,n02066245 54 45 499 332 ,n02066245
ILSVRC2012_val_00011468,n02066245 137 161 212 256 ,n02066245
ILSVRC2012_val_00025891,n02066245 14 55 499 267 ,n02066245
ILSVRC2012_val_00008771,n02066245 51 7 450 155 n02066245 492 40 499 48 ,n02066245
ILSVRC2012_val_00008771,n02066245 51 7 450 155 n02066245 492 40 499 48 ,n02066245
ILSVRC2012_val_00024749,n02071294 259 180 499 228 n02071294 15 128 215 240 ,n02071294
ILSVRC2012_val_00026225,n02071294 32 117 248 200 n02071294 210 117 449 197 ,n02071294
ILSVRC2012_val_00035115,n02071294 343 199 475 252 n02071294 125 207 304 256 n02071294 40 194 62 241 ,n02071294
ILSVRC2012_val_00044061,n02071294 87 88 303 228 ,n02071294
ILSVRC2012_val_00024749,n02071294 259 180 499 228 n02071294 15 128 215 240 ,n02071294
ILSVRC2012_val_00004715,n02074367 43 172 499 354 ,n02074367
ILSVRC2012_val_00046218,n02074367 5 0 434 460 ,n02074367
ILSVRC2012_val_00032779,n02074367 56 0 499 304 n02074367 81 1 497 312 ,n02074367
ILSVRC2012_val_00016382,n02074367 2 86 368 251 ,n02074367
ILSVRC2012_val_00032779,n02074367 56 0 499 304 n02074367 81 1 497 312 ,n02074367
ILSVRC2012_val_00003574,n02077923 110 247 256 435 ,n02077923
ILSVRC2012_val_00032540,n02077923 11 6 381 75 n02077923 346 148 483 257 n02077923 124 125 336 230 n02077923 345 107 496 159 n02077923 6 222 213 324 ,n02077923
ILSVRC2012_val_00013809,n02077923 280 34 387 78 n02077923 198 98 344 201 n02077923 311 104 450 156 n02077923 211 169 382 337 n02077923 143 71 272 236 n02077923 68 97 141 233 n02077923 333 307 499 373 n02077923 385 251 499 301 ,n02077923
ILSVRC2012_val_00032540,n02077923 11 6 381 75 n02077923 346 148 483 257 n02077923 124 125 336 230 n02077923 345 107 496 159 n02077923 6 222 213 324 ,n02077923
ILSVRC2012_val_00003335,n02077923 0 102 321 498 ,n02077923
ILSVRC2012_val_00039439,n02085620 165 14 342 279 ,n02085620
ILSVRC2012_val_00031597,n02085620 41 1 284 373 ,n02085620
ILSVRC2012_val_00026910,n02085620 138 30 373 304 ,n02085620
ILSVRC2012_val_00026910,n02085620 138 30 373 304 ,n02085620
ILSVRC2012_val_00013195,n02085620 50 15 473 295 ,n02085620
ILSVRC2012_val_00034040,n02085782 9 110 362 285 ,n02085782
ILSVRC2012_val_00007088,n02085782 89 1 346 374 ,n02085782
ILSVRC2012_val_00028706,n02085782 152 57 460 285 ,n02085782
ILSVRC2012_val_00018296,n02085782 132 33 373 498 ,n02085782
ILSVRC2012_val_00046629,n02085782 178 74 462 317 ,n02085782
ILSVRC2012_val_00021452,n02085936 18 60 358 487 ,n02085936
ILSVRC2012_val_00024809,n02085936 157 29 335 291 ,n02085936
ILSVRC2012_val_00003723,n02085936 90 47 430 342 ,n02085936
ILSVRC2012_val_00016841,n02085936 163 0 490 264 ,n02085936
ILSVRC2012_val_00008811,n02085936 39 58 359 373 ,n02085936
ILSVRC2012_val_00002208,n02086079 160 135 416 456 ,n02086079
ILSVRC2012_val_00041043,n02086079 3 55 474 348 ,n02086079
ILSVRC2012_val_00025628,n02086079 9 85 459 311 ,n02086079
ILSVRC2012_val_00001069,n02086079 181 62 327 276 ,n02086079
ILSVRC2012_val_00013173,n02086079 0 0 494 283 ,n02086079
ILSVRC2012_val_00002769,n02086240 114 124 329 268 ,n02086240
ILSVRC2012_val_00047457,n02086240 1 55 470 400 ,n02086240
ILSVRC2012_val_00031191,n02086240 6 24 498 234 ,n02086240
ILSVRC2012_val_00033199,n02086240 11 15 494 461 ,n02086240
ILSVRC2012_val_00002769,n02086240 114 124 329 268 ,n02086240
ILSVRC2012_val_00047913,n02086646 160 121 265 296 n02086646 255 114 343 276 ,n02086646
ILSVRC2012_val_00025911,n02086646 26 28 270 239 ,n02086646
ILSVRC2012_val_00008198,n02086646 2 41 437 293 ,n02086646
ILSVRC2012_val_00011473,n02086646 4 1 498 373 ,n02086646
ILSVRC2012_val_00030518,n02086646 197 257 373 468 ,n02086646
ILSVRC2012_val_00044423,n02086910 0 0 349 314 ,n02086910
ILSVRC2012_val_00047202,n02086910 55 79 267 332 n02086910 129 34 461 316 ,n02086910
ILSVRC2012_val_00007253,n02086910 59 27 463 327 ,n02086910
ILSVRC2012_val_00018573,n02086910 62 19 416 303 ,n02086910
ILSVRC2012_val_00024887,n02086910 3 28 373 465 ,n02086910
ILSVRC2012_val_00015845,n02087046 0 0 417 374 ,n02087046
ILSVRC2012_val_00038107,n02087046 97 29 336 293 ,n02087046
ILSVRC2012_val_00046593,n02087046 105 2 645 981 ,n02087046
ILSVRC2012_val_00019128,n02087046 75 1 351 289 ,n02087046
ILSVRC2012_val_00015845,n02087046 0 0 417 374 ,n02087046
ILSVRC2012_val_00024789,n02087394 137 150 248 408 ,n02087394
ILSVRC2012_val_00044227,n02087394 113 68 281 311 ,n02087394
ILSVRC2012_val_00016510,n02087394 0 109 357 374 ,n02087394
ILSVRC2012_val_00006900,n02087394 25 75 488 386 n02087394 28 0 291 224 ,n02087394
ILSVRC2012_val_00032859,n02087394 260 151 499 375 n02087394 22 20 337 375 n02087394 0 154 144 375 n02087394 392 1 472 83 n02087394 243 9 363 131 ,n02087394
ILSVRC2012_val_00029899,n02088094 21 120 342 456 ,n02088094
ILSVRC2012_val_00036881,n02088094 56 201 387 487 ,n02088094
ILSVRC2012_val_00043993,n02088094 58 63 247 456 n02088094 240 175 432 458 ,n02088094
ILSVRC2012_val_00049878,n02088094 27 92 405 452 ,n02088094
ILSVRC2012_val_00029140,n02088094 47 23 312 487 ,n02088094
ILSVRC2012_val_00014234,n02088238 0 0 462 498 n02088238 50 130 106 221 ,n02088238
ILSVRC2012_val_00039556,n02088238 0 0 497 282 ,n02088238
ILSVRC2012_val_00014234,n02088238 0 0 462 498 n02088238 50 130 106 221 ,n02088238
ILSVRC2012_val_00004403,n02088238 3 146 240 375 n02088238 205 5 499 362 ,n02088238
ILSVRC2012_val_00040185,n02088238 91 138 338 370 n02088238 91 144 335 374 ,n02088238
ILSVRC2012_val_00032594,n02088364 151 42 431 374 ,n02088364
ILSVRC2012_val_00048273,n02088364 2 20 385 465 ,n02088364
ILSVRC2012_val_00029932,n02088364 95 16 429 488 ,n02088364
ILSVRC2012_val_00035414,n02088364 0 27 276 498 ,n02088364
ILSVRC2012_val_00032594,n02088364 151 42 431 374 ,n02088364
ILSVRC2012_val_00020740,n02088466 25 103 387 531 ,n02088466
ILSVRC2012_val_00000884,n02088466 0 0 289 170 n02088466 79 136 404 478 ,n02088466
ILSVRC2012_val_00000909,n02088466 186 114 368 374 ,n02088466
ILSVRC2012_val_00034356,n02088466 0 0 318 374 ,n02088466
ILSVRC2012_val_00003954,n02088466 0 82 322 373 ,n02088466
ILSVRC2012_val_00017259,n02088632 1 0 365 294 ,n02088632
ILSVRC2012_val_00040515,n02088632 105 48 499 332 ,n02088632
ILSVRC2012_val_00012702,n02088632 71 21 373 398 ,n02088632
ILSVRC2012_val_00029334,n02088632 62 81 477 323 ,n02088632
ILSVRC2012_val_00007493,n02088632 73 111 499 387 ,n02088632
ILSVRC2012_val_00007462,n02089078 50 98 372 498 ,n02089078
ILSVRC2012_val_00003905,n02089078 21 111 296 498 ,n02089078
ILSVRC2012_val_00025318,n02089078 145 50 794 1017 ,n02089078
ILSVRC2012_val_00018811,n02089078 251 54 425 398 ,n02089078
ILSVRC2012_val_00017673,n02089078 94 17 395 332 ,n02089078
ILSVRC2012_val_00042394,n02089867 0 22 372 497 ,n02089867
ILSVRC2012_val_00005831,n02089867 164 44 381 301 ,n02089867
ILSVRC2012_val_00046997,n02089867 174 46 479 319 ,n02089867
ILSVRC2012_val_00039788,n02089867 22 38 462 394 ,n02089867
ILSVRC2012_val_00014045,n02089867 185 76 357 322 ,n02089867
ILSVRC2012_val_00007929,n02089973 247 118 565 907 ,n02089973
ILSVRC2012_val_00038944,n02089973 47 103 276 498 ,n02089973
ILSVRC2012_val_00043580,n02089973 19 34 607 462 ,n02089973
ILSVRC2012_val_00038944,n02089973 47 103 276 498 ,n02089973
ILSVRC2012_val_00039528,n02089973 1 19 383 332 ,n02089973
ILSVRC2012_val_00015885,n02090379 51 0 358 363 ,n02090379
ILSVRC2012_val_00021575,n02090379 98 20 448 354 ,n02090379
ILSVRC2012_val_00008272,n02090379 99 48 422 315 ,n02090379
ILSVRC2012_val_00011113,n02090379 0 99 351 330 ,n02090379
ILSVRC2012_val_00017003,n02090379 34 14 276 337 n02090379 267 157 472 292 ,n02090379
ILSVRC2012_val_00016996,n02090622 44 32 423 474 ,n02090622
ILSVRC2012_val_00038649,n02090622 13 29 316 476 ,n02090622
ILSVRC2012_val_00049849,n02090622 43 25 267 398 ,n02090622
ILSVRC2012_val_00049849,n02090622 43 25 267 398 ,n02090622
ILSVRC2012_val_00009378,n02090622 17 8 548 498 ,n02090622
ILSVRC2012_val_00003363,n02090721 17 5 230 180 ,n02090721
ILSVRC2012_val_00040053,n02090721 222 180 369 350 ,n02090721
ILSVRC2012_val_00011311,n02090721 6 35 485 366 ,n02090721
ILSVRC2012_val_00022022,n02090721 100 150 1491 1179 ,n02090721
ILSVRC2012_val_00011311,n02090721 6 35 485 366 ,n02090721
ILSVRC2012_val_00026310,n02091032 98 63 361 373 ,n02091032
ILSVRC2012_val_00006054,n02091032 17 43 429 374 ,n02091032
ILSVRC2012_val_00018326,n02091032 121 128 373 495 ,n02091032
ILSVRC2012_val_00004231,n02091032 80 57 487 374 ,n02091032
ILSVRC2012_val_00002239,n02091032 36 0 287 380 ,n02091032
ILSVRC2012_val_00018035,n02091134 162 74 486 328 n02091134 28 25 364 306 n02091134 398 300 499 349 ,n02091134
ILSVRC2012_val_00003597,n02091134 122 110 423 291 n02091134 139 120 266 239 ,n02091134
ILSVRC2012_val_00007445,n02091134 104 100 428 336 n02091134 69 105 423 332 ,n02091134
ILSVRC2012_val_00002869,n02091134 51 59 417 277 ,n02091134
ILSVRC2012_val_00001846,n02091134 86 33 448 498 ,n02091134
ILSVRC2012_val_00004434,n02091244 113 23 499 254 ,n02091244
ILSVRC2012_val_00040640,n02091244 54 62 460 306 ,n02091244
ILSVRC2012_val_00017734,n02091244 93 97 397 325 n02091244 143 169 337 286 ,n02091244
ILSVRC2012_val_00018421,n02091244 73 87 269 376 ,n02091244
ILSVRC2012_val_00039847,n02091244 30 2 268 497 ,n02091244
ILSVRC2012_val_00022530,n02091467 159 40 497 298 ,n02091467
ILSVRC2012_val_00013860,n02091467 1 1 366 463 n02091467 185 276 312 412 ,n02091467
ILSVRC2012_val_00029705,n02091467 166 102 444 321 ,n02091467
ILSVRC2012_val_00012351,n02091467 88 3 366 370 ,n02091467
ILSVRC2012_val_00008229,n02091467 113 6 430 325 ,n02091467
ILSVRC2012_val_00014787,n02091635 0 30 331 498 ,n02091635
ILSVRC2012_val_00041912,n02091635 281 21 447 404 n02091635 42 105 217 465 ,n02091635
ILSVRC2012_val_00007446,n02091635 217 49 498 332 ,n02091635
ILSVRC2012_val_00049144,n02091635 52 59 339 467 ,n02091635
ILSVRC2012_val_00031693,n02091635 99 54 600 386 ,n02091635
ILSVRC2012_val_00022036,n02091831 40 80 310 296 ,n02091831
ILSVRC2012_val_00044031,n02091831 74 91 436 317 ,n02091831
ILSVRC2012_val_00040201,n02091831 81 34 287 395 ,n02091831
ILSVRC2012_val_00040650,n02091831 102 225 318 438 ,n02091831
ILSVRC2012_val_00009624,n02091831 209 83 402 314 ,n02091831
ILSVRC2012_val_00029451,n02092002 48 86 376 599 ,n02092002
ILSVRC2012_val_00020058,n02092002 348 249 554 427 n02092002 47 239 269 436 ,n02092002
ILSVRC2012_val_00029451,n02092002 48 86 376 599 ,n02092002
ILSVRC2012_val_00019120,n02092002 65 77 264 225 ,n02092002
ILSVRC2012_val_00036747,n02092002 68 21 377 372 ,n02092002
ILSVRC2012_val_00025015,n02092339 36 74 498 486 ,n02092339
ILSVRC2012_val_00001385,n02092339 133 42 371 374 ,n02092339
ILSVRC2012_val_00010657,n02092339 150 79 283 374 ,n02092339
ILSVRC2012_val_00002847,n02092339 1 46 499 331 ,n02092339
ILSVRC2012_val_00006676,n02092339 43 40 498 456 ,n02092339
ILSVRC2012_val_00035952,n02093256 27 11 483 356 ,n02093256
ILSVRC2012_val_00000248,n02093256 0 0 407 374 ,n02093256
ILSVRC2012_val_00007444,n02093256 36 63 346 452 ,n02093256
ILSVRC2012_val_00034790,n02093256 0 0 373 498 ,n02093256
ILSVRC2012_val_00027428,n02093256 171 75 429 313 ,n02093256
ILSVRC2012_val_00017823,n02093428 99 7 499 374 ,n02093428
ILSVRC2012_val_00023180,n02093428 78 9 427 327 n02093428 0 153 160 374 ,n02093428
ILSVRC2012_val_00008760,n02093428 0 0 440 498 ,n02093428
ILSVRC2012_val_00026978,n02093428 207 135 471 497 n02093428 6 15 323 498 ,n02093428
ILSVRC2012_val_00049036,n02093428 282 103 483 324 n02093428 38 63 287 359 ,n02093428
ILSVRC2012_val_00002616,n02093647 89 28 463 341 ,n02093647
ILSVRC2012_val_00040644,n02093647 160 43 436 374 ,n02093647
ILSVRC2012_val_00037111,n02093647 50 71 382 480 ,n02093647
ILSVRC2012_val_00001957,n02093647 90 36 276 398 ,n02093647
ILSVRC2012_val_00044818,n02093647 70 300 187 440 ,n02093647
ILSVRC2012_val_00014318,n02093754 102 19 447 303 ,n02093754
ILSVRC2012_val_00020865,n02093754 21 13 457 486 ,n02093754
ILSVRC2012_val_00044344,n02093754 83 97 413 294 n02093754 443 20 499 304 ,n02093754
ILSVRC2012_val_00020865,n02093754 21 13 457 486 ,n02093754
ILSVRC2012_val_00044977,n02093754 98 82 451 462 ,n02093754
ILSVRC2012_val_00040589,n02093859 57 44 579 297 ,n02093859
ILSVRC2012_val_00008502,n02093859 37 56 307 328 ,n02093859
ILSVRC2012_val_00001929,n02093859 169 92 423 374 ,n02093859
ILSVRC2012_val_00002687,n02093859 88 111 299 457 ,n02093859
ILSVRC2012_val_00014809,n02093859 0 53 474 374 ,n02093859
ILSVRC2012_val_00039027,n02093991 37 52 225 311 n02093991 126 159 478 354 ,n02093991
ILSVRC2012_val_00017905,n02093991 155 55 435 323 ,n02093991
ILSVRC2012_val_00039668,n02093991 137 26 372 482 ,n02093991
ILSVRC2012_val_00016922,n02093991 136 89 355 239 ,n02093991
ILSVRC2012_val_00025429,n02093991 0 75 472 417 ,n02093991
ILSVRC2012_val_00047331,n02094114 209 76 465 303 n02094114 83 92 222 256 ,n02094114
ILSVRC2012_val_00038328,n02094114 82 92 311 307 ,n02094114
ILSVRC2012_val_00005393,n02094114 58 45 428 467 ,n02094114
ILSVRC2012_val_00020783,n02094114 115 57 371 304 ,n02094114
ILSVRC2012_val_00000391,n02094114 93 167 285 401 ,n02094114
ILSVRC2012_val_00026042,n02094258 117 15 497 353 ,n02094258
ILSVRC2012_val_00000922,n02094258 111 1 447 348 n02094258 7 11 145 121 n02094258 117 3 236 165 ,n02094258
ILSVRC2012_val_00038911,n02094258 121 71 487 497 ,n02094258
ILSVRC2012_val_00025947,n02094258 127 93 357 332 ,n02094258
ILSVRC2012_val_00024731,n02094258 122 41 435 324 ,n02094258
ILSVRC2012_val_00006083,n02094433 89 34 360 403 ,n02094433
ILSVRC2012_val_00032240,n02094433 110 8 394 359 ,n02094433
ILSVRC2012_val_00017964,n02094433 128 63 367 248 ,n02094433
ILSVRC2012_val_00029023,n02094433 128 98 495 287 n02094433 22 63 475 217 ,n02094433
ILSVRC2012_val_00024241,n02094433 182 150 285 381 ,n02094433
ILSVRC2012_val_00031048,n02095314 194 80 468 413 n02095314 60 25 269 405 ,n02095314
ILSVRC2012_val_00036220,n02095314 43 137 337 373 ,n02095314
ILSVRC2012_val_00012471,n02095314 181 70 302 266 ,n02095314
ILSVRC2012_val_00045280,n02095314 90 55 250 401 ,n02095314
ILSVRC2012_val_00040570,n02095314 98 69 384 311 ,n02095314
ILSVRC2012_val_00041301,n02095570 78 81 373 398 ,n02095570
ILSVRC2012_val_00031096,n02095570 33 78 336 481 ,n02095570
ILSVRC2012_val_00033766,n02095570 85 68 256 440 ,n02095570
ILSVRC2012_val_00023256,n02095570 0 37 373 496 ,n02095570
ILSVRC2012_val_00046999,n02095570 191 56 440 330 ,n02095570
ILSVRC2012_val_00034239,n02095889 161 76 1794 1201 ,n02095889
ILSVRC2012_val_00014477,n02095889 43 0 399 299 ,n02095889
ILSVRC2012_val_00047487,n02095889 37 65 306 266 ,n02095889
ILSVRC2012_val_00047487,n02095889 37 65 306 266 ,n02095889
ILSVRC2012_val_00015338,n02095889 87 36 347 258 ,n02095889
ILSVRC2012_val_00008066,n02096051 21 25 273 436 ,n02096051
ILSVRC2012_val_00042855,n02096051 0 1 496 402 ,n02096051
ILSVRC2012_val_00005982,n02096051 223 156 335 308 ,n02096051
ILSVRC2012_val_00008066,n02096051 21 25 273 436 ,n02096051
ILSVRC2012_val_00009703,n02096051 2 50 379 350 ,n02096051
ILSVRC2012_val_00016484,n02096177 66 123 284 292 ,n02096177
ILSVRC2012_val_00019962,n02096177 120 3 328 374 ,n02096177
ILSVRC2012_val_00017195,n02096177 35 11 301 475 ,n02096177
ILSVRC2012_val_00044202,n02096177 68 8 471 428 ,n02096177
ILSVRC2012_val_00019962,n02096177 120 3 328 374 ,n02096177
ILSVRC2012_val_00003407,n02096294 252 94 440 363 n02096294 68 83 268 359 ,n02096294
ILSVRC2012_val_00029381,n02096294 45 16 288 485 ,n02096294
ILSVRC2012_val_00041653,n02096294 60 137 289 397 ,n02096294
ILSVRC2012_val_00039692,n02096294 59 0 499 327 ,n02096294
ILSVRC2012_val_00035298,n02096294 77 8 373 426 ,n02096294
ILSVRC2012_val_00019040,n02096437 0 0 498 419 ,n02096437
ILSVRC2012_val_00014995,n02096437 23 71 487 419 ,n02096437
ILSVRC2012_val_00014995,n02096437 23 71 487 419 ,n02096437
ILSVRC2012_val_00027490,n02096437 80 263 357 456 ,n02096437
ILSVRC2012_val_00030746,n02096437 66 68 473 350 ,n02096437
ILSVRC2012_val_00021638,n02096585 38 31 367 490 ,n02096585
ILSVRC2012_val_00036478,n02096585 130 106 372 282 ,n02096585
ILSVRC2012_val_00039926,n02096585 197 28 415 284 n02096585 11 129 231 374 n02096585 135 31 251 182 ,n02096585
ILSVRC2012_val_00045047,n02096585 157 72 379 374 ,n02096585
ILSVRC2012_val_00025424,n02096585 76 56 382 332 ,n02096585
ILSVRC2012_val_00030402,n02097047 174 65 376 373 ,n02097047
ILSVRC2012_val_00007072,n02097047 184 217 322 485 n02097047 277 14 418 414 n02097047 27 55 199 420 n02097047 392 35 496 195 ,n02097047
ILSVRC2012_val_00007072,n02097047 184 217 322 485 n02097047 277 14 418 414 n02097047 27 55 199 420 n02097047 392 35 496 195 ,n02097047
ILSVRC2012_val_00002021,n02097047 2 3 187 161 ,n02097047
ILSVRC2012_val_00008930,n02097047 35 28 332 498 ,n02097047
ILSVRC2012_val_00048355,n02097130 237 158 497 349 n02097130 0 217 178 343 ,n02097130
ILSVRC2012_val_00033856,n02097130 111 317 222 443 ,n02097130
ILSVRC2012_val_00017476,n02097130 168 81 381 283 ,n02097130
ILSVRC2012_val_00047585,n02097130 148 33 427 344 ,n02097130
ILSVRC2012_val_00040836,n02097130 52 186 224 485 ,n02097130
ILSVRC2012_val_00010720,n02097209 0 19 345 332 ,n02097209
ILSVRC2012_val_00025185,n02097209 57 1 351 498 ,n02097209
ILSVRC2012_val_00031127,n02097209 0 66 315 330 ,n02097209
ILSVRC2012_val_00006069,n02097209 235 6 418 325 n02097209 111 117 268 324 ,n02097209
ILSVRC2012_val_00009589,n02097209 64 23 391 292 ,n02097209
ILSVRC2012_val_00002313,n02097298 68 0 499 267 ,n02097298
ILSVRC2012_val_00031395,n02097298 147 52 317 470 ,n02097298
ILSVRC2012_val_00012181,n02097298 181 1 458 351 ,n02097298
ILSVRC2012_val_00009256,n02097298 246 173 301 218 n02097298 461 151 499 179 ,n02097298
ILSVRC2012_val_00012695,n02097298 114 27 364 380 ,n02097298
ILSVRC2012_val_00033285,n02097474 93 5 258 295 n02097474 253 21 441 228 ,n02097474
ILSVRC2012_val_00023596,n02097474 70 23 290 486 ,n02097474
ILSVRC2012_val_00016076,n02097474 83 140 308 403 ,n02097474
ILSVRC2012_val_00004045,n02097474 43 36 378 342 ,n02097474
ILSVRC2012_val_00023486,n02097474 37 14 364 373 ,n02097474
ILSVRC2012_val_00044453,n02097658 30 30 267 433 ,n02097658
ILSVRC2012_val_00021362,n02097658 158 377 255 431 ,n02097658
ILSVRC2012_val_00037202,n02097658 158 46 394 322 ,n02097658
ILSVRC2012_val_00034815,n02097658 128 1 332 374 ,n02097658
ILSVRC2012_val_00025289,n02097658 20 32 361 448 ,n02097658
ILSVRC2012_val_00046670,n02098105 45 68 467 359 ,n02098105
ILSVRC2012_val_00000748,n02098105 125 73 330 276 n02098105 384 0 499 52 ,n02098105
ILSVRC2012_val_00008201,n02098105 10 0 283 314 n02098105 190 97 499 321 ,n02098105
ILSVRC2012_val_00000748,n02098105 125 73 330 276 n02098105 384 0 499 52 ,n02098105
ILSVRC2012_val_00035398,n02098105 42 85 304 486 ,n02098105
ILSVRC2012_val_00024935,n02098286 143 12 433 409 ,n02098286
ILSVRC2012_val_00035944,n02098286 5 41 373 498 ,n02098286
ILSVRC2012_val_00013050,n02098286 198 38 326 263 n02098286 196 38 329 263 n02098286 0 18 151 187 n02098286 140 63 313 164 ,n02098286
ILSVRC2012_val_00024935,n02098286 143 12 433 409 ,n02098286
ILSVRC2012_val_00035333,n02098286 88 6 430 497 ,n02098286
ILSVRC2012_val_00009190,n02098413 12 0 331 497 ,n02098413
ILSVRC2012_val_00006609,n02098413 58 32 393 330 ,n02098413
ILSVRC2012_val_00045094,n02098413 0 0 384 331 ,n02098413
ILSVRC2012_val_00008639,n02098413 82 86 321 367 ,n02098413
ILSVRC2012_val_00012931,n02098413 72 124 286 311 ,n02098413
ILSVRC2012_val_00038434,n02099267 56 108 496 373 ,n02099267
ILSVRC2012_val_00038434,n02099267 56 108 496 373 ,n02099267
ILSVRC2012_val_00022333,n02099267 101 281 217 427 ,n02099267
ILSVRC2012_val_00011764,n02099267 84 5 379 374 ,n02099267
ILSVRC2012_val_00008395,n02099267 0 0 416 498 ,n02099267
ILSVRC2012_val_00023634,n02099429 100 97 404 374 ,n02099429
ILSVRC2012_val_00003061,n02099429 62 143 288 493 ,n02099429
ILSVRC2012_val_00018862,n02099429 55 16 493 313 ,n02099429
ILSVRC2012_val_00038868,n02099429 14 4 364 292 ,n02099429
ILSVRC2012_val_00019607,n02099429 87 47 488 274 ,n02099429
ILSVRC2012_val_00030385,n02099601 5 1 462 300 n02099601 186 33 499 326 ,n02099601
ILSVRC2012_val_00034237,n02099601 74 50 403 342 ,n02099601
ILSVRC2012_val_00033790,n02099601 92 12 451 383 ,n02099601
ILSVRC2012_val_00034237,n02099601 74 50 403 342 ,n02099601
ILSVRC2012_val_00021654,n02099601 58 207 370 498 ,n02099601
ILSVRC2012_val_00046817,n02099712 0 0 378 362 ,n02099712
ILSVRC2012_val_00009895,n02099712 223 0 498 402 n02099712 0 169 266 402 ,n02099712
ILSVRC2012_val_00006473,n02099712 85 35 292 227 ,n02099712
ILSVRC2012_val_00003726,n02099712 56 5 357 496 ,n02099712
ILSVRC2012_val_00046817,n02099712 0 0 378 362 ,n02099712
ILSVRC2012_val_00028702,n02099849 36 80 353 322 ,n02099849
ILSVRC2012_val_00022066,n02099849 55 76 285 468 ,n02099849
ILSVRC2012_val_00010702,n02099849 127 12 342 420 ,n02099849
ILSVRC2012_val_00019468,n02099849 0 34 498 253 ,n02099849
ILSVRC2012_val_00023561,n02099849 1 18 499 374 ,n02099849
ILSVRC2012_val_00004477,n02100236 82 172 185 320 ,n02100236
ILSVRC2012_val_00010537,n02100236 145 26 418 239 ,n02100236
ILSVRC2012_val_00011689,n02100236 117 93 294 461 ,n02100236
ILSVRC2012_val_00008587,n02100236 44 23 447 233 ,n02100236
ILSVRC2012_val_00019138,n02100236 61 98 261 441 ,n02100236
ILSVRC2012_val_00007972,n02100583 101 130 494 374 ,n02100583
ILSVRC2012_val_00045217,n02100583 7 127 452 234 ,n02100583
ILSVRC2012_val_00008458,n02100583 160 127 499 374 n02100583 0 246 247 374 n02100583 168 237 218 292 ,n02100583
ILSVRC2012_val_00047728,n02100583 97 0 499 250 ,n02100583
ILSVRC2012_val_00011699,n02100583 153 92 288 327 ,n02100583
ILSVRC2012_val_00004797,n02100735 52 143 331 497 ,n02100735
ILSVRC2012_val_00046878,n02100735 2 157 294 348 n02100735 280 175 484 291 ,n02100735
ILSVRC2012_val_00034436,n02100735 92 0 499 253 n02100735 0 1 310 374 ,n02100735
ILSVRC2012_val_00006445,n02100735 100 107 331 498 ,n02100735
ILSVRC2012_val_00049586,n02100735 8 36 742 499 ,n02100735
ILSVRC2012_val_00029353,n02100877 112 36 362 245 ,n02100877
ILSVRC2012_val_00032186,n02100877 45 1 499 374 ,n02100877
ILSVRC2012_val_00012067,n02100877 21 23 398 498 ,n02100877
ILSVRC2012_val_00025479,n02100877 1 3 499 374 ,n02100877
ILSVRC2012_val_00007595,n02100877 117 27 391 374 ,n02100877
ILSVRC2012_val_00024179,n02101006 83 57 499 373 ,n02101006
ILSVRC2012_val_00024179,n02101006 83 57 499 373 ,n02101006
ILSVRC2012_val_00016804,n02101006 46 7 491 272 n02101006 110 71 371 203 ,n02101006
ILSVRC2012_val_00016085,n02101006 26 15 498 436 ,n02101006
ILSVRC2012_val_00019013,n02101006 179 108 318 360 n02101006 407 113 499 266 n02101006 91 232 176 331 ,n02101006
ILSVRC2012_val_00027526,n02101388 94 54 344 374 ,n02101388
ILSVRC2012_val_00010963,n02101388 1 1 482 374 ,n02101388
ILSVRC2012_val_00022908,n02101388 1 95 438 374 ,n02101388
ILSVRC2012_val_00017331,n02101388 60 43 333 374 ,n02101388
ILSVRC2012_val_00011777,n02101388 9 0 498 373 ,n02101388
ILSVRC2012_val_00019919,n02101556 55 28 419 326 ,n02101556
ILSVRC2012_val_00048439,n02101556 2 121 373 498 ,n02101556
ILSVRC2012_val_00025471,n02101556 127 25 499 374 ,n02101556
ILSVRC2012_val_00025551,n02101556 2 31 469 399 ,n02101556
ILSVRC2012_val_00030540,n02101556 28 56 495 394 ,n02101556
ILSVRC2012_val_00036282,n02102040 1 0 428 466 ,n02102040
ILSVRC2012_val_00021205,n02102040 52 54 393 372 ,n02102040
ILSVRC2012_val_00016768,n02102040 94 1 498 365 ,n02102040
ILSVRC2012_val_00008162,n02102040 33 0 283 461 ,n02102040
ILSVRC2012_val_00032959,n02102040 26 2 486 447 ,n02102040
ILSVRC2012_val_00025704,n02102177 48 48 434 325 ,n02102177
ILSVRC2012_val_00028131,n02102177 178 80 392 249 ,n02102177
ILSVRC2012_val_00024075,n02102177 130 56 390 345 ,n02102177
ILSVRC2012_val_00025493,n02102177 21 33 499 374 ,n02102177
ILSVRC2012_val_00040353,n02102177 59 12 485 364 ,n02102177
ILSVRC2012_val_00017713,n02102318 25 2 499 316 ,n02102318
ILSVRC2012_val_00045827,n02102318 31 124 464 317 ,n02102318
ILSVRC2012_val_00016445,n02102318 126 24 450 331 ,n02102318
ILSVRC2012_val_00018596,n02102318 86 12 427 332 ,n02102318
ILSVRC2012_val_00026152,n02102318 65 186 253 333 n02102318 223 199 335 265 ,n02102318
ILSVRC2012_val_00030820,n02102480 32 53 297 443 ,n02102480
ILSVRC2012_val_00008148,n02102480 0 33 420 295 ,n02102480
ILSVRC2012_val_00029295,n02102480 307 208 466 313 n02102480 1 199 162 311 n02102480 272 138 344 199 n02102480 438 148 478 195 n02102480 103 135 174 195 n02102480 0 149 38 196 ,n02102480
ILSVRC2012_val_00029295,n02102480 307 208 466 313 n02102480 1 199 162 311 n02102480 272 138 344 199 n02102480 438 148 478 195 n02102480 103 135 174 195 n02102480 0 149 38 196 ,n02102480
ILSVRC2012_val_00030226,n02102480 237 169 335 306 n02102480 453 80 498 136 n02102480 299 57 336 89 ,n02102480
ILSVRC2012_val_00003628,n02102973 52 63 289 411 n02102973 370 133 498 417 n02102973 218 19 398 359 ,n02102973
ILSVRC2012_val_00009130,n02102973 0 3 374 498 ,n02102973
ILSVRC2012_val_00003832,n02102973 228 24 447 298 n02102973 0 75 223 298 ,n02102973
ILSVRC2012_val_00047110,n02102973 68 25 322 483 ,n02102973
ILSVRC2012_val_00003006,n02102973 68 37 386 405 ,n02102973
ILSVRC2012_val_00019060,n02104029 46 21 499 374 ,n02104029
ILSVRC2012_val_00004100,n02104029 39 76 418 314 ,n02104029
ILSVRC2012_val_00027086,n02104029 1 0 317 374 n02104029 181 62 499 373 ,n02104029
ILSVRC2012_val_00000507,n02104029 131 116 384 267 ,n02104029
ILSVRC2012_val_00040772,n02104029 13 41 396 292 ,n02104029
ILSVRC2012_val_00008664,n02104365 82 37 327 374 ,n02104365
ILSVRC2012_val_00045919,n02104365 51 46 340 374 ,n02104365
ILSVRC2012_val_00035571,n02104365 308 10 453 321 ,n02104365
ILSVRC2012_val_00005937,n02104365 1 1 359 304 ,n02104365
ILSVRC2012_val_00005937,n02104365 1 1 359 304 ,n02104365
ILSVRC2012_val_00048051,n02105056 0 7 354 374 ,n02105056
ILSVRC2012_val_00017554,n02105056 0 29 499 374 ,n02105056
ILSVRC2012_val_00007183,n02105056 76 271 327 467 ,n02105056
ILSVRC2012_val_00032418,n02105056 48 67 372 457 ,n02105056
ILSVRC2012_val_00019294,n02105056 10 1 441 492 ,n02105056
ILSVRC2012_val_00033785,n02105162 73 19 333 373 ,n02105162
ILSVRC2012_val_00018087,n02105162 41 99 417 280 ,n02105162
ILSVRC2012_val_00011323,n02105162 51 56 492 286 ,n02105162
ILSVRC2012_val_00043021,n02105162 76 62 498 336 ,n02105162
ILSVRC2012_val_00013248,n02105162 157 41 258 323 ,n02105162
ILSVRC2012_val_00020177,n02105251 12 6 238 208 ,n02105251
ILSVRC2012_val_00004938,n02105251 24 53 468 418 ,n02105251
ILSVRC2012_val_00019559,n02105251 33 19 160 236 ,n02105251
ILSVRC2012_val_00046477,n02105251 18 26 286 482 ,n02105251
ILSVRC2012_val_00046402,n02105251 195 53 428 331 ,n02105251
ILSVRC2012_val_00010768,n02105412 30 110 225 410 ,n02105412
ILSVRC2012_val_00013303,n02105412 96 42 391 347 ,n02105412
ILSVRC2012_val_00041416,n02105412 44 21 323 301 ,n02105412
ILSVRC2012_val_00043275,n02105412 239 41 385 346 n02105412 114 41 233 344 ,n02105412
ILSVRC2012_val_00043275,n02105412 239 41 385 346 n02105412 114 41 233 344 ,n02105412
ILSVRC2012_val_00029214,n02105505 53 0 498 526 ,n02105505
ILSVRC2012_val_00008044,n02105505 81 3 235 151 ,n02105505
ILSVRC2012_val_00026536,n02105505 94 125 401 306 ,n02105505
ILSVRC2012_val_00034880,n02105505 199 42 772 589 ,n02105505
ILSVRC2012_val_00027643,n02105505 200 1 415 331 ,n02105505
ILSVRC2012_val_00004361,n02105641 18 60 487 349 ,n02105641
ILSVRC2012_val_00006393,n02105641 41 34 386 312 ,n02105641
ILSVRC2012_val_00012930,n02105641 13 0 382 478 ,n02105641
ILSVRC2012_val_00046310,n02105641 25 102 311 476 ,n02105641
ILSVRC2012_val_00003413,n02105641 35 18 373 423 ,n02105641
ILSVRC2012_val_00001963,n02105855 103 0 427 296 ,n02105855
ILSVRC2012_val_00015329,n02105855 3 63 284 374 ,n02105855
ILSVRC2012_val_00021249,n02105855 39 72 419 353 ,n02105855
ILSVRC2012_val_00048859,n02105855 68 59 499 257 ,n02105855
ILSVRC2012_val_00003872,n02105855 21 12 376 498 ,n02105855
ILSVRC2012_val_00038789,n02106030 3 15 499 374 ,n02106030
ILSVRC2012_val_00009055,n02106030 73 36 315 498 ,n02106030
ILSVRC2012_val_00033642,n02106030 147 97 499 279 ,n02106030
ILSVRC2012_val_00039761,n02106030 146 60 368 337 ,n02106030
ILSVRC2012_val_00007682,n02106030 175 93 414 284 ,n02106030
ILSVRC2012_val_00029436,n02106166 13 25 462 481 ,n02106166
ILSVRC2012_val_00031093,n02106166 105 12 419 374 ,n02106166
ILSVRC2012_val_00036445,n02106166 16 2 497 422 ,n02106166
ILSVRC2012_val_00007632,n02106166 68 181 270 374 n02106166 247 56 469 374 ,n02106166
ILSVRC2012_val_00032336,n02106166 46 18 460 490 ,n02106166
ILSVRC2012_val_00019712,n02106382 1 40 354 392 ,n02106382
ILSVRC2012_val_00032290,n02106382 118 23 410 301 ,n02106382
ILSVRC2012_val_00022590,n02106382 102 86 260 383 ,n02106382
ILSVRC2012_val_00035562,n02106382 57 39 426 373 ,n02106382
ILSVRC2012_val_00007165,n02106382 29 50 485 342 ,n02106382
ILSVRC2012_val_00019353,n02106550 31 119 344 374 ,n02106550
ILSVRC2012_val_00022664,n02106550 21 18 498 374 ,n02106550
ILSVRC2012_val_00010059,n02106550 58 105 251 341 ,n02106550
ILSVRC2012_val_00047499,n02106550 38 11 481 374 ,n02106550
ILSVRC2012_val_00028736,n02106550 20 68 352 498 ,n02106550
ILSVRC2012_val_00024896,n02106662 15 41 373 498 ,n02106662
ILSVRC2012_val_00013963,n02106662 91 128 262 495 ,n02106662
ILSVRC2012_val_00009534,n02106662 44 89 468 293 ,n02106662
ILSVRC2012_val_00031857,n02106662 1 0 343 498 ,n02106662
ILSVRC2012_val_00012924,n02106662 198 13 478 348 ,n02106662
ILSVRC2012_val_00017646,n02107142 112 35 356 407 ,n02107142
ILSVRC2012_val_00043835,n02107142 153 63 376 336 ,n02107142
ILSVRC2012_val_00047225,n02107142 28 77 271 253 ,n02107142
ILSVRC2012_val_00037197,n02107142 115 47 379 498 ,n02107142
ILSVRC2012_val_00006675,n02107142 91 28 397 376 ,n02107142
ILSVRC2012_val_00012146,n02107312 220 0 499 374 ,n02107312
ILSVRC2012_val_00044075,n02107312 29 8 465 345 ,n02107312
ILSVRC2012_val_00023016,n02107312 87 12 391 374 ,n02107312
ILSVRC2012_val_00027983,n02107312 99 1 471 334 ,n02107312
ILSVRC2012_val_00037164,n02107312 0 0 335 333 ,n02107312
ILSVRC2012_val_00031623,n02107574 0 1 441 350 ,n02107574
ILSVRC2012_val_00031623,n02107574 0 1 441 350 ,n02107574
ILSVRC2012_val_00046704,n02107574 100 83 494 498 ,n02107574
ILSVRC2012_val_00045495,n02107574 279 112 499 374 ,n02107574
ILSVRC2012_val_00020550,n02107574 29 7 475 391 ,n02107574
ILSVRC2012_val_00004763,n02107683 73 20 473 374 ,n02107683
ILSVRC2012_val_00049893,n02107683 193 60 497 374 ,n02107683
ILSVRC2012_val_00005175,n02107683 0 95 257 249 n02107683 168 94 412 272 ,n02107683
ILSVRC2012_val_00029946,n02107683 185 145 312 372 ,n02107683
ILSVRC2012_val_00010786,n02107683 232 40 499 373 n02107683 412 1 476 37 n02107683 184 0 254 59 ,n02107683
ILSVRC2012_val_00034410,n02107908 87 50 351 308 ,n02107908
ILSVRC2012_val_00045984,n02107908 0 93 416 374 ,n02107908
ILSVRC2012_val_00011242,n02107908 153 345 276 438 ,n02107908
ILSVRC2012_val_00045080,n02107908 93 116 373 498 ,n02107908
ILSVRC2012_val_00042344,n02107908 0 66 392 374 ,n02107908
ILSVRC2012_val_00048383,n02108000 52 125 366 629 ,n02108000
ILSVRC2012_val_00027751,n02108000 200 160 449 345 n02108000 142 47 275 294 ,n02108000
ILSVRC2012_val_00049574,n02108000 45 16 149 127 ,n02108000
ILSVRC2012_val_00005854,n02108000 12 44 263 268 ,n02108000
ILSVRC2012_val_00018779,n02108000 8 21 137 191 ,n02108000
ILSVRC2012_val_00003522,n02108089 161 23 389 370 ,n02108089
ILSVRC2012_val_00016857,n02108089 12 22 315 497 ,n02108089
ILSVRC2012_val_00043791,n02108089 0 2 399 374 ,n02108089
ILSVRC2012_val_00031818,n02108089 95 76 453 433 ,n02108089
ILSVRC2012_val_00016416,n02108089 55 56 464 456 ,n02108089
ILSVRC2012_val_00038455,n02108422 84 92 499 344 ,n02108422
ILSVRC2012_val_00017599,n02108422 2 53 410 498 ,n02108422
ILSVRC2012_val_00014755,n02108422 10 20 252 497 ,n02108422
ILSVRC2012_val_00035569,n02108422 118 21 318 422 ,n02108422
ILSVRC2012_val_00043641,n02108422 141 41 499 374 ,n02108422
ILSVRC2012_val_00046776,n02108551 32 57 386 498 ,n02108551
ILSVRC2012_val_00038231,n02108551 91 0 368 385 ,n02108551
ILSVRC2012_val_00047566,n02108551 6 12 498 488 ,n02108551
ILSVRC2012_val_00045734,n02108551 45 2 351 480 ,n02108551
ILSVRC2012_val_00008196,n02108551 19 11 486 421 ,n02108551
ILSVRC2012_val_00021224,n02108915 146 51 391 338 ,n02108915
ILSVRC2012_val_00027433,n02108915 56 39 366 327 ,n02108915
ILSVRC2012_val_00003938,n02108915 156 182 331 375 ,n02108915
ILSVRC2012_val_00017762,n02108915 102 35 442 276 ,n02108915
ILSVRC2012_val_00024389,n02108915 145 12 351 310 ,n02108915
ILSVRC2012_val_00045195,n02109047 73 37 441 478 ,n02109047
ILSVRC2012_val_00002330,n02109047 10 5 498 469 ,n02109047
ILSVRC2012_val_00003836,n02109047 33 46 487 401 n02109047 38 64 498 401 ,n02109047
ILSVRC2012_val_00018866,n02109047 31 78 418 477 ,n02109047
ILSVRC2012_val_00004731,n02109047 93 91 350 313 ,n02109047
ILSVRC2012_val_00013885,n02109525 151 70 331 374 ,n02109525
ILSVRC2012_val_00043282,n02109525 272 209 438 478 ,n02109525
ILSVRC2012_val_00007813,n02109525 116 130 364 316 ,n02109525
ILSVRC2012_val_00011784,n02109525 153 125 470 297 ,n02109525
ILSVRC2012_val_00025620,n02109525 45 23 431 374 ,n02109525
ILSVRC2012_val_00009157,n02109961 100 8 498 402 ,n02109961
ILSVRC2012_val_00024429,n02109961 88 20 297 466 ,n02109961
ILSVRC2012_val_00021744,n02109961 81 28 233 498 ,n02109961
ILSVRC2012_val_00024818,n02109961 15 1 499 399 ,n02109961
ILSVRC2012_val_00049841,n02109961 54 11 498 404 ,n02109961
ILSVRC2012_val_00021051,n02110063 1 89 161 374 n02110063 170 64 304 374 n02110063 305 111 499 366 ,n02110063
ILSVRC2012_val_00034036,n02110063 79 130 231 345 n02110063 232 144 339 318 ,n02110063
ILSVRC2012_val_00042409,n02110063 17 87 373 497 ,n02110063
ILSVRC2012_val_00003745,n02110063 29 33 469 366 ,n02110063
ILSVRC2012_val_00019519,n02110063 96 86 286 425 ,n02110063
ILSVRC2012_val_00031687,n02110185 2 0 382 492 ,n02110185
ILSVRC2012_val_00023437,n02110185 73 98 330 273 ,n02110185
ILSVRC2012_val_00026086,n02110185 88 0 438 374 ,n02110185
ILSVRC2012_val_00034263,n02110185 10 1 454 374 ,n02110185
ILSVRC2012_val_00024432,n02110185 26 44 301 365 ,n02110185
ILSVRC2012_val_00034465,n02110341 46 41 411 276 ,n02110341
ILSVRC2012_val_00048779,n02110341 179 53 370 374 ,n02110341
ILSVRC2012_val_00025903,n02110341 82 24 400 345 ,n02110341
ILSVRC2012_val_00048427,n02110341 303 49 465 332 ,n02110341
ILSVRC2012_val_00016990,n02110341 1 75 372 436 ,n02110341
ILSVRC2012_val_00022578,n02110627 0 1 268 285 ,n02110627
ILSVRC2012_val_00025949,n02110627 2 17 366 495 ,n02110627
ILSVRC2012_val_00032592,n02110627 36 19 317 310 ,n02110627
ILSVRC2012_val_00045250,n02110627 58 94 417 469 ,n02110627
ILSVRC2012_val_00030018,n02110627 223 2 499 399 n02110627 2 36 252 399 ,n02110627
ILSVRC2012_val_00001344,n02110806 64 23 456 373 ,n02110806
ILSVRC2012_val_00006535,n02110806 12 2 401 498 ,n02110806
ILSVRC2012_val_00012221,n02110806 287 135 422 374 n02110806 159 127 293 371 ,n02110806
ILSVRC2012_val_00034075,n02110806 75 0 498 498 ,n02110806
ILSVRC2012_val_00012221,n02110806 287 135 422 374 n02110806 159 127 293 371 ,n02110806
ILSVRC2012_val_00013670,n02110958 0 3 420 374 ,n02110958
ILSVRC2012_val_00013653,n02110958 0 26 452 374 ,n02110958
ILSVRC2012_val_00024249,n02110958 105 43 483 498 ,n02110958
ILSVRC2012_val_00028408,n02110958 251 128 458 331 ,n02110958
ILSVRC2012_val_00000220,n02110958 0 1 254 374 n02110958 92 30 490 357 ,n02110958
ILSVRC2012_val_00025253,n02111129 1 37 427 401 ,n02111129
ILSVRC2012_val_00049245,n02111129 75 49 499 390 ,n02111129
ILSVRC2012_val_00033357,n02111129 52 32 439 467 ,n02111129
ILSVRC2012_val_00042400,n02111129 253 131 390 367 n02111129 46 108 198 363 ,n02111129
ILSVRC2012_val_00040802,n02111129 26 19 461 389 ,n02111129
ILSVRC2012_val_00032188,n02111277 62 44 456 453 ,n02111277
ILSVRC2012_val_00012617,n02111277 6 50 434 416 ,n02111277
ILSVRC2012_val_00036716,n02111277 0 32 356 497 ,n02111277
ILSVRC2012_val_00032047,n02111277 26 112 231 498 ,n02111277
ILSVRC2012_val_00043152,n02111277 63 9 499 374 ,n02111277
ILSVRC2012_val_00003794,n02111500 126 134 470 374 n02111500 93 91 202 206 ,n02111500
ILSVRC2012_val_00028742,n02111500 0 29 480 341 ,n02111500
ILSVRC2012_val_00041406,n02111500 73 40 420 356 ,n02111500
ILSVRC2012_val_00048125,n02111500 114 123 308 290 n02111500 300 103 415 256 ,n02111500
ILSVRC2012_val_00043270,n02111500 46 53 447 344 ,n02111500
ILSVRC2012_val_00022032,n02111889 0 13 270 491 n02111889 192 6 440 486 ,n02111889
ILSVRC2012_val_00022543,n02111889 188 14 499 333 ,n02111889
ILSVRC2012_val_00041377,n02111889 183 29 359 335 ,n02111889
ILSVRC2012_val_00022032,n02111889 0 13 270 491 n02111889 192 6 440 486 ,n02111889
ILSVRC2012_val_00022032,n02111889 0 13 270 491 n02111889 192 6 440 486 ,n02111889
ILSVRC2012_val_00040463,n02112018 0 3 495 495 ,n02112018
ILSVRC2012_val_00033626,n02112018 83 86 477 355 ,n02112018
ILSVRC2012_val_00019822,n02112018 31 95 428 460 ,n02112018
ILSVRC2012_val_00019415,n02112018 25 52 303 455 ,n02112018
ILSVRC2012_val_00003583,n02112018 31 36 328 482 ,n02112018
ILSVRC2012_val_00033672,n02112137 5 16 579 743 ,n02112137
ILSVRC2012_val_00015350,n02112137 182 17 489 348 ,n02112137
ILSVRC2012_val_00034735,n02112137 142 2 499 276 ,n02112137
ILSVRC2012_val_00042148,n02112137 6 35 376 336 ,n02112137
ILSVRC2012_val_00006416,n02112137 65 131 183 305 ,n02112137
ILSVRC2012_val_00029253,n02112350 40 22 453 388 ,n02112350
ILSVRC2012_val_00023816,n02112350 147 94 342 312 ,n02112350
ILSVRC2012_val_00023816,n02112350 147 94 342 312 ,n02112350
ILSVRC2012_val_00016303,n02112350 90 209 749 602 ,n02112350
ILSVRC2012_val_00014547,n02112350 0 91 432 304 n02112350 1 92 430 372 ,n02112350
ILSVRC2012_val_00024462,n02112706 48 41 499 332 ,n02112706
ILSVRC2012_val_00001568,n02112706 136 36 499 332 ,n02112706
ILSVRC2012_val_00037323,n02112706 4 2 440 285 ,n02112706
ILSVRC2012_val_00028694,n02112706 49 117 468 278 ,n02112706
ILSVRC2012_val_00013524,n02112706 70 202 641 1005 ,n02112706
ILSVRC2012_val_00017199,n02113023 133 153 232 277 n02113023 300 145 382 266 ,n02113023
ILSVRC2012_val_00041098,n02113023 244 63 427 241 ,n02113023
ILSVRC2012_val_00002484,n02113023 106 148 408 299 n02113023 1 2 225 286 ,n02113023
ILSVRC2012_val_00011368,n02113023 81 38 448 329 ,n02113023
ILSVRC2012_val_00026944,n02113023 120 153 383 306 ,n02113023
ILSVRC2012_val_00034574,n02113186 78 72 226 273 n02113186 200 78 464 251 ,n02113186
ILSVRC2012_val_00029799,n02113186 247 47 371 285 ,n02113186
ILSVRC2012_val_00044672,n02113186 7 6 304 283 ,n02113186
ILSVRC2012_val_00031206,n02113186 98 63 387 304 ,n02113186
ILSVRC2012_val_00013355,n02113186 113 0 451 296 ,n02113186
ILSVRC2012_val_00012610,n02113624 157 0 495 257 ,n02113624
ILSVRC2012_val_00006887,n02113624 73 37 244 242 n02113624 0 308 210 498 ,n02113624
ILSVRC2012_val_00004852,n02113624 99 25 470 374 ,n02113624
ILSVRC2012_val_00014957,n02113624 63 0 424 334 ,n02113624
ILSVRC2012_val_00020793,n02113624 51 71 373 256 ,n02113624
ILSVRC2012_val_00026000,n02113712 81 29 384 350 ,n02113712
ILSVRC2012_val_00029375,n02113712 0 43 357 332 ,n02113712
ILSVRC2012_val_00031963,n02113712 56 1 310 328 ,n02113712
ILSVRC2012_val_00020512,n02113712 91 147 270 417 ,n02113712
ILSVRC2012_val_00049115,n02113712 8 0 459 325 ,n02113712
ILSVRC2012_val_00005936,n02113799 60 47 410 486 ,n02113799
ILSVRC2012_val_00021171,n02113799 0 0 400 498 ,n02113799
ILSVRC2012_val_00034908,n02113799 156 118 342 467 n02113799 99 236 375 396 ,n02113799
ILSVRC2012_val_00022881,n02113799 61 123 305 450 ,n02113799
ILSVRC2012_val_00021801,n02113799 190 60 498 449 n02113799 0 215 204 449 ,n02113799
ILSVRC2012_val_00014711,n02113978 4 13 638 477 ,n02113978
ILSVRC2012_val_00018141,n02113978 660 150 2527 1735 ,n02113978
ILSVRC2012_val_00030255,n02113978 90 118 499 301 n02113978 7 92 339 214 ,n02113978
ILSVRC2012_val_00037767,n02113978 84 166 765 773 ,n02113978
ILSVRC2012_val_00028425,n02113978 75 208 375 389 n02113978 123 104 330 278 ,n02113978
ILSVRC2012_val_00027497,n02114367 6 61 236 329 ,n02114367
ILSVRC2012_val_00012840,n02114367 67 97 297 448 ,n02114367
ILSVRC2012_val_00045453,n02114367 74 88 841 666 n02114367 726 383 958 666 ,n02114367
ILSVRC2012_val_00017773,n02114367 298 104 785 473 ,n02114367
ILSVRC2012_val_00002259,n02114367 135 61 498 468 ,n02114367
ILSVRC2012_val_00009539,n02114548 147 54 293 330 ,n02114548
ILSVRC2012_val_00042172,n02114548 101 99 368 313 ,n02114548
ILSVRC2012_val_00048997,n02114548 0 71 331 498 ,n02114548
ILSVRC2012_val_00017957,n02114548 33 200 224 285 n02114548 113 80 369 190 ,n02114548
ILSVRC2012_val_00020708,n02114548 57 16 384 485 ,n02114548
ILSVRC2012_val_00009312,n02114712 16 54 378 474 ,n02114712
ILSVRC2012_val_00025448,n02114712 708 528 1691 1623 ,n02114712
ILSVRC2012_val_00041914,n02114712 105 47 325 331 ,n02114712
ILSVRC2012_val_00013985,n02114712 83 105 728 650 ,n02114712
ILSVRC2012_val_00009312,n02114712 16 54 378 474 ,n02114712
ILSVRC2012_val_00026869,n02114855 66 41 499 331 ,n02114855
ILSVRC2012_val_00026228,n02114855 116 22 271 197 ,n02114855
ILSVRC2012_val_00038396,n02114855 956 317 1305 1151 ,n02114855
ILSVRC2012_val_00004869,n02114855 248 46 438 245 ,n02114855
ILSVRC2012_val_00045318,n02114855 6 19 93 87 ,n02114855
ILSVRC2012_val_00019417,n02115641 83 31 407 422 ,n02115641
ILSVRC2012_val_00030693,n02115641 29 70 499 335 ,n02115641
ILSVRC2012_val_00030055,n02115641 0 42 441 253 ,n02115641
ILSVRC2012_val_00015821,n02115641 47 91 321 278 ,n02115641
ILSVRC2012_val_00042325,n02115641 185 153 325 262 ,n02115641
ILSVRC2012_val_00023259,n02115913 212 116 466 315 ,n02115913
ILSVRC2012_val_00020566,n02115913 58 8 468 433 ,n02115913
ILSVRC2012_val_00044553,n02115913 0 33 402 374 ,n02115913
ILSVRC2012_val_00008592,n02115913 14 71 462 297 ,n02115913
ILSVRC2012_val_00013697,n02115913 210 67 424 304 n02115913 7 136 226 302 ,n02115913
ILSVRC2012_val_00027066,n02116738 0 20 455 333 n02116738 0 0 109 111 ,n02116738
ILSVRC2012_val_00019324,n02116738 99 67 444 352 ,n02116738
ILSVRC2012_val_00034123,n02116738 126 78 364 316 ,n02116738
ILSVRC2012_val_00042267,n02116738 15 71 499 387 n02116738 259 35 498 149 n02116738 205 246 418 342 ,n02116738
ILSVRC2012_val_00023748,n02116738 88 67 422 285 ,n02116738
ILSVRC2012_val_00042684,n02117135 106 47 274 343 ,n02117135
ILSVRC2012_val_00048499,n02117135 154 107 368 373 ,n02117135
ILSVRC2012_val_00044364,n02117135 34 27 159 141 ,n02117135
ILSVRC2012_val_00040615,n02117135 160 37 432 266 ,n02117135
ILSVRC2012_val_00005473,n02117135 458 292 893 681 ,n02117135
ILSVRC2012_val_00000157,n02119022 0 36 182 277 ,n02119022
ILSVRC2012_val_00008113,n02119022 2 0 551 362 ,n02119022
ILSVRC2012_val_00049262,n02119022 401 59 981 766 ,n02119022
ILSVRC2012_val_00045601,n02119022 229 293 749 614 ,n02119022
ILSVRC2012_val_00012749,n02119022 143 0 608 308 ,n02119022
ILSVRC2012_val_00009336,n02119789 218 55 471 392 ,n02119789
ILSVRC2012_val_00018821,n02119789 111 18 437 412 ,n02119789
ILSVRC2012_val_00025957,n02119789 169 20 429 328 n02119789 13 16 192 189 n02119789 332 87 492 329 n02119789 172 20 429 339 n02119789 13 122 125 331 ,n02119789
ILSVRC2012_val_00042430,n02119789 149 42 266 171 n02119789 299 137 424 261 ,n02119789
ILSVRC2012_val_00009336,n02119789 218 55 471 392 ,n02119789
ILSVRC2012_val_00024185,n02120079 182 121 390 291 ,n02120079
ILSVRC2012_val_00037005,n02120079 0 40 387 311 ,n02120079
ILSVRC2012_val_00037005,n02120079 0 40 387 311 ,n02120079
ILSVRC2012_val_00025068,n02120079 92 56 422 251 ,n02120079
ILSVRC2012_val_00005387,n02120079 200 92 427 283 ,n02120079
ILSVRC2012_val_00023598,n02120505 20 19 549 583 ,n02120505
ILSVRC2012_val_00020859,n02120505 0 31 273 343 ,n02120505
ILSVRC2012_val_00020859,n02120505 0 31 273 343 ,n02120505
ILSVRC2012_val_00010075,n02120505 142 65 302 214 ,n02120505
ILSVRC2012_val_00022726,n02120505 82 0 477 373 ,n02120505
ILSVRC2012_val_00041570,n02123045 439 284 1550 1531 ,n02123045
ILSVRC2012_val_00016483,n02123045 17 11 339 206 ,n02123045
ILSVRC2012_val_00025650,n02123045 0 95 515 630 ,n02123045
ILSVRC2012_val_00002823,n02123045 0 1 339 179 ,n02123045
ILSVRC2012_val_00013673,n02123045 10 0 234 356 n02123045 237 1 466 355 ,n02123045
ILSVRC2012_val_00007676,n02123159 1 5 454 410 ,n02123159
ILSVRC2012_val_00031361,n02123159 1 3 388 328 ,n02123159
ILSVRC2012_val_00016399,n02123159 132 43 351 471 ,n02123159
ILSVRC2012_val_00047925,n02123159 159 0 448 445 ,n02123159
ILSVRC2012_val_00027226,n02123159 202 49 463 333 ,n02123159
ILSVRC2012_val_00001132,n02123394 142 15 388 290 ,n02123394
ILSVRC2012_val_00016194,n02123394 80 21 467 309 ,n02123394
ILSVRC2012_val_00024427,n02123394 41 29 498 446 ,n02123394
ILSVRC2012_val_00024500,n02123394 35 12 399 536 ,n02123394
ILSVRC2012_val_00010995,n02123394 25 8 544 359 ,n02123394
ILSVRC2012_val_00045829,n02123597 233 0 499 332 ,n02123597
ILSVRC2012_val_00017325,n02123597 43 11 187 299 ,n02123597
ILSVRC2012_val_00043632,n02123597 141 47 322 374 ,n02123597
ILSVRC2012_val_00020230,n02123597 204 2 533 467 ,n02123597
ILSVRC2012_val_00035566,n02123597 0 23 496 289 ,n02123597
ILSVRC2012_val_00005207,n02124075 66 231 231 463 n02124075 0 233 100 441 ,n02124075
ILSVRC2012_val_00005207,n02124075 66 231 231 463 n02124075 0 233 100 441 ,n02124075
ILSVRC2012_val_00044374,n02124075 91 105 391 236 ,n02124075
ILSVRC2012_val_00023906,n02124075 14 0 447 476 ,n02124075
ILSVRC2012_val_00011952,n02124075 213 91 430 230 n02124075 139 123 417 213 ,n02124075
ILSVRC2012_val_00006400,n02125311 10 0 357 347 ,n02125311
ILSVRC2012_val_00001888,n02125311 111 40 499 374 ,n02125311
ILSVRC2012_val_00035464,n02125311 27 35 499 374 ,n02125311
ILSVRC2012_val_00006612,n02125311 47 36 459 312 ,n02125311
ILSVRC2012_val_00038007,n02125311 38 208 394 362 ,n02125311
ILSVRC2012_val_00034892,n02127052 37 32 590 244 ,n02127052
ILSVRC2012_val_00047955,n02127052 197 24 519 360 ,n02127052
ILSVRC2012_val_00006056,n02127052 175 52 413 225 ,n02127052
ILSVRC2012_val_00025942,n02127052 267 110 732 431 n02127052 5 108 305 364 ,n02127052
ILSVRC2012_val_00006792,n02127052 0 2 379 252 ,n02127052
ILSVRC2012_val_00025688,n02128385 1 8 318 249 n02128385 242 93 324 248 ,n02128385
ILSVRC2012_val_00018358,n02128385 1 2 448 553 ,n02128385
ILSVRC2012_val_00037032,n02128385 401 440 2241 1670 ,n02128385
ILSVRC2012_val_00019753,n02128385 2 24 244 320 ,n02128385
ILSVRC2012_val_00006155,n02128385 0 39 399 216 ,n02128385
ILSVRC2012_val_00029508,n02128757 9 0 199 236 ,n02128757
ILSVRC2012_val_00006556,n02128757 23 28 268 174 ,n02128757
ILSVRC2012_val_00006556,n02128757 23 28 268 174 ,n02128757
ILSVRC2012_val_00035192,n02128757 25 24 344 198 ,n02128757
ILSVRC2012_val_00045606,n02128757 115 22 458 332 ,n02128757
ILSVRC2012_val_00029007,n02128925 42 12 309 413 ,n02128925
ILSVRC2012_val_00017739,n02128925 34 23 396 319 ,n02128925
ILSVRC2012_val_00029007,n02128925 42 12 309 413 ,n02128925
ILSVRC2012_val_00032150,n02128925 13 0 399 295 ,n02128925
ILSVRC2012_val_00039473,n02128925 5 0 167 109 ,n02128925
ILSVRC2012_val_00048502,n02129165 701 193 1833 1183 ,n02129165
ILSVRC2012_val_00038186,n02129165 3 56 233 243 n02129165 219 78 420 218 ,n02129165
ILSVRC2012_val_00012343,n02129165 21 58 396 564 ,n02129165
ILSVRC2012_val_00006778,n02129165 2 70 165 247 ,n02129165
ILSVRC2012_val_00040647,n02129165 0 138 102 249 n02129165 78 58 167 220 ,n02129165
ILSVRC2012_val_00011736,n02129604 8 27 216 290 ,n02129604
ILSVRC2012_val_00036868,n02129604 1 0 299 216 ,n02129604
ILSVRC2012_val_00048380,n02129604 121 1 1022 752 ,n02129604
ILSVRC2012_val_00042617,n02129604 32 68 252 362 ,n02129604
ILSVRC2012_val_00049631,n02129604 18 115 378 538 ,n02129604
ILSVRC2012_val_00000348,n02130308 72 45 649 447 ,n02130308
ILSVRC2012_val_00020305,n02130308 76 40 249 155 ,n02130308
ILSVRC2012_val_00001060,n02130308 3 12 134 341 n02130308 203 58 395 341 n02130308 0 38 244 307 ,n02130308
ILSVRC2012_val_00040790,n02130308 67 121 285 291 ,n02130308
ILSVRC2012_val_00025336,n02130308 172 183 1671 1318 ,n02130308
ILSVRC2012_val_00018369,n02132136 174 204 708 763 ,n02132136
ILSVRC2012_val_00020362,n02132136 71 42 380 323 ,n02132136
ILSVRC2012_val_00043182,n02132136 60 10 204 306 ,n02132136
ILSVRC2012_val_00049960,n02132136 67 52 271 296 n02132136 281 153 447 269 ,n02132136
ILSVRC2012_val_00023511,n02132136 26 127 459 525 n02132136 352 111 773 524 ,n02132136
ILSVRC2012_val_00027292,n02133161 38 212 242 428 ,n02133161
ILSVRC2012_val_00033693,n02133161 45 28 396 355 ,n02133161
ILSVRC2012_val_00049613,n02133161 31 19 290 397 ,n02133161
ILSVRC2012_val_00020482,n02133161 19 73 471 981 ,n02133161
ILSVRC2012_val_00048118,n02133161 154 76 359 253 ,n02133161
ILSVRC2012_val_00016459,n02134084 2 2 262 193 n02134084 206 5 397 190 ,n02134084
ILSVRC2012_val_00012893,n02134084 32 41 284 262 ,n02134084
ILSVRC2012_val_00041156,n02134084 19 40 106 94 ,n02134084
ILSVRC2012_val_00021883,n02134084 464 320 2220 1592 ,n02134084
ILSVRC2012_val_00002578,n02134084 28 22 140 97 ,n02134084
ILSVRC2012_val_00045672,n02134418 28 1 148 83 ,n02134418
ILSVRC2012_val_00002329,n02134418 24 12 287 285 ,n02134418
ILSVRC2012_val_00032576,n02134418 20 24 153 119 ,n02134418
ILSVRC2012_val_00043326,n02134418 268 56 439 261 n02134418 92 70 264 228 ,n02134418
ILSVRC2012_val_00042361,n02134418 52 4 698 569 ,n02134418
ILSVRC2012_val_00037155,n02137549 451 112 796 583 n02137549 232 163 550 318 n02137549 441 9 780 232 n02137549 0 328 304 598 n02137549 1 163 310 340 n02137549 144 261 724 532 ,n02137549
ILSVRC2012_val_00020040,n02137549 32 100 478 310 ,n02137549
ILSVRC2012_val_00022659,n02137549 164 140 404 257 n02137549 376 172 495 247 ,n02137549
ILSVRC2012_val_00037155,n02137549 451 112 796 583 n02137549 232 163 550 318 n02137549 441 9 780 232 n02137549 0 328 304 598 n02137549 1 163 310 340 n02137549 144 261 724 532 ,n02137549
ILSVRC2012_val_00016810,n02137549 236 136 497 326 n02137549 23 155 236 339 n02137549 117 74 335 222 ,n02137549
ILSVRC2012_val_00035330,n02138441 356 319 436 456 n02138441 445 144 574 475 n02138441 228 144 351 456 n02138441 36 136 271 468 n02138441 606 212 755 456 n02138441 485 152 675 459 ,n02138441
ILSVRC2012_val_00037627,n02138441 255 79 498 447 ,n02138441
ILSVRC2012_val_00038452,n02138441 0 0 623 448 ,n02138441
ILSVRC2012_val_00016368,n02138441 127 123 426 497 ,n02138441
ILSVRC2012_val_00035330,n02138441 356 319 436 456 n02138441 445 144 574 475 n02138441 228 144 351 456 n02138441 36 136 271 468 n02138441 606 212 755 456 n02138441 485 152 675 459 ,n02138441
ILSVRC2012_val_00048477,n02165105 97 91 417 284 ,n02165105
ILSVRC2012_val_00002279,n02165105 121 176 301 333 ,n02165105
ILSVRC2012_val_00038929,n02165105 1 2 499 374 ,n02165105
ILSVRC2012_val_00007429,n02165105 218 167 340 320 ,n02165105
ILSVRC2012_val_00023281,n02165105 5 190 360 470 ,n02165105
ILSVRC2012_val_00013832,n02165456 171 136 298 269 ,n02165456
ILSVRC2012_val_00031140,n02165456 189 125 335 265 ,n02165456
ILSVRC2012_val_00017130,n02165456 243 208 471 460 ,n02165456
ILSVRC2012_val_00019029,n02165456 229 48 441 244 ,n02165456
ILSVRC2012_val_00035694,n02165456 165 106 349 352 ,n02165456
ILSVRC2012_val_00033826,n02167151 0 14 547 392 ,n02167151
ILSVRC2012_val_00035797,n02167151 6 55 558 332 ,n02167151
ILSVRC2012_val_00028697,n02167151 51 61 760 505 ,n02167151
ILSVRC2012_val_00028697,n02167151 51 61 760 505 ,n02167151
ILSVRC2012_val_00005947,n02167151 57 28 482 353 n02167151 75 172 324 350 n02167151 187 32 473 306 ,n02167151
ILSVRC2012_val_00015603,n02168699 7 52 442 360 ,n02168699
ILSVRC2012_val_00037126,n02168699 0 43 489 360 ,n02168699
ILSVRC2012_val_00010411,n02168699 113 152 207 240 ,n02168699
ILSVRC2012_val_00006867,n02168699 1 0 482 498 ,n02168699
ILSVRC2012_val_00041506,n02168699 32 14 489 322 ,n02168699
ILSVRC2012_val_00015755,n02169497 130 122 319 304 ,n02169497
ILSVRC2012_val_00047115,n02169497 69 40 431 400 ,n02169497
ILSVRC2012_val_00031036,n02169497 36 106 339 387 ,n02169497
ILSVRC2012_val_00034954,n02169497 102 200 221 291 ,n02169497
ILSVRC2012_val_00003430,n02169497 157 33 315 245 ,n02169497
ILSVRC2012_val_00000924,n02172182 90 117 266 396 n02172182 137 251 255 385 ,n02172182
ILSVRC2012_val_00007375,n02172182 93 42 246 237 n02172182 216 50 344 235 ,n02172182
ILSVRC2012_val_00037930,n02172182 162 132 289 197 n02172182 163 135 287 197 ,n02172182
ILSVRC2012_val_00019092,n02172182 16 91 331 433 ,n02172182
ILSVRC2012_val_00048079,n02172182 115 221 247 308 n02172182 150 85 224 118 ,n02172182
ILSVRC2012_val_00004339,n02174001 86 160 255 375 ,n02174001
ILSVRC2012_val_00046485,n02174001 41 171 419 373 ,n02174001
ILSVRC2012_val_00036186,n02174001 37 30 463 313 ,n02174001
ILSVRC2012_val_00023049,n02174001 23 17 472 365 ,n02174001
ILSVRC2012_val_00016150,n02174001 0 0 488 318 ,n02174001
ILSVRC2012_val_00036295,n02177972 18 115 436 378 ,n02177972
ILSVRC2012_val_00028453,n02177972 61 144 328 377 ,n02177972
ILSVRC2012_val_00006121,n02177972 4 30 493 336 ,n02177972
ILSVRC2012_val_00014408,n02177972 167 212 425 421 ,n02177972
ILSVRC2012_val_00011181,n02177972 10 54 456 313 ,n02177972
ILSVRC2012_val_00035262,n02190166 23 64 463 292 ,n02190166
ILSVRC2012_val_00004132,n02190166 65 58 499 372 ,n02190166
ILSVRC2012_val_00019460,n02190166 13 37 331 471 ,n02190166
ILSVRC2012_val_00002127,n02190166 0 0 429 498 ,n02190166
ILSVRC2012_val_00033359,n02190166 246 47 761 528 ,n02190166
ILSVRC2012_val_00017418,n02206856 133 105 476 353 ,n02206856
ILSVRC2012_val_00035838,n02206856 304 51 448 196 ,n02206856
ILSVRC2012_val_00011167,n02206856 191 166 267 246 ,n02206856
ILSVRC2012_val_00015727,n02206856 46 223 87 263 ,n02206856
ILSVRC2012_val_00020657,n02206856 88 73 340 355 ,n02206856
ILSVRC2012_val_00001502,n02219486 215 57 401 252 ,n02219486
ILSVRC2012_val_00035087,n02219486 160 86 556 386 ,n02219486
ILSVRC2012_val_00032551,n02219486 87 92 442 340 ,n02219486
ILSVRC2012_val_00000407,n02219486 57 93 278 254 n02219486 252 68 429 244 ,n02219486
ILSVRC2012_val_00043616,n02219486 84 136 387 308 n02219486 101 139 493 297 ,n02219486
ILSVRC2012_val_00007529,n02226429 15 62 480 325 ,n02226429
ILSVRC2012_val_00000125,n02226429 197 30 464 301 ,n02226429
ILSVRC2012_val_00000125,n02226429 197 30 464 301 ,n02226429
ILSVRC2012_val_00045775,n02226429 154 41 350 320 ,n02226429
ILSVRC2012_val_00020551,n02226429 51 36 347 445 ,n02226429
ILSVRC2012_val_00022001,n02229544 43 107 418 334 ,n02229544
ILSVRC2012_val_00035710,n02229544 11 12 464 358 ,n02229544
ILSVRC2012_val_00014067,n02229544 202 39 342 256 n02229544 344 29 499 230 ,n02229544
ILSVRC2012_val_00035710,n02229544 11 12 464 358 ,n02229544
ILSVRC2012_val_00049638,n02229544 174 64 353 300 ,n02229544
ILSVRC2012_val_00044824,n02231487 98 248 1093 1129 ,n02231487
ILSVRC2012_val_00002727,n02231487 112 156 998 717 ,n02231487
ILSVRC2012_val_00021238,n02231487 75 243 1374 828 ,n02231487
ILSVRC2012_val_00008634,n02231487 165 4 409 325 ,n02231487
ILSVRC2012_val_00035014,n02231487 174 411 1512 840 ,n02231487
ILSVRC2012_val_00033788,n02233338 54 39 489 309 ,n02233338
ILSVRC2012_val_00021755,n02233338 38 9 139 202 n02233338 336 77 457 258 n02233338 259 177 389 265 n02233338 141 71 208 227 n02233338 191 71 276 239 n02233338 148 220 255 287 n02233338 7 243 99 296 n02233338 26 287 157 342 n02233338 1 1 69 157 n02233338 268 42 341 86 n02233338 216 225 346 307 n02233338 138 48 266 93 n02233338 30 202 109 255 ,n02233338
ILSVRC2012_val_00017845,n02233338 211 309 296 401 n02233338 42 410 86 460 n02233338 135 377 205 450 n02233338 126 196 210 285 n02233338 329 218 491 403 n02233338 216 12 491 282 n02233338 126 0 306 196 n02233338 98 291 196 397 n02233338 314 342 491 498 ,n02233338
ILSVRC2012_val_00044491,n02233338 213 72 335 250 ,n02233338
ILSVRC2012_val_00030466,n02233338 12 1 390 286 ,n02233338
ILSVRC2012_val_00013395,n02236044 52 0 498 385 ,n02236044
ILSVRC2012_val_00002415,n02236044 1 3 498 326 ,n02236044
ILSVRC2012_val_00004091,n02236044 169 25 499 333 ,n02236044
ILSVRC2012_val_00004091,n02236044 169 25 499 333 ,n02236044
ILSVRC2012_val_00034245,n02236044 113 43 489 302 ,n02236044
ILSVRC2012_val_00002649,n02256656 0 1 358 431 ,n02256656
ILSVRC2012_val_00017139,n02256656 86 145 259 498 ,n02256656
ILSVRC2012_val_00005778,n02256656 62 85 222 443 ,n02256656
ILSVRC2012_val_00034839,n02256656 81 99 250 380 ,n02256656
ILSVRC2012_val_00017139,n02256656 86 145 259 498 ,n02256656
ILSVRC2012_val_00046801,n02259212 301 57 730 530 ,n02259212
ILSVRC2012_val_00021513,n02259212 25 26 369 266 ,n02259212
ILSVRC2012_val_00042796,n02259212 41 65 471 269 ,n02259212
ILSVRC2012_val_00011820,n02259212 147 119 400 258 ,n02259212
ILSVRC2012_val_00030505,n02259212 268 222 462 343 n02259212 272 200 468 338 ,n02259212
ILSVRC2012_val_00034764,n02264363 10 47 551 218 ,n02264363
ILSVRC2012_val_00047169,n02264363 152 0 404 333 ,n02264363
ILSVRC2012_val_00026489,n02264363 126 39 481 553 ,n02264363
ILSVRC2012_val_00014964,n02264363 87 31 250 371 ,n02264363
ILSVRC2012_val_00015271,n02264363 82 12 568 335 ,n02264363
ILSVRC2012_val_00049201,n02268443 178 101 394 303 ,n02268443
ILSVRC2012_val_00049201,n02268443 178 101 394 303 ,n02268443
ILSVRC2012_val_00048401,n02268443 66 106 332 302 ,n02268443
ILSVRC2012_val_00042405,n02268443 0 67 395 315 ,n02268443
ILSVRC2012_val_00034192,n02268443 120 15 480 372 ,n02268443
ILSVRC2012_val_00009622,n02268853 80 146 460 244 ,n02268853
ILSVRC2012_val_00001842,n02268853 54 26 359 133 n02268853 146 80 364 366 ,n02268853
ILSVRC2012_val_00032356,n02268853 100 101 409 272 ,n02268853
ILSVRC2012_val_00026065,n02268853 111 130 330 246 ,n02268853
ILSVRC2012_val_00002893,n02268853 217 102 288 338 ,n02268853
ILSVRC2012_val_00023523,n02276258 11 21 437 411 ,n02276258
ILSVRC2012_val_00048696,n02276258 150 105 353 289 ,n02276258
ILSVRC2012_val_00021382,n02276258 161 135 326 281 ,n02276258
ILSVRC2012_val_00041566,n02276258 157 68 384 289 ,n02276258
ILSVRC2012_val_00025210,n02276258 112 130 386 313 ,n02276258
ILSVRC2012_val_00028204,n02277742 147 84 314 260 ,n02277742
ILSVRC2012_val_00011074,n02277742 53 89 399 354 ,n02277742
ILSVRC2012_val_00011911,n02277742 196 130 377 249 ,n02277742
ILSVRC2012_val_00000810,n02277742 87 124 238 250 ,n02277742
ILSVRC2012_val_00015608,n02277742 131 146 377 347 ,n02277742
ILSVRC2012_val_00012137,n02279972 61 83 455 347 ,n02279972
ILSVRC2012_val_00019714,n02279972 32 13 493 379 ,n02279972
ILSVRC2012_val_00046253,n02279972 42 34 453 320 ,n02279972
ILSVRC2012_val_00049418,n02279972 15 33 457 306 ,n02279972
ILSVRC2012_val_00025875,n02279972 171 0 466 303 ,n02279972
ILSVRC2012_val_00033836,n02280649 26 57 447 376 ,n02280649
ILSVRC2012_val_00044952,n02280649 193 66 369 329 ,n02280649
ILSVRC2012_val_00010025,n02280649 31 107 324 386 ,n02280649
ILSVRC2012_val_00020691,n02280649 98 9 398 304 ,n02280649
ILSVRC2012_val_00020938,n02280649 152 78 227 139 ,n02280649
ILSVRC2012_val_00038721,n02281406 102 32 466 381 ,n02281406
ILSVRC2012_val_00000618,n02281406 151 144 362 352 ,n02281406
ILSVRC2012_val_00034927,n02281406 122 53 394 329 ,n02281406
ILSVRC2012_val_00027311,n02281406 20 90 336 420 ,n02281406
ILSVRC2012_val_00040842,n02281406 65 47 360 298 ,n02281406
ILSVRC2012_val_00048827,n02281787 133 157 620 587 ,n02281787
ILSVRC2012_val_00039215,n02281787 252 71 609 421 ,n02281787
ILSVRC2012_val_00010102,n02281787 64 13 427 415 ,n02281787
ILSVRC2012_val_00039181,n02281787 117 109 452 433 n02281787 224 19 280 84 ,n02281787
ILSVRC2012_val_00019795,n02281787 38 36 573 487 ,n02281787
ILSVRC2012_val_00017888,n02317335 30 41 460 433 ,n02317335
ILSVRC2012_val_00007644,n02317335 83 19 399 332 ,n02317335
ILSVRC2012_val_00021973,n02317335 0 56 271 311 n02317335 209 40 470 338 ,n02317335
ILSVRC2012_val_00004810,n02317335 35 1 373 498 n02317335 0 77 62 205 n02317335 48 166 101 223 ,n02317335
ILSVRC2012_val_00023403,n02317335 108 72 403 262 n02317335 109 72 405 264 ,n02317335
ILSVRC2012_val_00029492,n02319095 33 52 410 372 ,n02319095
ILSVRC2012_val_00036863,n02319095 298 0 498 307 ,n02319095
ILSVRC2012_val_00033093,n02319095 192 120 330 235 ,n02319095
ILSVRC2012_val_00022652,n02319095 0 1 499 374 ,n02319095
ILSVRC2012_val_00029492,n02319095 33 52 410 372 ,n02319095
ILSVRC2012_val_00014279,n02321529 268 24 1022 604 ,n02321529
ILSVRC2012_val_00036810,n02321529 0 239 389 515 ,n02321529
ILSVRC2012_val_00038874,n02321529 55 90 484 236 ,n02321529
ILSVRC2012_val_00034757,n02321529 1 61 499 267 ,n02321529
ILSVRC2012_val_00004419,n02321529 93 102 542 321 ,n02321529
ILSVRC2012_val_00020415,n02325366 30 25 305 385 ,n02325366
ILSVRC2012_val_00010064,n02325366 42 192 356 453 ,n02325366
ILSVRC2012_val_00002473,n02325366 18 0 392 498 ,n02325366
ILSVRC2012_val_00049739,n02325366 151 126 287 225 ,n02325366
ILSVRC2012_val_00010064,n02325366 42 192 356 453 ,n02325366
ILSVRC2012_val_00011291,n02326432 103 17 575 357 ,n02326432
ILSVRC2012_val_00004064,n02326432 2 2 210 248 ,n02326432
ILSVRC2012_val_00033403,n02326432 229 64 537 421 ,n02326432
ILSVRC2012_val_00040218,n02326432 50 61 126 202 ,n02326432
ILSVRC2012_val_00005118,n02326432 102 46 332 493 ,n02326432
ILSVRC2012_val_00040623,n02328150 59 45 347 306 ,n02328150
ILSVRC2012_val_00007037,n02328150 58 0 403 281 ,n02328150
ILSVRC2012_val_00002200,n02328150 97 26 427 298 ,n02328150
ILSVRC2012_val_00015971,n02328150 125 2 473 361 ,n02328150
ILSVRC2012_val_00007878,n02328150 72 34 326 311 n02328150 113 138 399 356 ,n02328150
ILSVRC2012_val_00039958,n02342885 47 6 416 498 ,n02342885
ILSVRC2012_val_00043441,n02342885 51 96 321 493 ,n02342885
ILSVRC2012_val_00040750,n02342885 93 77 408 360 n02342885 378 58 499 229 n02342885 63 0 303 146 ,n02342885
ILSVRC2012_val_00005002,n02342885 64 8 457 401 ,n02342885
ILSVRC2012_val_00043249,n02342885 55 22 497 461 ,n02342885
ILSVRC2012_val_00024325,n02346627 87 49 347 332 ,n02346627
ILSVRC2012_val_00036853,n02346627 98 1 476 309 ,n02346627
ILSVRC2012_val_00000021,n02346627 205 116 326 232 n02346627 41 262 125 342 ,n02346627
ILSVRC2012_val_00003579,n02346627 159 115 325 259 ,n02346627
ILSVRC2012_val_00045275,n02346627 0 24 462 373 ,n02346627
ILSVRC2012_val_00005551,n02356798 95 58 303 229 ,n02356798
ILSVRC2012_val_00043512,n02356798 65 80 236 438 ,n02356798
ILSVRC2012_val_00038993,n02356798 97 60 424 316 ,n02356798
ILSVRC2012_val_00049770,n02356798 207 255 1169 1063 ,n02356798
ILSVRC2012_val_00038993,n02356798 97 60 424 316 ,n02356798
ILSVRC2012_val_00025533,n02361337 73 133 153 225 n02361337 190 318 252 391 ,n02361337
ILSVRC2012_val_00008770,n02361337 92 111 315 216 ,n02361337
ILSVRC2012_val_00049706,n02361337 50 17 436 467 ,n02361337
ILSVRC2012_val_00021685,n02361337 116 115 293 372 ,n02361337
ILSVRC2012_val_00011891,n02361337 1 35 375 269 ,n02361337
ILSVRC2012_val_00025500,n02363005 0 2 495 333 ,n02363005
ILSVRC2012_val_00018422,n02363005 192 118 390 332 ,n02363005
ILSVRC2012_val_00027523,n02363005 50 107 499 214 ,n02363005
ILSVRC2012_val_00008157,n02363005 99 78 220 196 ,n02363005
ILSVRC2012_val_00032416,n02363005 48 46 498 491 ,n02363005
ILSVRC2012_val_00027956,n02364673 100 28 384 299 ,n02364673
ILSVRC2012_val_00045479,n02364673 131 60 318 299 ,n02364673
ILSVRC2012_val_00013167,n02364673 32 33 413 334 n02364673 343 27 471 334 ,n02364673
ILSVRC2012_val_00003675,n02364673 111 118 452 338 n02364673 25 36 227 143 ,n02364673
ILSVRC2012_val_00006354,n02364673 207 132 371 312 ,n02364673
ILSVRC2012_val_00035846,n02389026 131 36 479 299 ,n02389026
ILSVRC2012_val_00005097,n02389026 50 52 473 348 n02389026 80 149 122 184 ,n02389026
ILSVRC2012_val_00032126,n02389026 1 1 301 462 ,n02389026
ILSVRC2012_val_00033221,n02389026 45 3 468 475 ,n02389026
ILSVRC2012_val_00030081,n02389026 33 42 447 374 ,n02389026
ILSVRC2012_val_00027836,n02391049 55 26 298 447 ,n02391049
ILSVRC2012_val_00035101,n02391049 4 109 347 419 n02391049 0 8 248 234 n02391049 0 14 498 419 ,n02391049
ILSVRC2012_val_00024008,n02391049 3 4 499 333 ,n02391049
ILSVRC2012_val_00002789,n02391049 1 3 378 498 ,n02391049
ILSVRC2012_val_00024008,n02391049 3 4 499 333 ,n02391049
ILSVRC2012_val_00000478,n02395406 142 112 291 242 n02395406 35 151 168 247 n02395406 255 72 411 203 ,n02395406
ILSVRC2012_val_00026390,n02395406 62 247 312 399 ,n02395406
ILSVRC2012_val_00011163,n02395406 165 183 313 322 ,n02395406
ILSVRC2012_val_00000478,n02395406 142 112 291 242 n02395406 35 151 168 247 n02395406 255 72 411 203 ,n02395406
ILSVRC2012_val_00011163,n02395406 165 183 313 322 ,n02395406
ILSVRC2012_val_00048282,n02396427 24 132 249 313 n02396427 291 120 400 271 n02396427 367 71 479 137 n02396427 125 97 237 167 n02396427 378 97 429 217 ,n02396427
ILSVRC2012_val_00029063,n02396427 75 13 445 276 ,n02396427
ILSVRC2012_val_00014124,n02396427 140 38 318 375 ,n02396427
ILSVRC2012_val_00048282,n02396427 24 132 249 313 n02396427 291 120 400 271 n02396427 367 71 479 137 n02396427 125 97 237 167 n02396427 378 97 429 217 ,n02396427
ILSVRC2012_val_00019681,n02396427 107 158 220 356 ,n02396427
ILSVRC2012_val_00046916,n02397096 205 144 305 204 n02397096 293 146 377 192 n02397096 123 155 153 191 ,n02397096
ILSVRC2012_val_00041050,n02397096 108 46 419 344 ,n02397096
ILSVRC2012_val_00003341,n02397096 37 14 499 324 ,n02397096
ILSVRC2012_val_00043924,n02397096 290 130 401 322 n02397096 104 123 310 305 ,n02397096
ILSVRC2012_val_00047171,n02397096 156 133 373 341 ,n02397096
ILSVRC2012_val_00019345,n02398521 0 110 386 374 ,n02398521
ILSVRC2012_val_00041243,n02398521 22 104 470 219 ,n02398521
ILSVRC2012_val_00041708,n02398521 235 152 391 320 ,n02398521
ILSVRC2012_val_00041243,n02398521 22 104 470 219 ,n02398521
ILSVRC2012_val_00041708,n02398521 235 152 391 320 ,n02398521
ILSVRC2012_val_00004838,n02403003 17 100 323 386 ,n02403003
ILSVRC2012_val_00017987,n02403003 199 117 312 363 n02403003 0 130 198 370 ,n02403003
ILSVRC2012_val_00034143,n02403003 2 43 330 498 ,n02403003
ILSVRC2012_val_00007380,n02403003 102 115 256 287 n02403003 236 129 403 242 ,n02403003
ILSVRC2012_val_00028929,n02403003 43 74 407 327 ,n02403003
ILSVRC2012_val_00037214,n02408429 114 51 346 267 ,n02408429
ILSVRC2012_val_00005454,n02408429 26 67 344 274 ,n02408429
ILSVRC2012_val_00045554,n02408429 137 188 248 268 n02408429 208 151 314 213 n02408429 124 165 202 218 ,n02408429
ILSVRC2012_val_00041957,n02408429 0 1 499 374 ,n02408429
ILSVRC2012_val_00041767,n02408429 73 63 414 320 ,n02408429
ILSVRC2012_val_00030959,n02410509 173 30 317 298 ,n02410509
ILSVRC2012_val_00046658,n02410509 214 168 264 201 n02410509 72 152 106 188 n02410509 202 125 245 158 n02410509 352 236 380 262 n02410509 359 116 386 151 n02410509 305 234 328 259 n02410509 232 119 278 151 ,n02410509
ILSVRC2012_val_00032942,n02410509 25 39 460 471 ,n02410509
ILSVRC2012_val_00009221,n02410509 63 1 499 374 ,n02410509
ILSVRC2012_val_00020346,n02410509 1 98 168 374 n02410509 299 161 421 336 n02410509 85 77 314 374 ,n02410509
ILSVRC2012_val_00023655,n02412080 0 67 413 498 ,n02412080
ILSVRC2012_val_00038653,n02412080 31 73 453 329 ,n02412080
ILSVRC2012_val_00027882,n02412080 0 71 358 386 ,n02412080
ILSVRC2012_val_00049332,n02412080 170 49 499 332 n02412080 0 46 80 231 n02412080 392 2 499 137 n02412080 100 38 152 152 ,n02412080
ILSVRC2012_val_00026750,n02412080 58 0 499 332 ,n02412080
ILSVRC2012_val_00024759,n02415577 124 93 281 277 ,n02415577
ILSVRC2012_val_00032956,n02415577 207 78 409 306 ,n02415577
ILSVRC2012_val_00016046,n02415577 63 21 446 360 ,n02415577
ILSVRC2012_val_00012393,n02415577 33 21 383 498 ,n02415577
ILSVRC2012_val_00024343,n02415577 115 60 404 279 ,n02415577
ILSVRC2012_val_00023489,n02417914 196 8 399 330 ,n02417914
ILSVRC2012_val_00047806,n02417914 144 65 372 219 ,n02417914
ILSVRC2012_val_00028619,n02417914 0 70 262 498 ,n02417914
ILSVRC2012_val_00035331,n02417914 30 13 384 460 ,n02417914
ILSVRC2012_val_00001885,n02417914 105 30 285 248 n02417914 319 105 419 280 ,n02417914
ILSVRC2012_val_00002073,n02422106 2 14 343 259 ,n02422106
ILSVRC2012_val_00001232,n02422106 97 17 340 374 ,n02422106
ILSVRC2012_val_00035337,n02422106 158 18 370 294 n02422106 58 130 82 148 n02422106 321 143 383 172 n02422106 413 110 437 131 n02422106 371 114 391 130 n02422106 397 111 423 134 n02422106 176 123 191 139 n02422106 140 122 155 134 ,n02422106
ILSVRC2012_val_00006385,n02422106 103 46 320 302 ,n02422106
ILSVRC2012_val_00047814,n02422106 190 150 276 210 n02422106 256 157 330 213 ,n02422106
ILSVRC2012_val_00018236,n02422699 44 0 499 399 ,n02422699
ILSVRC2012_val_00000127,n02422699 27 154 138 257 n02422699 188 92 279 195 n02422699 394 120 452 184 n02422699 341 130 385 204 n02422699 81 131 133 208 ,n02422699
ILSVRC2012_val_00047823,n02422699 206 57 450 324 n02422699 68 30 255 238 ,n02422699
ILSVRC2012_val_00000127,n02422699 27 154 138 257 n02422699 188 92 279 195 n02422699 394 120 452 184 n02422699 341 130 385 204 n02422699 81 131 133 208 ,n02422699
ILSVRC2012_val_00043784,n02422699 342 192 388 255 n02422699 412 181 447 239 n02422699 76 173 104 244 n02422699 227 185 281 245 n02422699 130 197 153 244 n02422699 25 165 76 227 n02422699 186 182 230 245 n02422699 476 200 499 246 n02422699 101 179 124 229 ,n02422699
ILSVRC2012_val_00023933,n02423022 116 52 456 423 ,n02423022
ILSVRC2012_val_00033252,n02423022 83 50 282 497 ,n02423022
ILSVRC2012_val_00013750,n02423022 94 123 212 297 n02423022 246 110 316 221 n02423022 280 129 482 306 n02423022 42 92 90 183 n02423022 118 119 162 180 n02423022 261 81 309 112 n02423022 82 97 116 145 n02423022 4 69 40 100 n02423022 203 84 221 107 ,n02423022
ILSVRC2012_val_00046413,n02423022 110 137 233 227 n02423022 438 179 499 275 n02423022 216 106 237 128 n02423022 197 105 212 125 n02423022 434 94 464 109 n02423022 154 118 171 130 n02423022 290 90 314 103 n02423022 131 115 150 131 n02423022 182 107 198 127 n02423022 110 114 127 129 n02423022 180 84 202 99 n02423022 256 87 272 104 n02423022 123 86 136 97 ,n02423022
ILSVRC2012_val_00041491,n02423022 144 55 373 346 ,n02423022
ILSVRC2012_val_00032207,n02437312 164 147 326 270 ,n02437312
ILSVRC2012_val_00016586,n02437312 100 102 413 302 ,n02437312
ILSVRC2012_val_00037772,n02437312 315 176 387 279 n02437312 58 127 213 266 n02437312 212 143 320 271 n02437312 101 116 239 273 ,n02437312
ILSVRC2012_val_00026662,n02437312 70 29 276 288 ,n02437312
ILSVRC2012_val_00027955,n02437312 246 129 437 273 n02437312 130 136 177 169 n02437312 2 113 39 162 n02437312 41 127 61 157 ,n02437312
ILSVRC2012_val_00009205,n02437616 72 126 241 498 ,n02437616
ILSVRC2012_val_00009719,n02437616 0 1 414 339 ,n02437616
ILSVRC2012_val_00029207,n02437616 132 4 477 332 ,n02437616
ILSVRC2012_val_00030358,n02437616 81 50 257 374 ,n02437616
ILSVRC2012_val_00037380,n02437616 40 18 355 498 ,n02437616
ILSVRC2012_val_00048496,n02441942 23 60 469 342 ,n02441942
ILSVRC2012_val_00026889,n02441942 316 103 424 256 ,n02441942
ILSVRC2012_val_00003947,n02441942 32 103 486 335 ,n02441942
ILSVRC2012_val_00011095,n02441942 202 199 366 337 ,n02441942
ILSVRC2012_val_00019059,n02441942 27 71 484 261 ,n02441942
ILSVRC2012_val_00043521,n02442845 182 170 343 274 ,n02442845
ILSVRC2012_val_00048096,n02442845 285 163 402 435 ,n02442845
ILSVRC2012_val_00039409,n02442845 76 131 273 219 ,n02442845
ILSVRC2012_val_00036871,n02442845 97 88 407 334 n02442845 75 243 213 334 ,n02442845
ILSVRC2012_val_00049513,n02442845 103 100 402 291 ,n02442845
ILSVRC2012_val_00022810,n02443114 2 24 290 151 ,n02443114
ILSVRC2012_val_00042406,n02443114 309 139 922 703 ,n02443114
ILSVRC2012_val_00039421,n02443114 135 229 534 446 ,n02443114
ILSVRC2012_val_00010052,n02443114 101 12 383 278 ,n02443114
ILSVRC2012_val_00016277,n02443114 0 99 408 414 ,n02443114
ILSVRC2012_val_00036439,n02443484 138 205 311 367 ,n02443484
ILSVRC2012_val_00025162,n02443484 156 0 432 321 ,n02443484
ILSVRC2012_val_00025162,n02443484 156 0 432 321 ,n02443484
ILSVRC2012_val_00014852,n02443484 163 53 323 206 ,n02443484
ILSVRC2012_val_00011092,n02443484 27 17 284 498 ,n02443484
ILSVRC2012_val_00042588,n02444819 75 78 458 338 ,n02444819
ILSVRC2012_val_00004298,n02444819 52 22 349 270 ,n02444819
ILSVRC2012_val_00026048,n02444819 0 61 1018 696 ,n02444819
ILSVRC2012_val_00020847,n02444819 5 33 199 199 ,n02444819
ILSVRC2012_val_00030257,n02444819 37 114 272 253 n02444819 279 102 450 271 ,n02444819
ILSVRC2012_val_00012283,n02445715 123 61 375 252 ,n02445715
ILSVRC2012_val_00000322,n02445715 174 4 312 229 n02445715 50 52 193 245 n02445715 290 81 412 126 ,n02445715
ILSVRC2012_val_00021874,n02445715 135 144 499 321 ,n02445715
ILSVRC2012_val_00015894,n02445715 77 30 313 410 ,n02445715
ILSVRC2012_val_00000181,n02445715 127 157 248 335 ,n02445715
ILSVRC2012_val_00038987,n02447366 4 100 413 282 ,n02447366
ILSVRC2012_val_00012860,n02447366 494 461 1972 1071 ,n02447366
ILSVRC2012_val_00003213,n02447366 32 61 256 185 ,n02447366
ILSVRC2012_val_00036141,n02447366 58 78 185 152 n02447366 2 76 63 137 ,n02447366
ILSVRC2012_val_00036141,n02447366 58 78 185 152 n02447366 2 76 63 137 ,n02447366
ILSVRC2012_val_00031417,n02454379 81 137 340 366 ,n02454379
ILSVRC2012_val_00037901,n02454379 102 68 476 325 ,n02454379
ILSVRC2012_val_00046214,n02454379 147 2 498 342 ,n02454379
ILSVRC2012_val_00011253,n02454379 223 198 422 306 ,n02454379
ILSVRC2012_val_00019625,n02454379 2 94 304 374 n02454379 175 1 499 284 ,n02454379
ILSVRC2012_val_00048223,n02457408 106 114 392 298 ,n02457408
ILSVRC2012_val_00044424,n02457408 93 70 478 374 ,n02457408
ILSVRC2012_val_00001442,n02457408 90 39 320 341 ,n02457408
ILSVRC2012_val_00038710,n02457408 3 157 331 453 ,n02457408
ILSVRC2012_val_00020211,n02457408 6 12 499 374 ,n02457408
ILSVRC2012_val_00021352,n02480495 329 127 476 410 n02480495 114 139 236 391 ,n02480495
ILSVRC2012_val_00005726,n02480495 24 47 274 397 ,n02480495
ILSVRC2012_val_00009381,n02480495 32 10 439 332 ,n02480495
ILSVRC2012_val_00028636,n02480495 2 69 340 592 ,n02480495
ILSVRC2012_val_00034740,n02480495 90 30 475 311 ,n02480495
ILSVRC2012_val_00038024,n02480855 33 38 298 252 ,n02480855
ILSVRC2012_val_00010853,n02480855 16 25 259 310 ,n02480855
ILSVRC2012_val_00005565,n02480855 91 1 331 498 ,n02480855
ILSVRC2012_val_00020000,n02480855 1 0 299 299 ,n02480855
ILSVRC2012_val_00022791,n02480855 133 51 496 332 ,n02480855
ILSVRC2012_val_00024921,n02481823 123 62 330 225 ,n02481823
ILSVRC2012_val_00000553,n02481823 107 72 194 224 ,n02481823
ILSVRC2012_val_00033537,n02481823 119 1 698 473 ,n02481823
ILSVRC2012_val_00013943,n02481823 112 30 459 352 ,n02481823
ILSVRC2012_val_00045826,n02481823 94 3 635 500 ,n02481823
ILSVRC2012_val_00018962,n02483362 36 7 115 135 ,n02483362
ILSVRC2012_val_00042637,n02483362 37 55 142 95 n02483362 3 33 72 85 ,n02483362
ILSVRC2012_val_00011523,n02483362 178 0 355 260 n02483362 92 0 324 374 ,n02483362
ILSVRC2012_val_00009519,n02483362 2 10 371 498 ,n02483362
ILSVRC2012_val_00040852,n02483362 191 104 344 300 ,n02483362
ILSVRC2012_val_00040762,n02483708 32 2 120 107 ,n02483708
ILSVRC2012_val_00002857,n02483708 78 9 261 176 ,n02483708
ILSVRC2012_val_00008134,n02483708 232 189 525 356 n02483708 361 196 527 334 ,n02483708
ILSVRC2012_val_00002857,n02483708 78 9 261 176 ,n02483708
ILSVRC2012_val_00012017,n02483708 19 2 122 210 ,n02483708
ILSVRC2012_val_00012743,n02484975 40 20 331 495 ,n02484975
ILSVRC2012_val_00016599,n02484975 252 23 315 137 n02484975 179 25 307 332 n02484975 185 28 305 329 ,n02484975
ILSVRC2012_val_00037535,n02484975 147 110 403 332 ,n02484975
ILSVRC2012_val_00003700,n02484975 83 33 445 334 ,n02484975
ILSVRC2012_val_00003752,n02484975 40 46 231 303 ,n02484975
ILSVRC2012_val_00010854,n02486261 105 101 322 221 n02486261 447 268 518 421 n02486261 508 271 678 401 ,n02486261
ILSVRC2012_val_00016190,n02486261 120 123 379 272 n02486261 133 92 197 278 ,n02486261
ILSVRC2012_val_00034754,n02486261 422 124 764 766 ,n02486261
ILSVRC2012_val_00047740,n02486261 220 64 286 201 ,n02486261
ILSVRC2012_val_00035653,n02486261 11 5 205 149 ,n02486261
ILSVRC2012_val_00036471,n02486410 1 0 616 579 ,n02486410
ILSVRC2012_val_00036528,n02486410 48 169 586 589 ,n02486410
ILSVRC2012_val_00013761,n02486410 33 33 493 419 ,n02486410
ILSVRC2012_val_00035204,n02486410 417 222 487 298 n02486410 100 165 235 252 n02486410 244 198 324 315 n02486410 258 234 402 357 ,n02486410
ILSVRC2012_val_00035204,n02486410 417 222 487 298 n02486410 100 165 235 252 n02486410 244 198 324 315 n02486410 258 234 402 357 ,n02486410
ILSVRC2012_val_00039563,n02487347 39 6 562 548 ,n02487347
ILSVRC2012_val_00048855,n02487347 0 11 388 558 ,n02487347
ILSVRC2012_val_00024926,n02487347 105 82 283 275 n02487347 124 177 588 538 ,n02487347
ILSVRC2012_val_00037107,n02487347 59 54 189 305 n02487347 56 136 195 357 ,n02487347
ILSVRC2012_val_00045230,n02487347 89 43 304 291 ,n02487347
ILSVRC2012_val_00033951,n02488291 157 128 373 405 n02488291 143 195 302 368 n02488291 80 131 371 416 ,n02488291
ILSVRC2012_val_00008074,n02488291 78 117 127 178 n02488291 78 146 98 214 ,n02488291
ILSVRC2012_val_00032874,n02488291 7 4 93 105 ,n02488291
ILSVRC2012_val_00044270,n02488291 1 53 197 332 ,n02488291
ILSVRC2012_val_00001458,n02488291 6 38 494 394 ,n02488291
ILSVRC2012_val_00043067,n02488702 4 68 440 638 ,n02488702
ILSVRC2012_val_00008175,n02488702 86 26 481 450 n02488702 17 208 235 474 ,n02488702
ILSVRC2012_val_00012568,n02488702 299 66 610 437 n02488702 25 27 355 417 ,n02488702
ILSVRC2012_val_00019047,n02488702 2 89 334 414 ,n02488702
ILSVRC2012_val_00007426,n02488702 21 1 598 598 ,n02488702
ILSVRC2012_val_00041477,n02489166 95 27 273 327 n02489166 361 138 487 328 n02489166 233 77 350 304 ,n02489166
ILSVRC2012_val_00002140,n02489166 72 153 228 421 ,n02489166
ILSVRC2012_val_00026156,n02489166 15 21 480 320 ,n02489166
ILSVRC2012_val_00009012,n02489166 98 26 354 354 ,n02489166
ILSVRC2012_val_00013049,n02489166 155 48 345 302 ,n02489166
ILSVRC2012_val_00003541,n02490219 0 303 999 1197 ,n02490219
ILSVRC2012_val_00026725,n02490219 121 12 236 243 n02490219 0 13 177 250 ,n02490219
ILSVRC2012_val_00004564,n02490219 18 9 160 199 n02490219 396 33 598 198 n02490219 212 31 328 180 ,n02490219
ILSVRC2012_val_00031762,n02490219 77 67 313 430 ,n02490219
ILSVRC2012_val_00001099,n02490219 101 12 503 448 ,n02490219
ILSVRC2012_val_00002450,n02492035 300 99 409 286 n02492035 29 96 300 289 n02492035 317 17 460 288 ,n02492035
ILSVRC2012_val_00021520,n02492035 111 170 290 341 ,n02492035
ILSVRC2012_val_00018016,n02492035 64 81 350 332 ,n02492035
ILSVRC2012_val_00021572,n02492035 12 82 402 399 ,n02492035
ILSVRC2012_val_00038839,n02492035 162 206 294 373 n02492035 143 151 285 228 ,n02492035
ILSVRC2012_val_00020406,n02492660 73 3 398 598 ,n02492660
ILSVRC2012_val_00028184,n02492660 59 71 255 195 ,n02492660
ILSVRC2012_val_00034985,n02492660 37 0 544 441 ,n02492660
ILSVRC2012_val_00015339,n02492660 209 158 743 781 ,n02492660
ILSVRC2012_val_00012711,n02492660 206 107 593 492 n02492660 207 109 347 254 ,n02492660
ILSVRC2012_val_00046527,n02493509 207 23 405 289 ,n02493509
ILSVRC2012_val_00038047,n02493509 50 101 278 498 ,n02493509
ILSVRC2012_val_00009349,n02493509 1 0 294 488 ,n02493509
ILSVRC2012_val_00033927,n02493509 155 93 331 338 ,n02493509
ILSVRC2012_val_00033277,n02493509 98 5 221 495 n02493509 56 7 136 146 ,n02493509
ILSVRC2012_val_00039786,n02493793 38 0 175 165 ,n02493793
ILSVRC2012_val_00039786,n02493793 38 0 175 165 ,n02493793
ILSVRC2012_val_00013015,n02493793 58 28 316 490 ,n02493793
ILSVRC2012_val_00026757,n02493793 415 17 713 827 ,n02493793
ILSVRC2012_val_00032964,n02493793 0 0 499 354 ,n02493793
ILSVRC2012_val_00042708,n02494079 12 10 345 236 ,n02494079
ILSVRC2012_val_00040128,n02494079 85 62 317 496 ,n02494079
ILSVRC2012_val_00026108,n02494079 49 36 675 469 n02494079 175 31 473 223 ,n02494079
ILSVRC2012_val_00034293,n02494079 63 24 285 227 ,n02494079
ILSVRC2012_val_00023305,n02494079 62 73 343 308 ,n02494079
ILSVRC2012_val_00021917,n02497673 0 150 333 374 ,n02497673
ILSVRC2012_val_00019727,n02497673 17 61 405 389 ,n02497673
ILSVRC2012_val_00021917,n02497673 0 150 333 374 ,n02497673
ILSVRC2012_val_00043657,n02497673 15 36 192 360 n02497673 183 34 287 348 ,n02497673
ILSVRC2012_val_00045662,n02497673 9 11 267 214 ,n02497673
ILSVRC2012_val_00028011,n02500267 0 102 297 498 ,n02500267
ILSVRC2012_val_00008415,n02500267 168 38 404 293 ,n02500267
ILSVRC2012_val_00040160,n02500267 174 248 327 404 n02500267 92 74 250 236 ,n02500267
ILSVRC2012_val_00029052,n02500267 92 111 262 279 n02500267 323 131 480 258 ,n02500267
ILSVRC2012_val_00042622,n02500267 7 58 304 448 ,n02500267
ILSVRC2012_val_00017867,n02504013 369 32 2711 2585 n02504013 2724 1413 3333 2365 ,n02504013
ILSVRC2012_val_00004882,n02504013 64 59 289 263 n02504013 324 157 551 292 n02504013 257 64 547 280 ,n02504013
ILSVRC2012_val_00034664,n02504013 408 403 1722 1820 ,n02504013
ILSVRC2012_val_00013733,n02504013 284 128 1059 1021 ,n02504013
ILSVRC2012_val_00010713,n02504013 280 136 646 511 n02504013 0 209 177 560 ,n02504013
ILSVRC2012_val_00018201,n02504458 50 116 298 268 ,n02504458
ILSVRC2012_val_00010196,n02504458 241 129 436 314 n02504458 43 126 203 303 ,n02504458
ILSVRC2012_val_00015578,n02504458 77 112 252 236 ,n02504458
ILSVRC2012_val_00001958,n02504458 0 43 498 422 ,n02504458
ILSVRC2012_val_00010619,n02504458 0 31 313 374 ,n02504458
ILSVRC2012_val_00031881,n02509815 94 0 499 342 ,n02509815
ILSVRC2012_val_00043604,n02509815 211 106 297 234 ,n02509815
ILSVRC2012_val_00035546,n02509815 83 30 291 242 ,n02509815
ILSVRC2012_val_00014254,n02509815 38 65 399 261 ,n02509815
ILSVRC2012_val_00017831,n02509815 1 65 211 318 ,n02509815
ILSVRC2012_val_00025586,n02510455 92 55 354 333 ,n02510455
ILSVRC2012_val_00025542,n02510455 50 34 458 374 ,n02510455
ILSVRC2012_val_00025586,n02510455 92 55 354 333 ,n02510455
ILSVRC2012_val_00007942,n02510455 0 0 446 335 ,n02510455
ILSVRC2012_val_00007107,n02510455 124 12 364 328 ,n02510455
ILSVRC2012_val_00048764,n02514041 96 222 612 409 ,n02514041
ILSVRC2012_val_00026932,n02514041 50 10 520 820 ,n02514041
ILSVRC2012_val_00037329,n02514041 60 72 482 404 ,n02514041
ILSVRC2012_val_00026611,n02514041 55 81 407 799 ,n02514041
ILSVRC2012_val_00026932,n02514041 50 10 520 820 ,n02514041
ILSVRC2012_val_00032579,n02526121 52 68 382 374 ,n02526121
ILSVRC2012_val_00041627,n02526121 0 62 335 451 ,n02526121
ILSVRC2012_val_00015752,n02526121 57 70 321 405 n02526121 230 1 326 240 n02526121 3 18 186 156 ,n02526121
ILSVRC2012_val_00020757,n02526121 71 163 402 310 n02526121 274 287 446 471 ,n02526121
ILSVRC2012_val_00025800,n02526121 72 92 295 372 ,n02526121
ILSVRC2012_val_00048920,n02536864 108 202 208 451 ,n02536864
ILSVRC2012_val_00019489,n02536864 256 260 368 498 n02536864 127 0 288 83 n02536864 157 135 347 481 n02536864 45 71 165 422 n02536864 123 0 291 86 n02536864 172 86 292 225 ,n02536864
ILSVRC2012_val_00019063,n02536864 167 258 242 498 n02536864 267 270 357 498 n02536864 78 255 145 498 ,n02536864
ILSVRC2012_val_00008059,n02536864 148 214 334 292 ,n02536864
ILSVRC2012_val_00037692,n02536864 182 192 389 295 n02536864 131 142 207 334 n02536864 123 340 161 374 n02536864 183 137 233 306 n02536864 163 352 263 374 ,n02536864
ILSVRC2012_val_00002149,n02606052 258 195 1181 864 ,n02606052
ILSVRC2012_val_00019586,n02606052 204 146 553 513 ,n02606052
ILSVRC2012_val_00017678,n02606052 131 99 411 502 ,n02606052
ILSVRC2012_val_00007163,n02606052 155 242 269 462 ,n02606052
ILSVRC2012_val_00008724,n02606052 150 43 460 317 ,n02606052
ILSVRC2012_val_00049443,n02607072 26 45 420 430 ,n02607072
ILSVRC2012_val_00011419,n02607072 45 201 241 445 n02607072 268 156 426 310 ,n02607072
ILSVRC2012_val_00004672,n02607072 46 211 225 283 n02607072 164 176 278 229 ,n02607072
ILSVRC2012_val_00015024,n02607072 216 87 280 214 ,n02607072
ILSVRC2012_val_00014443,n02607072 104 1 358 233 ,n02607072
ILSVRC2012_val_00007636,n02640242 53 111 321 388 ,n02640242
ILSVRC2012_val_00007895,n02640242 29 95 487 247 ,n02640242
ILSVRC2012_val_00014763,n02640242 127 82 448 191 ,n02640242
ILSVRC2012_val_00046943,n02640242 1 113 499 349 ,n02640242
ILSVRC2012_val_00009240,n02640242 21 101 499 328 n02640242 439 62 491 127 ,n02640242
ILSVRC2012_val_00024220,n02641379 17 106 496 358 ,n02641379
ILSVRC2012_val_00030098,n02641379 99 94 497 168 n02641379 2 197 373 273 ,n02641379
ILSVRC2012_val_00020693,n02641379 47 68 499 270 ,n02641379
ILSVRC2012_val_00035246,n02641379 10 67 424 180 ,n02641379
ILSVRC2012_val_00004127,n02641379 58 114 475 216 ,n02641379
ILSVRC2012_val_00041221,n02643566 0 33 479 348 ,n02643566
ILSVRC2012_val_00009617,n02643566 1 30 436 375 ,n02643566
ILSVRC2012_val_00011576,n02643566 27 9 379 369 ,n02643566
ILSVRC2012_val_00042126,n02643566 34 64 430 321 ,n02643566
ILSVRC2012_val_00043004,n02643566 144 149 425 441 n02643566 97 0 425 195 ,n02643566
ILSVRC2012_val_00008373,n02655020 30 43 465 386 ,n02655020
ILSVRC2012_val_00044313,n02655020 83 61 363 341 ,n02655020
ILSVRC2012_val_00002401,n02655020 1 141 398 385 ,n02655020
ILSVRC2012_val_00019403,n02655020 98 100 434 265 ,n02655020
ILSVRC2012_val_00000918,n02655020 58 302 226 405 ,n02655020
ILSVRC2012_val_00000038,n02666196 242 7 431 361 ,n02666196
ILSVRC2012_val_00045583,n02666196 34 204 1073 507 ,n02666196
ILSVRC2012_val_00008091,n02666196 9 93 698 464 ,n02666196
ILSVRC2012_val_00025605,n02666196 27 31 611 364 ,n02666196
ILSVRC2012_val_00009486,n02666196 0 1 678 498 ,n02666196
ILSVRC2012_val_00005187,n02667093 6 37 243 399 ,n02667093
ILSVRC2012_val_00048389,n02667093 1 1 304 272 ,n02667093
ILSVRC2012_val_00022263,n02667093 0 12 300 399 ,n02667093
ILSVRC2012_val_00048389,n02667093 1 1 304 272 ,n02667093
ILSVRC2012_val_00011829,n02667093 6 46 298 421 ,n02667093
ILSVRC2012_val_00005192,n02669723 15 234 249 498 n02669723 267 309 331 498 n02669723 222 325 272 498 ,n02669723
ILSVRC2012_val_00047932,n02669723 403 154 464 285 n02669723 266 160 307 255 n02669723 267 160 306 255 n02669723 296 147 344 275 n02669723 44 159 100 265 n02669723 372 173 414 273 n02669723 221 151 265 261 n02669723 131 156 185 269 n02669723 89 153 142 271 n02669723 340 156 384 280 n02669723 176 161 205 259 ,n02669723
ILSVRC2012_val_00021881,n02669723 203 190 356 331 n02669723 111 169 164 247 n02669723 161 165 206 245 n02669723 196 163 241 248 ,n02669723
ILSVRC2012_val_00024610,n02669723 124 172 221 331 n02669723 281 211 338 331 n02669723 341 214 399 329 n02669723 64 212 111 281 n02669723 95 228 139 331 ,n02669723
ILSVRC2012_val_00003289,n02669723 90 239 192 497 n02669723 231 266 330 497 n02669723 196 269 230 395 n02669723 8 260 65 357 n02669723 63 259 91 352 n02669723 95 241 220 442 ,n02669723
ILSVRC2012_val_00007453,n02672831 186 200 454 332 ,n02672831
ILSVRC2012_val_00040830,n02672831 142 1 499 332 ,n02672831
ILSVRC2012_val_00028037,n02672831 70 150 227 338 n02672831 0 45 56 382 n02672831 246 186 373 440 ,n02672831
ILSVRC2012_val_00003980,n02672831 180 167 335 291 ,n02672831
ILSVRC2012_val_00003432,n02672831 177 312 378 490 ,n02672831
ILSVRC2012_val_00003813,n02676566 0 14 499 294 ,n02676566
ILSVRC2012_val_00048632,n02676566 41 161 461 337 ,n02676566
ILSVRC2012_val_00002062,n02676566 212 10 381 452 ,n02676566
ILSVRC2012_val_00044733,n02676566 1 0 499 331 ,n02676566
ILSVRC2012_val_00003813,n02676566 0 14 499 294 ,n02676566
ILSVRC2012_val_00004089,n02687172 1 175 499 335 n02687172 395 181 499 317 ,n02687172
ILSVRC2012_val_00049575,n02687172 0 322 499 374 ,n02687172
ILSVRC2012_val_00032182,n02687172 153 21 499 218 ,n02687172
ILSVRC2012_val_00031383,n02687172 16 86 462 215 ,n02687172
ILSVRC2012_val_00047902,n02687172 153 18 498 235 ,n02687172
ILSVRC2012_val_00030531,n02690373 57 67 463 242 ,n02690373
ILSVRC2012_val_00040547,n02690373 0 8 484 356 ,n02690373
ILSVRC2012_val_00026189,n02690373 12 116 488 256 ,n02690373
ILSVRC2012_val_00012263,n02690373 57 76 462 219 ,n02690373
ILSVRC2012_val_00019677,n02690373 24 107 476 220 ,n02690373
ILSVRC2012_val_00037584,n02692877 177 18 345 73 n02692877 228 313 255 342 ,n02692877
ILSVRC2012_val_00002523,n02692877 142 209 400 288 ,n02692877
ILSVRC2012_val_00036051,n02692877 29 48 399 197 ,n02692877
ILSVRC2012_val_00026359,n02692877 300 201 451 271 ,n02692877
ILSVRC2012_val_00020020,n02692877 31 111 484 243 ,n02692877
ILSVRC2012_val_00009725,n02699494 105 12 374 258 ,n02699494
ILSVRC2012_val_00021990,n02699494 84 9 417 374 ,n02699494
ILSVRC2012_val_00006462,n02699494 62 71 446 313 ,n02699494
ILSVRC2012_val_00041325,n02699494 231 230 271 362 n02699494 223 357 325 386 n02699494 185 361 327 383 n02699494 282 244 311 335 n02699494 314 243 349 335 n02699494 416 363 453 383 n02699494 188 243 218 333 n02699494 73 177 133 354 ,n02699494
ILSVRC2012_val_00027122,n02699494 46 38 331 312 ,n02699494
ILSVRC2012_val_00024658,n02701002 25 42 457 322 ,n02701002
ILSVRC2012_val_00046706,n02701002 44 48 458 322 n02701002 353 114 499 263 ,n02701002
ILSVRC2012_val_00025443,n02701002 33 166 280 282 n02701002 310 155 477 254 ,n02701002
ILSVRC2012_val_00011186,n02701002 32 29 457 321 ,n02701002
ILSVRC2012_val_00029222,n02701002 26 98 352 301 n02701002 28 98 351 301 n02701002 303 114 469 258 ,n02701002
ILSVRC2012_val_00034843,n02704792 22 59 565 368 ,n02704792
ILSVRC2012_val_00009681,n02704792 5 72 299 215 n02704792 68 71 242 107 n02704792 63 27 234 104 ,n02704792
ILSVRC2012_val_00049430,n02704792 136 64 624 339 ,n02704792
ILSVRC2012_val_00049628,n02704792 63 100 206 190 ,n02704792
ILSVRC2012_val_00026975,n02704792 253 391 1233 711 ,n02704792
ILSVRC2012_val_00019532,n02708093 3 1 331 498 ,n02708093
ILSVRC2012_val_00004360,n02708093 1 94 478 440 ,n02708093
ILSVRC2012_val_00044049,n02708093 72 68 353 468 ,n02708093
ILSVRC2012_val_00024690,n02708093 395 121 692 369 n02708093 115 131 391 368 ,n02708093
ILSVRC2012_val_00024690,n02708093 395 121 692 369 n02708093 115 131 391 368 ,n02708093
ILSVRC2012_val_00021751,n02727426 429 104 458 130 n02727426 234 230 337 308 n02727426 336 117 363 144 n02727426 49 112 91 169 n02727426 243 103 268 127 n02727426 286 157 335 206 n02727426 471 108 499 136 n02727426 332 101 354 119 n02727426 233 301 334 354 n02727426 194 169 296 229 n02727426 153 229 246 321 ,n02727426
ILSVRC2012_val_00007679,n02727426 33 240 215 432 ,n02727426
ILSVRC2012_val_00023061,n02727426 120 248 277 410 n02727426 131 260 275 400 n02727426 212 141 357 327 n02727426 0 212 98 355 n02727426 0 296 173 458 ,n02727426
ILSVRC2012_val_00015988,n02727426 0 41 330 451 ,n02727426
ILSVRC2012_val_00039440,n02727426 73 197 316 468 n02727426 218 287 373 498 n02727426 1 80 161 317 ,n02727426
ILSVRC2012_val_00016184,n02730930 33 53 367 480 ,n02730930
ILSVRC2012_val_00003567,n02730930 24 95 158 337 ,n02730930
ILSVRC2012_val_00034302,n02730930 3 7 1126 1433 ,n02730930
ILSVRC2012_val_00003567,n02730930 24 95 158 337 ,n02730930
ILSVRC2012_val_00020467,n02730930 0 0 347 498 ,n02730930
ILSVRC2012_val_00000979,n02747177 131 135 286 355 n02747177 45 271 194 458 ,n02747177
ILSVRC2012_val_00000979,n02747177 131 135 286 355 n02747177 45 271 194 458 ,n02747177
ILSVRC2012_val_00030962,n02747177 189 0 399 387 ,n02747177
ILSVRC2012_val_00004907,n02747177 241 181 419 348 n02747177 61 4 266 308 ,n02747177
ILSVRC2012_val_00004907,n02747177 241 181 419 348 n02747177 61 4 266 308 ,n02747177
ILSVRC2012_val_00002269,n02749479 129 85 287 148 n02749479 291 172 338 206 ,n02749479
ILSVRC2012_val_00002269,n02749479 129 85 287 148 n02749479 291 172 338 206 ,n02749479
ILSVRC2012_val_00012724,n02749479 0 35 499 315 ,n02749479
ILSVRC2012_val_00039278,n02749479 95 141 305 346 n02749479 172 65 231 153 n02749479 267 66 313 97 n02749479 325 30 358 78 ,n02749479
ILSVRC2012_val_00018213,n02749479 163 202 265 438 ,n02749479
ILSVRC2012_val_00036149,n02769748 27 106 185 348 n02769748 135 225 320 447 n02769748 306 146 373 260 n02769748 186 123 238 218 ,n02769748
ILSVRC2012_val_00026564,n02769748 44 49 479 363 ,n02769748
ILSVRC2012_val_00006176,n02769748 31 2 373 498 n02769748 182 343 258 443 ,n02769748
ILSVRC2012_val_00026564,n02769748 44 49 479 363 ,n02769748
ILSVRC2012_val_00016935,n02769748 1 2 499 374 ,n02769748
ILSVRC2012_val_00039503,n02776631 0 0 499 373 ,n02776631
ILSVRC2012_val_00028186,n02776631 2 4 488 435 ,n02776631
ILSVRC2012_val_00008915,n02776631 1 0 360 380 ,n02776631
ILSVRC2012_val_00045208,n02776631 384 241 438 294 n02776631 204 92 301 136 n02776631 371 281 431 330 n02776631 251 252 304 297 n02776631 270 182 312 211 n02776631 106 268 153 366 n02776631 222 177 273 222 ,n02776631
ILSVRC2012_val_00039610,n02776631 0 0 373 496 ,n02776631
ILSVRC2012_val_00041331,n02777292 2 465 437 532 n02777292 4 394 438 464 n02777292 0 353 438 396 ,n02777292
ILSVRC2012_val_00026742,n02777292 97 12 378 950 n02777292 0 937 561 997 ,n02777292
ILSVRC2012_val_00028054,n02777292 0 312 431 397 ,n02777292
ILSVRC2012_val_00018746,n02777292 0 391 409 553 ,n02777292
ILSVRC2012_val_00004895,n02777292 0 203 499 374 ,n02777292
ILSVRC2012_val_00013894,n02782093 77 12 321 370 ,n02782093
ILSVRC2012_val_00014667,n02782093 372 202 411 250 n02782093 309 131 337 168 n02782093 172 252 194 281 n02782093 355 121 371 141 n02782093 246 238 269 271 n02782093 116 93 138 117 n02782093 445 245 467 270 n02782093 247 168 258 181 n02782093 332 227 353 254 n02782093 80 195 96 213 n02782093 199 131 212 148 n02782093 249 141 257 152 n02782093 314 222 328 238 ,n02782093
ILSVRC2012_val_00003640,n02782093 116 32 413 328 ,n02782093
ILSVRC2012_val_00027395,n02782093 2 33 499 374 ,n02782093
ILSVRC2012_val_00047373,n02782093 250 32 476 310 n02782093 77 47 272 311 ,n02782093
ILSVRC2012_val_00045467,n02783161 198 0 499 251 ,n02783161
ILSVRC2012_val_00007888,n02783161 226 16 283 368 ,n02783161
ILSVRC2012_val_00033729,n02783161 100 35 174 346 n02783161 191 28 262 353 n02783161 301 20 371 312 ,n02783161
ILSVRC2012_val_00034540,n02783161 136 41 225 372 n02783161 226 49 305 374 n02783161 305 84 491 374 n02783161 30 49 174 372 n02783161 262 58 413 374 ,n02783161
ILSVRC2012_val_00033768,n02783161 1 21 499 332 ,n02783161
ILSVRC2012_val_00003238,n02786058 81 102 283 349 ,n02786058
ILSVRC2012_val_00024570,n02786058 97 251 184 335 ,n02786058
ILSVRC2012_val_00016079,n02786058 38 36 262 222 ,n02786058
ILSVRC2012_val_00007865,n02786058 91 196 165 253 ,n02786058
ILSVRC2012_val_00007865,n02786058 91 196 165 253 ,n02786058
ILSVRC2012_val_00018617,n02787622 46 60 373 466 ,n02787622
ILSVRC2012_val_00017233,n02787622 12 21 374 445 ,n02787622
ILSVRC2012_val_00006855,n02787622 207 37 373 278 ,n02787622
ILSVRC2012_val_00042522,n02787622 72 86 452 279 ,n02787622
ILSVRC2012_val_00022234,n02787622 31 93 441 297 ,n02787622
ILSVRC2012_val_00009195,n02788148 2 88 1066 1069 n02788148 737 18 1267 544 n02788148 1315 268 1597 675 n02788148 369 0 712 233 ,n02788148
ILSVRC2012_val_00044953,n02788148 0 138 563 478 ,n02788148
ILSVRC2012_val_00033275,n02788148 0 0 272 483 ,n02788148
ILSVRC2012_val_00027440,n02788148 0 38 697 523 ,n02788148
ILSVRC2012_val_00027018,n02788148 0 351 1590 810 ,n02788148
ILSVRC2012_val_00039311,n02790996 27 70 430 201 ,n02790996
ILSVRC2012_val_00032434,n02790996 57 157 320 246 n02790996 86 265 112 353 n02790996 316 310 365 360 n02790996 282 336 318 355 n02790996 271 363 290 377 n02790996 351 351 373 388 ,n02790996
ILSVRC2012_val_00024730,n02790996 114 318 168 361 n02790996 74 119 206 270 n02790996 196 326 238 367 ,n02790996
ILSVRC2012_val_00010081,n02790996 206 185 290 261 ,n02790996
ILSVRC2012_val_00014671,n02790996 12 70 600 415 ,n02790996
ILSVRC2012_val_00044194,n02791124 140 248 238 402 ,n02791124
ILSVRC2012_val_00033973,n02791124 140 282 423 374 ,n02791124
ILSVRC2012_val_00031372,n02791124 0 105 311 345 n02791124 237 78 481 339 n02791124 242 90 456 257 ,n02791124
ILSVRC2012_val_00044551,n02791124 45 130 242 435 ,n02791124
ILSVRC2012_val_00031805,n02791124 181 183 381 469 ,n02791124
ILSVRC2012_val_00022409,n02791270 17 11 485 483 ,n02791270
ILSVRC2012_val_00014176,n02791270 0 0 498 497 ,n02791270
ILSVRC2012_val_00019650,n02791270 0 0 499 374 ,n02791270
ILSVRC2012_val_00023276,n02791270 1 0 499 374 ,n02791270
ILSVRC2012_val_00045504,n02791270 23 19 478 319 ,n02791270
ILSVRC2012_val_00000693,n02793495 52 190 297 343 ,n02793495
ILSVRC2012_val_00010566,n02793495 39 67 483 279 ,n02793495
ILSVRC2012_val_00004575,n02793495 104 63 449 245 n02793495 4 147 147 243 ,n02793495
ILSVRC2012_val_00033448,n02793495 167 184 390 281 ,n02793495
ILSVRC2012_val_00000693,n02793495 52 190 297 343 ,n02793495
ILSVRC2012_val_00028271,n02794156 91 41 338 333 ,n02794156
ILSVRC2012_val_00040029,n02794156 85 27 414 359 n02794156 299 333 474 372 n02794156 63 355 194 371 ,n02794156
ILSVRC2012_val_00008321,n02794156 90 20 398 326 ,n02794156
ILSVRC2012_val_00006960,n02794156 88 3 206 498 ,n02794156
ILSVRC2012_val_00039070,n02794156 0 23 330 498 ,n02794156
ILSVRC2012_val_00013778,n02795169 176 159 298 286 ,n02795169
ILSVRC2012_val_00004283,n02795169 84 2 239 272 n02795169 0 106 127 353 ,n02795169
ILSVRC2012_val_00006754,n02795169 29 171 98 286 ,n02795169
ILSVRC2012_val_00040306,n02795169 95 57 239 210 n02795169 110 230 239 319 ,n02795169
ILSVRC2012_val_00018761,n02795169 81 94 393 516 ,n02795169
ILSVRC2012_val_00017307,n02797295 166 209 301 367 ,n02797295
ILSVRC2012_val_00032004,n02797295 71 12 355 363 ,n02797295
ILSVRC2012_val_00005347,n02797295 62 44 389 358 n02797295 219 46 382 349 ,n02797295
ILSVRC2012_val_00031279,n02797295 8 75 365 429 ,n02797295
ILSVRC2012_val_00019109,n02797295 138 194 264 344 ,n02797295
ILSVRC2012_val_00006073,n02799071 73 137 211 276 ,n02799071
ILSVRC2012_val_00006073,n02799071 73 137 211 276 ,n02799071
ILSVRC2012_val_00040705,n02799071 1 172 200 390 ,n02799071
ILSVRC2012_val_00040705,n02799071 1 172 200 390 ,n02799071
ILSVRC2012_val_00046471,n02799071 50 53 343 333 ,n02799071
ILSVRC2012_val_00004993,n02802426 0 302 43 343 ,n02802426
ILSVRC2012_val_00003037,n02802426 115 167 181 234 ,n02802426
ILSVRC2012_val_00036609,n02802426 130 135 167 178 ,n02802426
ILSVRC2012_val_00034170,n02802426 103 181 142 222 ,n02802426
ILSVRC2012_val_00003037,n02802426 115 167 181 234 ,n02802426
ILSVRC2012_val_00028228,n02804414 168 33 462 337 ,n02804414
ILSVRC2012_val_00044331,n02804414 45 141 347 498 ,n02804414
ILSVRC2012_val_00020912,n02804414 2 41 497 333 ,n02804414
ILSVRC2012_val_00032436,n02804414 73 2 434 374 ,n02804414
ILSVRC2012_val_00041287,n02804414 17 69 641 580 ,n02804414
ILSVRC2012_val_00014826,n02804610 68 171 168 498 n02804610 67 177 125 497 n02804610 242 130 332 263 ,n02804610
ILSVRC2012_val_00030587,n02804610 310 115 375 240 n02804610 195 177 263 220 ,n02804610
ILSVRC2012_val_00021821,n02804610 17 134 210 327 ,n02804610
ILSVRC2012_val_00011274,n02804610 2 44 236 354 ,n02804610
ILSVRC2012_val_00001090,n02804610 51 7 147 219 ,n02804610
ILSVRC2012_val_00042941,n02807133 92 138 185 228 ,n02807133
ILSVRC2012_val_00020561,n02807133 86 9 247 142 ,n02807133
ILSVRC2012_val_00011615,n02807133 67 111 217 240 ,n02807133
ILSVRC2012_val_00012606,n02807133 193 136 250 198 n02807133 319 158 381 213 n02807133 38 130 105 190 n02807133 130 173 176 218 n02807133 262 176 312 220 n02807133 0 145 45 186 n02807133 147 153 182 177 ,n02807133
ILSVRC2012_val_00011615,n02807133 67 111 217 240 ,n02807133
ILSVRC2012_val_00048667,n02808304 67 96 422 183 n02808304 35 232 410 270 n02808304 48 152 418 218 ,n02808304
ILSVRC2012_val_00004179,n02808304 37 19 459 374 n02808304 0 0 143 169 ,n02808304
ILSVRC2012_val_00022989,n02808304 177 249 470 374 ,n02808304
ILSVRC2012_val_00048667,n02808304 67 96 422 183 n02808304 35 232 410 270 n02808304 48 152 418 218 ,n02808304
ILSVRC2012_val_00048417,n02808304 0 0 499 221 n02808304 10 64 499 374 ,n02808304
ILSVRC2012_val_00027377,n02808440 2 216 499 374 ,n02808440
ILSVRC2012_val_00007187,n02808440 0 0 499 374 ,n02808440
ILSVRC2012_val_00043361,n02808440 0 3 357 491 ,n02808440
ILSVRC2012_val_00028638,n02808440 1 178 499 372 ,n02808440
ILSVRC2012_val_00002638,n02808440 0 0 498 440 ,n02808440
ILSVRC2012_val_00040706,n02814533 12 123 499 270 ,n02814533
ILSVRC2012_val_00019478,n02814533 4 162 499 328 ,n02814533
ILSVRC2012_val_00030834,n02814533 177 247 334 346 ,n02814533
ILSVRC2012_val_00018138,n02814533 46 68 470 285 n02814533 350 54 499 210 n02814533 277 58 361 92 n02814533 354 53 499 210 ,n02814533
ILSVRC2012_val_00007786,n02814533 47 63 480 346 n02814533 30 68 122 121 n02814533 0 80 30 129 ,n02814533
ILSVRC2012_val_00000483,n02814860 43 52 212 397 ,n02814860
ILSVRC2012_val_00005382,n02814860 114 33 180 236 ,n02814860
ILSVRC2012_val_00005131,n02814860 228 44 279 216 ,n02814860
ILSVRC2012_val_00041138,n02814860 131 91 197 421 ,n02814860
ILSVRC2012_val_00002202,n02814860 53 64 99 190 ,n02814860
ILSVRC2012_val_00001780,n02815834 154 151 364 346 n02815834 24 105 238 350 n02815834 358 198 475 348 ,n02815834
ILSVRC2012_val_00044110,n02815834 13 1 151 199 n02815834 133 1 239 149 n02815834 95 90 229 332 n02815834 229 83 417 332 n02815834 370 1 490 235 n02815834 47 40 155 204 n02815834 388 94 499 332 n02815834 404 96 499 332 n02815834 181 0 334 260 n02815834 442 201 499 332 n02815834 0 49 53 249 n02815834 290 3 363 83 n02815834 0 189 107 332 n02815834 409 141 499 332 ,n02815834
ILSVRC2012_val_00037928,n02815834 95 129 238 332 ,n02815834
ILSVRC2012_val_00010486,n02815834 67 6 288 482 ,n02815834
ILSVRC2012_val_00001251,n02815834 170 166 332 498 n02815834 75 186 207 441 n02815834 0 227 80 422 n02815834 61 241 118 371 n02815834 13 207 61 340 n02815834 128 237 212 400 n02815834 115 223 225 412 ,n02815834
ILSVRC2012_val_00029628,n02817516 57 230 96 285 ,n02817516
ILSVRC2012_val_00027247,n02817516 91 1 268 112 ,n02817516
ILSVRC2012_val_00024828,n02817516 202 158 252 215 ,n02817516
ILSVRC2012_val_00016063,n02817516 216 171 270 237 ,n02817516
ILSVRC2012_val_00040349,n02817516 374 86 420 146 n02817516 318 118 344 144 n02817516 249 113 279 144 n02817516 163 105 191 137 n02817516 203 114 226 145 n02817516 124 110 152 136 ,n02817516
ILSVRC2012_val_00039338,n02823428 169 82 239 306 n02823428 246 101 295 259 n02823428 296 82 346 248 n02823428 344 85 394 239 ,n02823428
ILSVRC2012_val_00037635,n02823428 31 3 208 333 n02823428 207 0 328 333 n02823428 324 0 390 328 n02823428 378 0 444 333 n02823428 210 3 328 332 n02823428 445 0 499 333 ,n02823428
ILSVRC2012_val_00009225,n02823428 145 28 262 465 ,n02823428
ILSVRC2012_val_00034979,n02823428 197 0 326 482 n02823428 121 17 210 452 n02823428 70 70 140 426 n02823428 31 76 96 411 ,n02823428
ILSVRC2012_val_00042147,n02823428 159 164 194 294 n02823428 224 161 261 295 n02823428 196 164 224 297 n02823428 300 151 340 300 ,n02823428
ILSVRC2012_val_00047477,n02823750 0 0 373 498 ,n02823750
ILSVRC2012_val_00009391,n02823750 16 40 323 498 n02823750 307 282 373 498 n02823750 111 281 217 376 ,n02823750
ILSVRC2012_val_00007022,n02823750 29 0 249 296 n02823750 250 2 430 295 ,n02823750
ILSVRC2012_val_00005229,n02823750 128 62 226 265 n02823750 283 0 398 250 ,n02823750
ILSVRC2012_val_00041752,n02823750 73 81 250 463 n02823750 112 181 131 281 ,n02823750
ILSVRC2012_val_00037196,n02825657 417 173 466 224 n02825657 441 190 466 223 ,n02825657
ILSVRC2012_val_00049548,n02825657 233 225 278 278 ,n02825657
ILSVRC2012_val_00001103,n02825657 175 62 261 161 ,n02825657
ILSVRC2012_val_00038394,n02825657 515 81 557 152 ,n02825657
ILSVRC2012_val_00015948,n02825657 113 215 237 355 ,n02825657
ILSVRC2012_val_00026282,n02834397 26 18 411 498 ,n02834397
ILSVRC2012_val_00039143,n02834397 37 10 370 496 ,n02834397
ILSVRC2012_val_00023522,n02834397 23 57 267 298 n02834397 116 73 362 457 ,n02834397
ILSVRC2012_val_00009891,n02834397 0 1 412 361 ,n02834397
ILSVRC2012_val_00014648,n02834397 14 38 495 452 ,n02834397
ILSVRC2012_val_00005274,n02835271 16 36 466 355 ,n02835271
ILSVRC2012_val_00042496,n02835271 53 175 335 333 ,n02835271
ILSVRC2012_val_00005274,n02835271 16 36 466 355 ,n02835271
ILSVRC2012_val_00016532,n02835271 139 186 431 365 ,n02835271
ILSVRC2012_val_00038409,n02835271 39 52 486 300 ,n02835271
ILSVRC2012_val_00020662,n02837789 112 176 263 351 ,n02837789
ILSVRC2012_val_00029940,n02837789 68 254 216 498 n02837789 113 87 184 231 n02837789 68 319 190 381 n02837789 174 159 226 236 ,n02837789
ILSVRC2012_val_00013671,n02837789 21 226 261 498 ,n02837789
ILSVRC2012_val_00009805,n02837789 23 20 360 478 ,n02837789
ILSVRC2012_val_00004709,n02837789 95 161 299 423 ,n02837789
ILSVRC2012_val_00018464,n02840245 38 225 567 551 n02840245 393 18 613 281 n02840245 227 4 451 261 n02840245 318 0 526 274 ,n02840245
ILSVRC2012_val_00029167,n02840245 117 149 445 435 n02840245 0 14 488 334 n02840245 177 66 267 168 ,n02840245
ILSVRC2012_val_00030462,n02840245 180 9 291 264 n02840245 6 26 295 292 ,n02840245
ILSVRC2012_val_00016307,n02840245 107 0 1017 824 ,n02840245
ILSVRC2012_val_00005370,n02840245 5 88 496 413 ,n02840245
ILSVRC2012_val_00040542,n02841315 176 58 327 150 ,n02841315
ILSVRC2012_val_00008614,n02841315 11 27 476 490 ,n02841315
ILSVRC2012_val_00029279,n02841315 162 86 330 175 ,n02841315
ILSVRC2012_val_00014836,n02841315 107 167 222 213 ,n02841315
ILSVRC2012_val_00019552,n02841315 107 130 370 374 ,n02841315
ILSVRC2012_val_00008769,n02843684 0 80 326 498 ,n02843684
ILSVRC2012_val_00028359,n02843684 23 46 330 362 ,n02843684
ILSVRC2012_val_00003952,n02843684 27 63 212 289 ,n02843684
ILSVRC2012_val_00012709,n02843684 52 100 336 282 ,n02843684
ILSVRC2012_val_00000514,n02843684 29 89 473 347 ,n02843684
ILSVRC2012_val_00007424,n02859443 335 165 449 230 n02859443 453 190 483 220 n02859443 334 166 449 230 n02859443 0 14 360 315 ,n02859443
ILSVRC2012_val_00038972,n02859443 77 128 303 292 n02859443 333 185 494 286 ,n02859443
ILSVRC2012_val_00007424,n02859443 335 165 449 230 n02859443 453 190 483 220 n02859443 334 166 449 230 n02859443 0 14 360 315 ,n02859443
ILSVRC2012_val_00020714,n02859443 221 226 246 261 n02859443 274 182 302 263 n02859443 175 191 218 268 n02859443 66 185 138 257 n02859443 316 159 490 271 n02859443 146 197 172 262 n02859443 301 182 331 269 n02859443 243 226 268 264 ,n02859443
ILSVRC2012_val_00025166,n02859443 43 113 276 252 ,n02859443
ILSVRC2012_val_00013695,n02860847 71 114 673 505 ,n02860847
ILSVRC2012_val_00019538,n02860847 1 85 499 328 ,n02860847
ILSVRC2012_val_00020605,n02860847 162 191 284 264 ,n02860847
ILSVRC2012_val_00038700,n02860847 119 18 499 327 ,n02860847
ILSVRC2012_val_00037897,n02860847 0 182 383 374 ,n02860847
ILSVRC2012_val_00042419,n02865351 91 0 753 732 ,n02865351
ILSVRC2012_val_00018752,n02865351 91 17 297 435 ,n02865351
ILSVRC2012_val_00012866,n02865351 205 1 352 443 ,n02865351
ILSVRC2012_val_00035708,n02865351 10 0 346 409 ,n02865351
ILSVRC2012_val_00049314,n02865351 26 0 232 411 ,n02865351
ILSVRC2012_val_00044375,n02869837 7 28 393 497 ,n02869837
ILSVRC2012_val_00048057,n02869837 28 18 478 495 ,n02869837
ILSVRC2012_val_00044375,n02869837 7 28 393 497 ,n02869837
ILSVRC2012_val_00035326,n02869837 101 65 438 345 ,n02869837
ILSVRC2012_val_00014554,n02869837 73 108 368 323 ,n02869837
ILSVRC2012_val_00035826,n02870880 46 9 259 357 ,n02870880
ILSVRC2012_val_00020091,n02870880 84 59 352 195 n02870880 83 199 201 283 ,n02870880
ILSVRC2012_val_00009820,n02870880 79 97 363 578 n02870880 364 378 448 596 ,n02870880
ILSVRC2012_val_00023672,n02870880 9 28 955 933 ,n02870880
ILSVRC2012_val_00023672,n02870880 9 28 955 933 ,n02870880
ILSVRC2012_val_00045104,n02871525 1 0 499 357 ,n02871525
ILSVRC2012_val_00039702,n02871525 30 101 139 329 n02871525 5 7 496 337 n02871525 357 102 464 284 ,n02871525
ILSVRC2012_val_00017877,n02871525 416 57 498 184 n02871525 28 126 110 273 n02871525 27 13 499 294 ,n02871525
ILSVRC2012_val_00020335,n02871525 0 4 483 392 ,n02871525
ILSVRC2012_val_00019487,n02871525 310 3 499 372 n02871525 1 2 307 371 ,n02871525
ILSVRC2012_val_00041719,n02877765 143 91 331 268 ,n02877765
ILSVRC2012_val_00003266,n02877765 128 277 212 362 n02877765 131 396 217 488 n02877765 117 165 203 248 n02877765 242 405 327 487 n02877765 336 283 430 376 n02877765 346 401 436 492 n02877765 30 57 112 142 n02877765 228 162 320 256 n02877765 235 286 320 371 n02877765 17 168 100 252 n02877765 17 280 110 372 n02877765 336 166 422 256 n02877765 237 66 330 156 n02877765 7 390 101 482 ,n02877765
ILSVRC2012_val_00012571,n02877765 145 112 431 397 ,n02877765
ILSVRC2012_val_00009849,n02877765 46 43 446 439 ,n02877765
ILSVRC2012_val_00023029,n02877765 18 282 263 490 n02877765 56 121 188 243 n02877765 245 212 373 312 ,n02877765
ILSVRC2012_val_00034759,n02879718 17 116 174 512 ,n02879718
ILSVRC2012_val_00043151,n02879718 46 0 200 498 ,n02879718
ILSVRC2012_val_00019789,n02879718 326 4 457 292 n02879718 42 245 331 406 n02879718 223 5 273 297 ,n02879718
ILSVRC2012_val_00032465,n02879718 220 51 414 494 n02879718 156 64 222 459 ,n02879718
ILSVRC2012_val_00047775,n02879718 212 0 567 478 ,n02879718
ILSVRC2012_val_00047478,n02883205 240 133 282 155 ,n02883205
ILSVRC2012_val_00047478,n02883205 240 133 282 155 ,n02883205
ILSVRC2012_val_00036568,n02883205 216 266 310 323 ,n02883205
ILSVRC2012_val_00042358,n02883205 296 282 401 326 ,n02883205
ILSVRC2012_val_00037646,n02883205 0 27 498 400 ,n02883205
ILSVRC2012_val_00036852,n02892201 51 73 441 346 ,n02892201
ILSVRC2012_val_00029408,n02892201 36 26 261 492 ,n02892201
ILSVRC2012_val_00016139,n02892201 264 208 466 374 ,n02892201
ILSVRC2012_val_00032820,n02892201 81 9 444 348 ,n02892201
ILSVRC2012_val_00037131,n02892201 39 39 441 317 ,n02892201
ILSVRC2012_val_00023095,n02892767 23 122 405 329 ,n02892767
ILSVRC2012_val_00033714,n02892767 3 145 509 386 n02892767 0 83 579 371 ,n02892767
ILSVRC2012_val_00020819,n02892767 136 232 340 475 ,n02892767
ILSVRC2012_val_00040863,n02892767 12 9 279 184 n02892767 283 145 461 366 ,n02892767
ILSVRC2012_val_00040863,n02892767 12 9 279 184 n02892767 283 145 461 366 ,n02892767
ILSVRC2012_val_00024100,n02894605 67 0 331 498 ,n02894605
ILSVRC2012_val_00043379,n02894605 0 233 191 496 ,n02894605
ILSVRC2012_val_00040177,n02894605 192 136 369 214 n02894605 0 168 465 374 ,n02894605
ILSVRC2012_val_00023751,n02894605 0 201 499 262 ,n02894605
ILSVRC2012_val_00027022,n02894605 232 129 499 374 ,n02894605
ILSVRC2012_val_00047104,n02895154 32 5 383 548 ,n02895154
ILSVRC2012_val_00012474,n02895154 17 28 392 410 ,n02895154
ILSVRC2012_val_00031670,n02895154 12 195 171 486 ,n02895154
ILSVRC2012_val_00047104,n02895154 32 5 383 548 ,n02895154
ILSVRC2012_val_00022803,n02895154 1 2 499 331 ,n02895154
ILSVRC2012_val_00012020,n02906734 147 124 424 264 ,n02906734
ILSVRC2012_val_00004664,n02906734 151 85 211 274 ,n02906734
ILSVRC2012_val_00041911,n02906734 0 0 362 408 n02906734 1 1 350 408 n02906734 377 0 498 376 n02906734 173 0 392 408 n02906734 235 4 498 408 n02906734 2 122 45 232 ,n02906734
ILSVRC2012_val_00041788,n02906734 364 34 499 314 n02906734 0 38 331 327 n02906734 390 189 483 332 n02906734 303 0 382 331 n02906734 172 171 303 332 n02906734 116 46 167 82 n02906734 295 290 499 332 n02906734 391 191 483 329 n02906734 299 247 345 324 ,n02906734
ILSVRC2012_val_00009304,n02906734 103 0 316 491 ,n02906734
ILSVRC2012_val_00043472,n02909870 58 6 306 399 ,n02909870
ILSVRC2012_val_00008220,n02909870 183 173 337 344 n02909870 35 203 184 343 n02909870 342 199 489 341 n02909870 342 119 490 161 n02909870 28 32 186 76 n02909870 34 152 185 203 n02909870 339 157 492 210 n02909870 25 32 187 79 n02909870 30 94 188 123 n02909870 32 118 189 160 n02909870 29 36 183 98 ,n02909870
ILSVRC2012_val_00022064,n02909870 90 66 650 916 ,n02909870
ILSVRC2012_val_00043472,n02909870 58 6 306 399 ,n02909870
ILSVRC2012_val_00036628,n02909870 24 11 443 393 ,n02909870
ILSVRC2012_val_00001077,n02910353 86 9 316 209 ,n02910353
ILSVRC2012_val_00041443,n02910353 114 55 214 150 n02910353 105 191 208 275 n02910353 242 128 330 234 n02910353 0 131 102 220 n02910353 342 256 436 374 ,n02910353
ILSVRC2012_val_00000558,n02910353 52 141 273 312 n02910353 260 32 475 292 ,n02910353
ILSVRC2012_val_00000558,n02910353 52 141 273 312 n02910353 260 32 475 292 ,n02910353
ILSVRC2012_val_00022318,n02910353 439 589 867 918 n02910353 1115 1021 1483 1398 n02910353 950 604 1352 915 ,n02910353
ILSVRC2012_val_00007410,n02916936 31 7 420 429 ,n02916936
ILSVRC2012_val_00007410,n02916936 31 7 420 429 ,n02916936
ILSVRC2012_val_00039377,n02916936 129 8 360 316 ,n02916936
ILSVRC2012_val_00009573,n02916936 18 233 257 332 n02916936 199 189 377 329 ,n02916936
ILSVRC2012_val_00024996,n02916936 153 154 387 538 ,n02916936
ILSVRC2012_val_00027036,n02917067 72 174 310 463 ,n02917067
ILSVRC2012_val_00015417,n02917067 0 130 288 331 n02917067 106 58 499 321 ,n02917067
ILSVRC2012_val_00012443,n02917067 63 175 198 291 ,n02917067
ILSVRC2012_val_00044802,n02917067 0 98 499 351 ,n02917067
ILSVRC2012_val_00012612,n02917067 115 80 441 332 ,n02917067
ILSVRC2012_val_00021162,n02927161 0 0 638 397 ,n02927161
ILSVRC2012_val_00027097,n02927161 0 13 498 330 ,n02927161
ILSVRC2012_val_00023166,n02927161 0 3 373 495 ,n02927161
ILSVRC2012_val_00041630,n02927161 2 42 497 371 ,n02927161
ILSVRC2012_val_00005578,n02927161 1 7 498 368 ,n02927161
ILSVRC2012_val_00020002,n02930766 21 75 352 488 n02930766 126 75 349 248 n02930766 217 78 355 141 ,n02930766
ILSVRC2012_val_00049552,n02930766 77 154 437 327 ,n02930766
ILSVRC2012_val_00035018,n02930766 12 6 490 351 n02930766 268 70 437 156 ,n02930766
ILSVRC2012_val_00012583,n02930766 38 26 499 377 ,n02930766
ILSVRC2012_val_00000431,n02930766 0 99 497 285 n02930766 296 75 499 190 n02930766 438 81 498 128 n02930766 0 88 136 167 ,n02930766
ILSVRC2012_val_00041034,n02939185 154 73 436 346 ,n02939185
ILSVRC2012_val_00007070,n02939185 55 2 305 402 ,n02939185
ILSVRC2012_val_00006325,n02939185 31 34 481 354 ,n02939185
ILSVRC2012_val_00008625,n02939185 140 133 360 295 n02939185 288 58 429 144 ,n02939185
ILSVRC2012_val_00025808,n02939185 4 91 490 478 ,n02939185
ILSVRC2012_val_00021186,n02948072 63 57 252 420 ,n02948072
ILSVRC2012_val_00014444,n02948072 116 249 142 332 n02948072 378 144 429 332 n02948072 215 143 267 332 n02948072 277 240 303 332 n02948072 6 96 92 332 n02948072 151 217 184 332 n02948072 315 198 338 332 n02948072 490 261 499 332 n02948072 339 237 364 332 n02948072 50 171 100 332 ,n02948072
ILSVRC2012_val_00023314,n02948072 113 174 390 443 ,n02948072
ILSVRC2012_val_00048528,n02948072 140 41 263 142 ,n02948072
ILSVRC2012_val_00010335,n02948072 252 0 327 124 ,n02948072
ILSVRC2012_val_00039382,n02950826 82 92 407 268 ,n02950826
ILSVRC2012_val_00001528,n02950826 215 123 481 275 n02950826 0 126 487 405 ,n02950826
ILSVRC2012_val_00019887,n02950826 1 32 478 323 ,n02950826
ILSVRC2012_val_00041750,n02950826 32 97 465 274 n02950826 273 99 335 116 n02950826 31 91 463 258 n02950826 123 99 457 189 ,n02950826
ILSVRC2012_val_00000596,n02950826 53 14 445 284 ,n02950826
ILSVRC2012_val_00043133,n02951358 198 195 356 265 ,n02951358
ILSVRC2012_val_00048773,n02951358 170 234 309 321 ,n02951358
ILSVRC2012_val_00041830,n02951358 75 187 384 273 n02951358 436 145 499 171 ,n02951358
ILSVRC2012_val_00019947,n02951358 102 205 266 298 n02951358 270 214 439 297 ,n02951358
ILSVRC2012_val_00004909,n02951358 0 55 499 373 ,n02951358
ILSVRC2012_val_00026332,n02951585 182 108 453 285 n02951585 51 62 334 185 ,n02951585
ILSVRC2012_val_00030511,n02951585 73 136 423 410 ,n02951585
ILSVRC2012_val_00019528,n02951585 46 121 557 332 ,n02951585
ILSVRC2012_val_00003091,n02951585 461 94 683 637 ,n02951585
ILSVRC2012_val_00015620,n02951585 67 12 266 389 ,n02951585
ILSVRC2012_val_00015970,n02963159 20 4 499 332 ,n02963159
ILSVRC2012_val_00038532,n02963159 44 1 331 323 ,n02963159
ILSVRC2012_val_00020081,n02963159 65 121 315 435 ,n02963159
ILSVRC2012_val_00030024,n02963159 95 0 397 498 ,n02963159
ILSVRC2012_val_00038368,n02963159 198 2 618 411 ,n02963159
ILSVRC2012_val_00012092,n02965783 91 50 441 304 ,n02965783
ILSVRC2012_val_00048555,n02965783 87 39 499 331 ,n02965783
ILSVRC2012_val_00009967,n02965783 42 2 484 371 ,n02965783
ILSVRC2012_val_00049671,n02965783 98 22 420 273 n02965783 380 195 383 199 ,n02965783
ILSVRC2012_val_00027104,n02965783 94 8 493 312 ,n02965783
ILSVRC2012_val_00016271,n02966193 2 5 499 370 ,n02966193
ILSVRC2012_val_00012851,n02966193 0 0 477 496 ,n02966193
ILSVRC2012_val_00000074,n02966193 3 2 498 374 ,n02966193
ILSVRC2012_val_00000074,n02966193 3 2 498 374 ,n02966193
ILSVRC2012_val_00031566,n02966193 60 84 412 360 ,n02966193
ILSVRC2012_val_00046479,n02966687 56 91 302 410 ,n02966687
ILSVRC2012_val_00046947,n02966687 293 94 312 205 n02966687 44 63 349 342 n02966687 217 88 230 167 n02966687 54 219 328 317 n02966687 246 91 260 181 ,n02966687
ILSVRC2012_val_00046479,n02966687 56 91 302 410 ,n02966687
ILSVRC2012_val_00009487,n02966687 20 16 490 287 ,n02966687
ILSVRC2012_val_00033860,n02966687 0 8 499 333 ,n02966687
ILSVRC2012_val_00035829,n02971356 13 64 203 235 n02971356 279 58 437 204 n02971356 100 0 197 43 n02971356 203 0 290 56 n02971356 118 35 210 66 ,n02971356
ILSVRC2012_val_00000831,n02971356 0 0 499 354 ,n02971356
ILSVRC2012_val_00035829,n02971356 13 64 203 235 n02971356 279 58 437 204 n02971356 100 0 197 43 n02971356 203 0 290 56 n02971356 118 35 210 66 ,n02971356
ILSVRC2012_val_00035829,n02971356 13 64 203 235 n02971356 279 58 437 204 n02971356 100 0 197 43 n02971356 203 0 290 56 n02971356 118 35 210 66 ,n02971356
ILSVRC2012_val_00015884,n02971356 77 135 499 374 ,n02971356
ILSVRC2012_val_00000905,n02974003 37 0 497 374 ,n02974003
ILSVRC2012_val_00014799,n02974003 24 0 393 374 ,n02974003
ILSVRC2012_val_00019766,n02974003 31 92 461 452 ,n02974003
ILSVRC2012_val_00044931,n02974003 1 3 495 370 ,n02974003
ILSVRC2012_val_00045841,n02974003 44 51 469 454 ,n02974003
ILSVRC2012_val_00040442,n02977058 78 128 171 266 n02977058 297 137 355 240 ,n02977058
ILSVRC2012_val_00001216,n02977058 1 1 499 374 ,n02977058
ILSVRC2012_val_00006276,n02977058 12 37 163 398 ,n02977058
ILSVRC2012_val_00019338,n02977058 73 1 317 498 ,n02977058
ILSVRC2012_val_00019355,n02977058 90 0 499 369 ,n02977058
ILSVRC2012_val_00000353,n02978881 183 140 465 488 ,n02978881
ILSVRC2012_val_00029894,n02978881 195 219 294 245 n02978881 200 33 291 54 n02978881 194 82 289 99 n02978881 365 124 497 143 ,n02978881
ILSVRC2012_val_00005321,n02978881 0 81 461 374 ,n02978881
ILSVRC2012_val_00012927,n02978881 8 65 486 260 ,n02978881
ILSVRC2012_val_00035965,n02978881 36 44 290 215 ,n02978881
ILSVRC2012_val_00027673,n02979186 6 9 291 196 ,n02979186
ILSVRC2012_val_00005866,n02979186 1 12 259 248 ,n02979186
ILSVRC2012_val_00031964,n02979186 7 39 242 198 ,n02979186
ILSVRC2012_val_00005866,n02979186 1 12 259 248 ,n02979186
ILSVRC2012_val_00012468,n02979186 120 420 1915 1610 ,n02979186
ILSVRC2012_val_00014661,n02980441 99 71 398 189 ,n02980441
ILSVRC2012_val_00037341,n02980441 0 119 454 372 ,n02980441
ILSVRC2012_val_00014642,n02980441 0 81 457 335 ,n02980441
ILSVRC2012_val_00005338,n02980441 152 82 703 322 ,n02980441
ILSVRC2012_val_00019778,n02980441 84 32 310 228 ,n02980441
ILSVRC2012_val_00043109,n02981792 5 0 331 456 n02981792 3 2 329 456 ,n02981792
ILSVRC2012_val_00028251,n02981792 81 1 415 244 ,n02981792
ILSVRC2012_val_00043460,n02981792 68 0 334 425 ,n02981792
ILSVRC2012_val_00042036,n02981792 108 0 498 321 ,n02981792
ILSVRC2012_val_00043460,n02981792 68 0 334 425 ,n02981792
ILSVRC2012_val_00036485,n02988304 2 0 373 447 ,n02988304
ILSVRC2012_val_00020817,n02988304 52 39 436 324 ,n02988304
ILSVRC2012_val_00042056,n02988304 13 45 389 315 ,n02988304
ILSVRC2012_val_00014972,n02988304 0 1 373 498 n02988304 0 133 371 497 ,n02988304
ILSVRC2012_val_00034496,n02988304 0 0 498 374 ,n02988304
ILSVRC2012_val_00027458,n02992211 10 51 367 498 ,n02992211
ILSVRC2012_val_00013038,n02992211 135 65 412 374 ,n02992211
ILSVRC2012_val_00027458,n02992211 10 51 367 498 ,n02992211
ILSVRC2012_val_00021412,n02992211 52 53 323 416 ,n02992211
ILSVRC2012_val_00016968,n02992211 17 187 352 453 ,n02992211
ILSVRC2012_val_00039592,n02992529 5 0 269 378 n02992529 154 185 444 380 ,n02992529
ILSVRC2012_val_00023929,n02992529 9 16 443 623 ,n02992529
ILSVRC2012_val_00046512,n02992529 86 173 195 334 n02992529 31 7 158 170 n02992529 106 7 186 141 n02992529 159 40 245 170 n02992529 77 393 153 462 ,n02992529
ILSVRC2012_val_00008314,n02992529 74 24 301 330 ,n02992529
ILSVRC2012_val_00011346,n02992529 266 253 373 466 ,n02992529
ILSVRC2012_val_00047530,n02999410 1 110 499 362 ,n02999410
ILSVRC2012_val_00017637,n02999410 0 0 499 309 ,n02999410
ILSVRC2012_val_00047530,n02999410 1 110 499 362 ,n02999410
ILSVRC2012_val_00017738,n02999410 158 0 288 498 ,n02999410
ILSVRC2012_val_00047530,n02999410 1 110 499 362 ,n02999410
ILSVRC2012_val_00036941,n03000134 0 92 499 374 ,n03000134
ILSVRC2012_val_00011424,n03000134 0 0 498 159 ,n03000134
ILSVRC2012_val_00045378,n03000134 0 0 373 498 ,n03000134
ILSVRC2012_val_00045378,n03000134 0 0 373 498 ,n03000134
ILSVRC2012_val_00041954,n03000134 0 0 499 384 ,n03000134
ILSVRC2012_val_00020322,n03000247 66 141 255 349 ,n03000247
ILSVRC2012_val_00023046,n03000247 79 52 299 391 ,n03000247
ILSVRC2012_val_00028838,n03000247 2 16 383 233 ,n03000247
ILSVRC2012_val_00018985,n03000247 36 148 164 286 n03000247 198 247 260 348 ,n03000247
ILSVRC2012_val_00040516,n03000247 84 17 137 97 n03000247 7 87 210 181 ,n03000247
ILSVRC2012_val_00046764,n03000684 50 269 325 347 ,n03000684
ILSVRC2012_val_00029211,n03000684 1 53 392 221 ,n03000684
ILSVRC2012_val_00017719,n03000684 58 305 196 356 n03000684 0 301 37 356 ,n03000684
ILSVRC2012_val_00024480,n03000684 4 41 361 180 n03000684 6 237 357 348 ,n03000684
ILSVRC2012_val_00035266,n03000684 197 133 347 230 n03000684 237 280 284 343 n03000684 197 277 241 330 ,n03000684
ILSVRC2012_val_00017308,n03014705 24 28 460 332 ,n03014705
ILSVRC2012_val_00015177,n03014705 7 84 491 405 ,n03014705
ILSVRC2012_val_00019319,n03014705 28 59 434 316 ,n03014705
ILSVRC2012_val_00049658,n03014705 18 20 486 489 ,n03014705
ILSVRC2012_val_00017258,n03014705 7 11 495 477 ,n03014705
ILSVRC2012_val_00007893,n03016953 23 15 451 400 ,n03016953
ILSVRC2012_val_00046521,n03016953 5 35 472 363 ,n03016953
ILSVRC2012_val_00033266,n03016953 5 0 497 350 ,n03016953
ILSVRC2012_val_00033266,n03016953 5 0 497 350 ,n03016953
ILSVRC2012_val_00034433,n03016953 37 197 320 443 ,n03016953
ILSVRC2012_val_00047314,n03017168 0 58 332 410 ,n03017168
ILSVRC2012_val_00011842,n03017168 153 67 355 286 ,n03017168
ILSVRC2012_val_00044962,n03017168 103 261 300 470 ,n03017168
ILSVRC2012_val_00041338,n03017168 65 166 251 412 ,n03017168
ILSVRC2012_val_00043829,n03017168 0 38 373 447 ,n03017168
ILSVRC2012_val_00037307,n03018349 179 17 453 330 ,n03018349
ILSVRC2012_val_00038136,n03018349 150 0 362 136 ,n03018349
ILSVRC2012_val_00028487,n03018349 66 146 295 498 ,n03018349
ILSVRC2012_val_00003284,n03018349 1 8 347 498 ,n03018349
ILSVRC2012_val_00001000,n03018349 1 1 499 332 ,n03018349
ILSVRC2012_val_00029270,n03026506 37 3 295 490 ,n03026506
ILSVRC2012_val_00040019,n03026506 160 0 407 498 ,n03026506
ILSVRC2012_val_00007431,n03026506 261 28 403 289 n03026506 108 32 216 309 n03026506 460 111 499 290 ,n03026506
ILSVRC2012_val_00048813,n03026506 260 56 465 433 n03026506 24 73 253 466 ,n03026506
ILSVRC2012_val_00040019,n03026506 160 0 407 498 ,n03026506
ILSVRC2012_val_00042264,n03028079 264 127 347 233 ,n03028079
ILSVRC2012_val_00005295,n03028079 0 53 498 498 ,n03028079
ILSVRC2012_val_00004912,n03028079 232 75 401 336 ,n03028079
ILSVRC2012_val_00016873,n03028079 0 0 499 357 ,n03028079
ILSVRC2012_val_00036229,n03028079 84 49 462 389 ,n03028079
ILSVRC2012_val_00037675,n03032252 92 3 492 361 ,n03032252
ILSVRC2012_val_00034810,n03032252 168 79 404 279 ,n03032252
ILSVRC2012_val_00015370,n03032252 121 1 272 441 ,n03032252
ILSVRC2012_val_00022945,n03032252 0 2 437 374 ,n03032252
ILSVRC2012_val_00002586,n03032252 0 35 410 498 ,n03032252
ILSVRC2012_val_00016901,n03041632 3 170 396 233 ,n03041632
ILSVRC2012_val_00002212,n03041632 4 103 499 316 ,n03041632
ILSVRC2012_val_00024520,n03041632 269 20 499 281 ,n03041632
ILSVRC2012_val_00002212,n03041632 4 103 499 316 ,n03041632
ILSVRC2012_val_00008526,n03041632 16 111 232 332 ,n03041632
ILSVRC2012_val_00019794,n03042490 2 1 455 332 ,n03042490
ILSVRC2012_val_00009117,n03042490 64 67 373 400 n03042490 30 223 58 238 ,n03042490
ILSVRC2012_val_00033959,n03042490 3 121 259 275 n03042490 246 103 348 343 ,n03042490
ILSVRC2012_val_00009357,n03042490 255 22 320 102 ,n03042490
ILSVRC2012_val_00008040,n03042490 57 0 398 498 ,n03042490
ILSVRC2012_val_00031496,n03045698 0 2 422 498 ,n03045698
ILSVRC2012_val_00042333,n03045698 82 77 206 358 ,n03045698
ILSVRC2012_val_00033914,n03045698 123 70 261 460 ,n03045698
ILSVRC2012_val_00032024,n03045698 335 46 476 391 ,n03045698
ILSVRC2012_val_00029544,n03045698 46 33 353 491 n03045698 11 1 58 255 ,n03045698
ILSVRC2012_val_00048597,n03047690 276 6 440 252 n03047690 82 45 267 281 ,n03047690
ILSVRC2012_val_00019530,n03047690 6 6 179 80 n03047690 14 125 239 295 n03047690 52 72 291 179 ,n03047690
ILSVRC2012_val_00008871,n03047690 2 3 186 491 n03047690 192 3 376 498 ,n03047690
ILSVRC2012_val_00030064,n03047690 149 234 179 320 ,n03047690
ILSVRC2012_val_00008871,n03047690 2 3 186 491 n03047690 192 3 376 498 ,n03047690
ILSVRC2012_val_00019181,n03062245 7 7 115 250 n03062245 113 95 291 289 ,n03062245
ILSVRC2012_val_00004420,n03062245 108 82 241 427 ,n03062245
ILSVRC2012_val_00038514,n03062245 24 4 136 283 ,n03062245
ILSVRC2012_val_00043539,n03062245 172 94 298 474 n03062245 157 8 267 129 n03062245 2 2 168 479 ,n03062245
ILSVRC2012_val_00021859,n03062245 112 65 302 452 ,n03062245
ILSVRC2012_val_00028344,n03063599 358 16 498 286 n03063599 160 77 260 240 n03063599 81 88 167 228 n03063599 253 56 365 245 n03063599 47 100 93 218 n03063599 12 110 55 215 n03063599 157 1 256 87 n03063599 96 10 156 95 n03063599 68 32 98 101 n03063599 0 121 11 208 ,n03063599
ILSVRC2012_val_00003131,n03063599 31 27 252 313 ,n03063599
ILSVRC2012_val_00003131,n03063599 31 27 252 313 ,n03063599
ILSVRC2012_val_00033929,n03063599 105 86 402 340 ,n03063599
ILSVRC2012_val_00025548,n03063599 74 16 413 320 ,n03063599
ILSVRC2012_val_00034401,n03063689 192 68 356 313 n03063689 105 33 190 277 n03063689 278 49 435 284 ,n03063689
ILSVRC2012_val_00036221,n03063689 160 4 347 219 ,n03063689
ILSVRC2012_val_00011722,n03063689 1 5 362 481 ,n03063689
ILSVRC2012_val_00034618,n03063689 33 33 283 490 ,n03063689
ILSVRC2012_val_00017681,n03063689 66 0 298 303 ,n03063689
ILSVRC2012_val_00013021,n03065424 23 58 361 498 ,n03065424
ILSVRC2012_val_00046103,n03065424 0 1 499 374 ,n03065424
ILSVRC2012_val_00020012,n03065424 43 7 330 491 ,n03065424
ILSVRC2012_val_00001351,n03065424 109 47 389 326 ,n03065424
ILSVRC2012_val_00048095,n03065424 1 0 373 498 ,n03065424
ILSVRC2012_val_00015423,n03075370 0 0 499 374 ,n03075370
ILSVRC2012_val_00038841,n03075370 133 74 209 273 ,n03075370
ILSVRC2012_val_00049248,n03075370 181 1 499 206 n03075370 194 213 499 332 ,n03075370
ILSVRC2012_val_00007079,n03075370 158 29 278 233 n03075370 315 27 379 126 n03075370 381 28 427 83 n03075370 422 29 442 81 n03075370 230 35 297 144 n03075370 438 25 470 92 n03075370 464 15 492 65 ,n03075370
ILSVRC2012_val_00013488,n03075370 59 92 342 329 ,n03075370
ILSVRC2012_val_00012432,n03085013 2 65 499 374 ,n03085013
ILSVRC2012_val_00015382,n03085013 0 124 404 374 ,n03085013
ILSVRC2012_val_00004209,n03085013 0 52 499 374 ,n03085013
ILSVRC2012_val_00009502,n03085013 0 61 373 498 ,n03085013
ILSVRC2012_val_00030993,n03085013 0 23 398 498 ,n03085013
ILSVRC2012_val_00034518,n03089624 0 0 499 374 ,n03089624
ILSVRC2012_val_00017576,n03089624 16 2 497 476 ,n03089624
ILSVRC2012_val_00041701,n03089624 0 2 497 426 ,n03089624
ILSVRC2012_val_00001242,n03089624 0 3 444 498 ,n03089624
ILSVRC2012_val_00015302,n03089624 2 0 499 325 n03089624 94 80 197 158 ,n03089624
ILSVRC2012_val_00027211,n03095699 25 32 339 194 ,n03095699
ILSVRC2012_val_00000403,n03095699 203 97 467 307 ,n03095699
ILSVRC2012_val_00024089,n03095699 26 24 214 136 ,n03095699
ILSVRC2012_val_00033533,n03095699 2 0 579 385 ,n03095699
ILSVRC2012_val_00023414,n03095699 10 9 360 146 ,n03095699
ILSVRC2012_val_00022835,n03100240 86 165 545 435 ,n03100240
ILSVRC2012_val_00018249,n03100240 18 103 625 385 ,n03100240
ILSVRC2012_val_00027795,n03100240 46 134 761 493 ,n03100240
ILSVRC2012_val_00001201,n03100240 17 44 391 245 ,n03100240
ILSVRC2012_val_00018249,n03100240 18 103 625 385 ,n03100240
ILSVRC2012_val_00007670,n03109150 104 6 203 234 n03109150 4 14 96 127 ,n03109150
ILSVRC2012_val_00006896,n03109150 0 78 499 333 ,n03109150
ILSVRC2012_val_00042234,n03109150 51 120 598 448 n03109150 253 290 397 448 ,n03109150
ILSVRC2012_val_00039009,n03109150 30 36 328 354 ,n03109150
ILSVRC2012_val_00003262,n03109150 120 79 307 351 n03109150 25 0 286 94 ,n03109150
ILSVRC2012_val_00020782,n03110669 122 168 352 268 ,n03110669
ILSVRC2012_val_00024650,n03110669 31 13 476 326 ,n03110669
ILSVRC2012_val_00044886,n03110669 294 71 434 157 n03110669 1 176 178 232 ,n03110669
ILSVRC2012_val_00028681,n03110669 341 80 436 304 n03110669 257 168 306 281 n03110669 146 155 241 299 ,n03110669
ILSVRC2012_val_00037637,n03110669 198 110 485 215 ,n03110669
ILSVRC2012_val_00034753,n03124043 80 133 240 355 n03124043 242 134 403 367 ,n03124043
ILSVRC2012_val_00034753,n03124043 80 133 240 355 n03124043 242 134 403 367 ,n03124043
ILSVRC2012_val_00024915,n03124043 225 156 358 408 n03124043 116 110 235 372 n03124043 5 111 120 380 ,n03124043
ILSVRC2012_val_00009953,n03124043 33 23 216 483 n03124043 133 31 320 473 ,n03124043
ILSVRC2012_val_00008082,n03124043 198 1 446 332 n03124043 1 1 286 332 n03124043 1 2 283 317 n03124043 319 3 495 331 ,n03124043
ILSVRC2012_val_00006020,n03124170 0 0 391 303 ,n03124170
ILSVRC2012_val_00038273,n03124170 7 38 329 206 ,n03124170
ILSVRC2012_val_00024382,n03124170 33 48 408 306 ,n03124170
ILSVRC2012_val_00020388,n03124170 73 10 439 229 ,n03124170
ILSVRC2012_val_00018482,n03124170 15 0 408 198 ,n03124170
ILSVRC2012_val_00001864,n03125729 1 3 331 498 ,n03125729
ILSVRC2012_val_00018847,n03125729 2 0 373 121 n03125729 0 6 373 498 ,n03125729
ILSVRC2012_val_00010259,n03125729 13 147 463 468 ,n03125729
ILSVRC2012_val_00010259,n03125729 13 147 463 468 ,n03125729
ILSVRC2012_val_00003645,n03125729 30 9 477 466 ,n03125729
ILSVRC2012_val_00030723,n03126707 300 15 491 368 n03126707 37 14 114 183 n03126707 32 124 132 305 n03126707 139 117 207 256 n03126707 79 237 185 373 n03126707 232 56 280 141 n03126707 189 218 273 361 n03126707 168 71 224 148 n03126707 114 54 162 126 n03126707 365 182 465 309 n03126707 227 170 281 260 n03126707 319 101 347 163 n03126707 14 67 105 220 n03126707 175 201 238 279 ,n03126707
ILSVRC2012_val_00044019,n03126707 12 25 484 301 ,n03126707
ILSVRC2012_val_00039604,n03126707 153 333 270 435 n03126707 32 12 186 411 n03126707 300 346 358 427 n03126707 364 356 445 431 ,n03126707
ILSVRC2012_val_00000935,n03126707 45 27 237 441 n03126707 110 103 190 338 ,n03126707
ILSVRC2012_val_00026461,n03126707 23 0 499 374 ,n03126707
ILSVRC2012_val_00013302,n03127747 68 216 938 908 ,n03127747
ILSVRC2012_val_00038036,n03127747 42 31 322 389 ,n03127747
ILSVRC2012_val_00011868,n03127747 37 0 605 651 ,n03127747
ILSVRC2012_val_00011868,n03127747 37 0 605 651 ,n03127747
ILSVRC2012_val_00034685,n03127747 37 31 460 468 ,n03127747
ILSVRC2012_val_00019472,n03127925 88 68 428 341 ,n03127925
ILSVRC2012_val_00003971,n03127925 56 51 430 365 ,n03127925
ILSVRC2012_val_00046487,n03127925 156 150 358 292 n03127925 142 288 348 425 n03127925 157 6 357 146 n03127925 6 40 153 238 n03127925 15 0 166 43 n03127925 3 237 138 429 ,n03127925
ILSVRC2012_val_00016539,n03127925 50 147 249 235 n03127925 245 0 330 57 n03127925 37 266 268 411 n03127925 51 61 269 142 n03127925 66 214 255 330 n03127925 43 1 254 70 n03127925 249 140 330 245 n03127925 61 407 190 498 n03127925 246 246 330 343 n03127925 250 334 330 457 n03127925 60 348 258 498 ,n03127925
ILSVRC2012_val_00004481,n03127925 0 0 326 498 ,n03127925
ILSVRC2012_val_00011250,n03131574 0 261 373 498 ,n03131574
ILSVRC2012_val_00011250,n03131574 0 261 373 498 ,n03131574
ILSVRC2012_val_00040407,n03131574 0 1 360 298 ,n03131574
ILSVRC2012_val_00022500,n03131574 9 13 499 372 ,n03131574
ILSVRC2012_val_00041373,n03131574 0 52 373 497 ,n03131574
ILSVRC2012_val_00044396,n03133878 0 21 499 374 ,n03133878
ILSVRC2012_val_00015954,n03133878 13 32 492 373 ,n03133878
ILSVRC2012_val_00041085,n03133878 0 27 496 371 ,n03133878
ILSVRC2012_val_00031187,n03133878 153 0 477 310 ,n03133878
ILSVRC2012_val_00035580,n03133878 45 45 348 427 ,n03133878
ILSVRC2012_val_00017462,n03134739 365 391 380 407 n03134739 526 408 550 427 n03134739 140 426 165 448 ,n03134739
ILSVRC2012_val_00004507,n03134739 133 312 154 325 ,n03134739
ILSVRC2012_val_00010885,n03134739 118 268 145 294 n03134739 388 252 405 270 n03134739 131 266 154 288 n03134739 142 262 160 281 n03134739 346 180 373 206 ,n03134739
ILSVRC2012_val_00015656,n03134739 113 398 141 423 ,n03134739
ILSVRC2012_val_00033811,n03134739 147 179 186 213 n03134739 31 180 72 217 n03134739 76 171 110 206 n03134739 367 175 402 203 n03134739 279 199 313 234 ,n03134739
ILSVRC2012_val_00016620,n03141823 149 189 225 498 n03141823 21 190 96 498 ,n03141823
ILSVRC2012_val_00025404,n03141823 211 48 295 420 n03141823 30 0 52 326 ,n03141823
ILSVRC2012_val_00048778,n03141823 124 17 280 758 n03141823 272 15 437 744 ,n03141823
ILSVRC2012_val_00048778,n03141823 124 17 280 758 n03141823 272 15 437 744 ,n03141823
ILSVRC2012_val_00014253,n03141823 6 196 82 387 n03141823 42 244 77 390 ,n03141823
ILSVRC2012_val_00012034,n03146219 28 13 350 498 ,n03146219
ILSVRC2012_val_00004250,n03146219 243 140 403 308 n03146219 18 97 177 253 n03146219 227 158 273 264 ,n03146219
ILSVRC2012_val_00027166,n03146219 60 58 265 433 ,n03146219
ILSVRC2012_val_00017297,n03146219 102 35 299 446 ,n03146219
ILSVRC2012_val_00009207,n03146219 27 73 300 465 ,n03146219
ILSVRC2012_val_00002589,n03160309 200 2 456 271 ,n03160309
ILSVRC2012_val_00032030,n03160309 1 0 332 139 ,n03160309
ILSVRC2012_val_00034708,n03160309 0 262 345 498 ,n03160309
ILSVRC2012_val_00005216,n03160309 6 42 373 345 ,n03160309
ILSVRC2012_val_00043060,n03160309 45 107 468 284 ,n03160309
ILSVRC2012_val_00031607,n03179701 6 42 293 312 ,n03179701
ILSVRC2012_val_00027505,n03179701 0 142 498 372 ,n03179701
ILSVRC2012_val_00008332,n03179701 350 18 452 109 n03179701 0 152 499 342 ,n03179701
ILSVRC2012_val_00026204,n03179701 130 273 373 460 ,n03179701
ILSVRC2012_val_00026895,n03179701 46 107 499 373 n03179701 1 265 117 374 n03179701 0 0 110 60 ,n03179701
ILSVRC2012_val_00026145,n03180011 74 7 350 374 ,n03180011
ILSVRC2012_val_00032155,n03180011 109 2 325 391 ,n03180011
ILSVRC2012_val_00017864,n03180011 38 33 445 352 ,n03180011
ILSVRC2012_val_00020117,n03180011 9 10 527 588 ,n03180011
ILSVRC2012_val_00041482,n03180011 236 1 812 766 ,n03180011
ILSVRC2012_val_00023321,n03187595 0 0 498 498 ,n03187595
ILSVRC2012_val_00037784,n03187595 43 2 499 374 ,n03187595
ILSVRC2012_val_00030284,n03187595 7 68 335 427 ,n03187595
ILSVRC2012_val_00030193,n03187595 13 0 491 339 ,n03187595
ILSVRC2012_val_00022826,n03187595 11 130 340 478 ,n03187595
ILSVRC2012_val_00032769,n03188531 179 264 329 335 n03188531 146 212 275 277 ,n03188531
ILSVRC2012_val_00041052,n03188531 184 224 320 351 ,n03188531
ILSVRC2012_val_00016502,n03188531 101 246 268 412 ,n03188531
ILSVRC2012_val_00044826,n03188531 101 231 211 330 ,n03188531
ILSVRC2012_val_00042598,n03188531 175 316 331 413 ,n03188531
ILSVRC2012_val_00047057,n03196217 34 60 424 249 ,n03196217
ILSVRC2012_val_00003721,n03196217 88 113 228 237 ,n03196217
ILSVRC2012_val_00047751,n03196217 123 137 328 297 ,n03196217
ILSVRC2012_val_00041652,n03196217 134 130 402 182 ,n03196217
ILSVRC2012_val_00033627,n03196217 0 201 346 347 ,n03196217
ILSVRC2012_val_00038776,n03197337 38 126 293 338 ,n03197337
ILSVRC2012_val_00011172,n03197337 116 63 321 261 n03197337 264 9 409 184 n03197337 260 149 453 333 ,n03197337
ILSVRC2012_val_00047198,n03197337 1 69 387 304 ,n03197337
ILSVRC2012_val_00012383,n03197337 120 0 397 374 ,n03197337
ILSVRC2012_val_00038776,n03197337 38 126 293 338 ,n03197337
ILSVRC2012_val_00041238,n03201208 82 291 312 472 ,n03201208
ILSVRC2012_val_00036955,n03201208 0 0 401 399 ,n03201208
ILSVRC2012_val_00035775,n03201208 35 49 499 336 ,n03201208
ILSVRC2012_val_00019001,n03201208 56 77 393 303 ,n03201208
ILSVRC2012_val_00036226,n03201208 3 25 451 450 ,n03201208
ILSVRC2012_val_00011456,n03207743 8 44 472 202 n03207743 45 212 452 329 n03207743 21 89 490 234 n03207743 44 128 440 245 n03207743 39 133 453 269 n03207743 44 275 436 357 n03207743 7 39 450 192 n03207743 47 164 441 296 ,n03207743
ILSVRC2012_val_00030446,n03207743 70 186 194 299 n03207743 223 137 448 338 ,n03207743
ILSVRC2012_val_00007598,n03207743 69 21 451 373 ,n03207743
ILSVRC2012_val_00032828,n03207743 2 8 419 480 ,n03207743
ILSVRC2012_val_00048226,n03207743 44 4 423 374 ,n03207743
ILSVRC2012_val_00006788,n03207941 197 15 377 173 n03207941 0 32 172 173 n03207941 386 1 573 173 ,n03207941
ILSVRC2012_val_00021421,n03207941 3 43 276 277 ,n03207941
ILSVRC2012_val_00020884,n03207941 0 58 373 498 ,n03207941
ILSVRC2012_val_00045536,n03207941 0 49 499 374 ,n03207941
ILSVRC2012_val_00020884,n03207941 0 58 373 498 ,n03207941
ILSVRC2012_val_00015616,n03208938 177 164 305 288 ,n03208938
ILSVRC2012_val_00015616,n03208938 177 164 305 288 ,n03208938
ILSVRC2012_val_00046052,n03208938 38 22 286 267 ,n03208938
ILSVRC2012_val_00033613,n03208938 237 618 2372 2106 ,n03208938
ILSVRC2012_val_00038179,n03208938 261 44 499 333 ,n03208938
ILSVRC2012_val_00028077,n03216828 396 171 499 227 ,n03216828
ILSVRC2012_val_00030985,n03216828 251 208 499 374 ,n03216828
ILSVRC2012_val_00009068,n03216828 1 268 498 337 ,n03216828
ILSVRC2012_val_00027581,n03216828 357 162 499 339 ,n03216828
ILSVRC2012_val_00021622,n03216828 2 259 206 324 ,n03216828
ILSVRC2012_val_00021227,n03218198 235 96 315 217 n03218198 125 286 403 374 ,n03218198
ILSVRC2012_val_00017861,n03218198 52 204 285 341 ,n03218198
ILSVRC2012_val_00018544,n03218198 0 331 249 498 n03218198 146 220 194 322 n03218198 70 244 133 315 ,n03218198
ILSVRC2012_val_00012308,n03218198 312 82 485 311 n03218198 198 69 237 149 n03218198 262 51 425 253 n03218198 229 80 273 155 ,n03218198
ILSVRC2012_val_00027246,n03218198 26 149 499 282 ,n03218198
ILSVRC2012_val_00020671,n03220513 2 0 499 374 ,n03220513
ILSVRC2012_val_00002674,n03220513 183 72 323 175 n03220513 338 227 381 256 n03220513 462 229 477 239 ,n03220513
ILSVRC2012_val_00019506,n03220513 185 54 304 195 n03220513 33 191 98 234 ,n03220513
ILSVRC2012_val_00002674,n03220513 183 72 323 175 n03220513 338 227 381 256 n03220513 462 229 477 239 ,n03220513
ILSVRC2012_val_00007941,n03220513 0 6 373 498 ,n03220513
ILSVRC2012_val_00036975,n03223299 0 0 499 374 ,n03223299
ILSVRC2012_val_00004775,n03223299 7 112 498 374 ,n03223299
ILSVRC2012_val_00017336,n03223299 17 21 473 303 ,n03223299
ILSVRC2012_val_00007119,n03223299 90 245 430 374 ,n03223299
ILSVRC2012_val_00035316,n03223299 18 107 429 305 ,n03223299
ILSVRC2012_val_00009606,n03240683 63 9 359 247 ,n03240683
ILSVRC2012_val_00002886,n03240683 125 0 499 309 ,n03240683
ILSVRC2012_val_00002886,n03240683 125 0 499 309 ,n03240683
ILSVRC2012_val_00011470,n03240683 26 1 232 173 ,n03240683
ILSVRC2012_val_00044840,n03240683 32 11 367 498 ,n03240683
ILSVRC2012_val_00040561,n03249569 85 151 169 225 n03249569 44 116 91 159 n03249569 14 90 49 119 n03249569 45 164 92 204 n03249569 93 52 142 76 n03249569 68 84 96 106 n03249569 83 96 121 142 n03249569 17 42 48 74 n03249569 0 193 53 221 n03249569 54 44 98 62 ,n03249569
ILSVRC2012_val_00015169,n03249569 128 211 377 374 ,n03249569
ILSVRC2012_val_00013981,n03249569 57 28 290 436 ,n03249569
ILSVRC2012_val_00043237,n03249569 219 249 340 351 ,n03249569
ILSVRC2012_val_00040561,n03249569 85 151 169 225 n03249569 44 116 91 159 n03249569 14 90 49 119 n03249569 45 164 92 204 n03249569 93 52 142 76 n03249569 68 84 96 106 n03249569 83 96 121 142 n03249569 17 42 48 74 n03249569 0 193 53 221 n03249569 54 44 98 62 ,n03249569
ILSVRC2012_val_00004388,n03250847 21 157 498 351 ,n03250847
ILSVRC2012_val_00011127,n03250847 148 2 256 497 ,n03250847
ILSVRC2012_val_00018929,n03250847 0 368 147 455 n03250847 1 348 166 383 ,n03250847
ILSVRC2012_val_00002037,n03250847 607 972 2587 1142 n03250847 588 841 2587 1001 ,n03250847
ILSVRC2012_val_00010119,n03250847 16 44 349 604 n03250847 269 7 435 500 ,n03250847
ILSVRC2012_val_00034805,n03255030 31 235 347 422 n03255030 30 130 295 282 ,n03255030
ILSVRC2012_val_00007620,n03255030 193 19 471 331 n03255030 0 117 297 374 ,n03255030
ILSVRC2012_val_00048022,n03255030 260 125 371 200 ,n03255030
ILSVRC2012_val_00032870,n03255030 328 287 394 368 n03255030 213 216 228 231 n03255030 400 339 442 374 n03255030 215 206 231 223 n03255030 241 184 251 194 n03255030 240 228 251 240 n03255030 300 359 338 376 ,n03255030
ILSVRC2012_val_00035130,n03255030 283 46 341 80 n03255030 41 62 91 93 ,n03255030
ILSVRC2012_val_00025349,n03259280 45 215 448 377 ,n03259280
ILSVRC2012_val_00008696,n03259280 0 15 493 374 ,n03259280
ILSVRC2012_val_00012450,n03259280 0 97 373 456 ,n03259280
ILSVRC2012_val_00005194,n03259280 72 52 391 290 ,n03259280
ILSVRC2012_val_00046315,n03259280 44 26 434 341 ,n03259280
ILSVRC2012_val_00026566,n03271574 0 17 581 450 ,n03271574
ILSVRC2012_val_00043592,n03271574 350 28 629 312 n03271574 88 36 350 310 ,n03271574
ILSVRC2012_val_00002761,n03271574 27 12 276 261 ,n03271574
ILSVRC2012_val_00031583,n03271574 25 42 283 353 ,n03271574
ILSVRC2012_val_00019814,n03271574 53 2 401 450 ,n03271574
ILSVRC2012_val_00021720,n03272010 0 2 463 374 ,n03272010
ILSVRC2012_val_00010661,n03272010 43 269 339 495 ,n03272010
ILSVRC2012_val_00000374,n03272010 72 256 228 381 ,n03272010
ILSVRC2012_val_00008326,n03272010 107 0 295 307 ,n03272010
ILSVRC2012_val_00035404,n03272010 162 192 272 327 n03272010 117 83 205 167 ,n03272010
ILSVRC2012_val_00037150,n03272562 108 111 384 238 ,n03272562
ILSVRC2012_val_00048678,n03272562 64 103 499 381 ,n03272562
ILSVRC2012_val_00036813,n03272562 0 52 208 276 n03272562 313 136 454 249 n03272562 190 131 327 262 n03272562 469 173 499 228 n03272562 7 119 196 240 n03272562 436 174 478 235 ,n03272562
ILSVRC2012_val_00001699,n03272562 38 33 469 252 n03272562 0 82 52 213 ,n03272562
ILSVRC2012_val_00039148,n03272562 140 70 444 306 n03272562 50 144 160 289 n03272562 458 199 499 246 ,n03272562
ILSVRC2012_val_00032253,n03290653 55 1 347 251 ,n03290653
ILSVRC2012_val_00031685,n03290653 79 5 182 135 ,n03290653
ILSVRC2012_val_00034187,n03290653 1 2 461 480 ,n03290653
ILSVRC2012_val_00001694,n03290653 74 164 831 814 ,n03290653
ILSVRC2012_val_00020125,n03290653 0 12 184 197 ,n03290653
ILSVRC2012_val_00039817,n03291819 16 66 440 267 n03291819 62 273 486 461 ,n03291819
ILSVRC2012_val_00024925,n03291819 66 120 365 472 ,n03291819
ILSVRC2012_val_00030735,n03291819 17 218 360 375 n03291819 68 45 302 172 n03291819 236 50 303 172 n03291819 185 48 248 175 n03291819 71 46 131 171 ,n03291819
ILSVRC2012_val_00030735,n03291819 17 218 360 375 n03291819 68 45 302 172 n03291819 236 50 303 172 n03291819 185 48 248 175 n03291819 71 46 131 171 ,n03291819
ILSVRC2012_val_00025489,n03291819 175 163 274 359 ,n03291819
ILSVRC2012_val_00011147,n03297495 19 2 61 57 ,n03297495
ILSVRC2012_val_00001837,n03297495 16 5 74 86 ,n03297495
ILSVRC2012_val_00029360,n03297495 20 0 55 54 ,n03297495
ILSVRC2012_val_00028777,n03297495 0 0 79 59 ,n03297495
ILSVRC2012_val_00013565,n03297495 14 20 357 339 ,n03297495
ILSVRC2012_val_00002414,n03314780 125 105 445 324 ,n03314780
ILSVRC2012_val_00000769,n03314780 8 40 150 171 ,n03314780
ILSVRC2012_val_00007331,n03314780 139 83 265 210 n03314780 17 77 139 199 n03314780 110 13 220 105 n03314780 220 21 336 131 ,n03314780
ILSVRC2012_val_00042497,n03314780 83 74 371 329 ,n03314780
ILSVRC2012_val_00004160,n03314780 2 2 427 415 ,n03314780
ILSVRC2012_val_00033608,n03325584 78 201 265 498 ,n03325584
ILSVRC2012_val_00001256,n03325584 77 180 213 473 n03325584 217 172 348 477 n03325584 63 175 213 480 ,n03325584
ILSVRC2012_val_00008918,n03325584 3 188 346 461 ,n03325584
ILSVRC2012_val_00031276,n03325584 0 0 498 498 ,n03325584
ILSVRC2012_val_00026815,n03325584 123 163 242 395 ,n03325584
ILSVRC2012_val_00048016,n03337140 112 27 260 447 ,n03337140
ILSVRC2012_val_00047582,n03337140 93 76 262 490 ,n03337140
ILSVRC2012_val_00004314,n03337140 81 28 277 468 ,n03337140
ILSVRC2012_val_00040885,n03337140 8 6 499 330 ,n03337140
ILSVRC2012_val_00034539,n03337140 12 7 258 483 ,n03337140
ILSVRC2012_val_00000288,n03344393 4 0 499 374 ,n03344393
ILSVRC2012_val_00017176,n03344393 0 0 336 472 ,n03344393
ILSVRC2012_val_00011769,n03344393 35 38 474 300 n03344393 0 312 72 332 ,n03344393
ILSVRC2012_val_00017176,n03344393 0 0 336 472 ,n03344393
ILSVRC2012_val_00000288,n03344393 4 0 499 374 ,n03344393
ILSVRC2012_val_00037232,n03345487 0 251 129 412 ,n03345487
ILSVRC2012_val_00010690,n03345487 11 51 433 467 ,n03345487
ILSVRC2012_val_00024593,n03345487 26 35 465 286 ,n03345487
ILSVRC2012_val_00008893,n03345487 34 0 499 374 ,n03345487
ILSVRC2012_val_00015376,n03345487 20 301 252 412 ,n03345487
ILSVRC2012_val_00044219,n03347037 502 238 2737 2209 ,n03347037
ILSVRC2012_val_00030600,n03347037 6 0 392 261 ,n03347037
ILSVRC2012_val_00019549,n03347037 69 261 422 337 n03347037 111 34 380 337 ,n03347037
ILSVRC2012_val_00001413,n03347037 4 1 428 377 ,n03347037
ILSVRC2012_val_00019549,n03347037 69 261 422 337 n03347037 111 34 380 337 ,n03347037
ILSVRC2012_val_00037590,n03355925 162 33 175 400 ,n03355925
ILSVRC2012_val_00037590,n03355925 162 33 175 400 ,n03355925
ILSVRC2012_val_00016278,n03355925 695 16 768 3225 ,n03355925
ILSVRC2012_val_00000445,n03355925 204 63 450 374 ,n03355925
ILSVRC2012_val_00006767,n03355925 80 3 264 498 ,n03355925
ILSVRC2012_val_00037909,n03372029 45 157 170 204 n03372029 254 181 420 227 n03372029 432 153 480 177 n03372029 432 276 499 322 n03372029 79 135 225 178 n03372029 282 283 296 332 ,n03372029
ILSVRC2012_val_00019375,n03372029 0 161 78 213 ,n03372029
ILSVRC2012_val_00043562,n03372029 23 149 212 195 n03372029 165 126 331 193 ,n03372029
ILSVRC2012_val_00001896,n03372029 152 110 254 395 ,n03372029
ILSVRC2012_val_00043562,n03372029 23 149 212 195 n03372029 165 126 331 193 ,n03372029
ILSVRC2012_val_00002914,n03376595 93 67 300 468 ,n03376595
ILSVRC2012_val_00014679,n03376595 266 52 388 271 n03376595 156 54 264 256 n03376595 0 79 160 323 ,n03376595
ILSVRC2012_val_00037905,n03376595 144 8 355 371 n03376595 42 0 200 225 ,n03376595
ILSVRC2012_val_00044181,n03376595 161 16 409 374 n03376595 56 0 250 327 n03376595 0 1 117 216 ,n03376595
ILSVRC2012_val_00012771,n03376595 125 45 327 328 ,n03376595
ILSVRC2012_val_00007649,n03379051 41 0 472 380 ,n03379051
ILSVRC2012_val_00014944,n03379051 75 73 262 301 ,n03379051
ILSVRC2012_val_00020866,n03379051 136 77 201 120 n03379051 241 50 302 93 n03379051 40 87 100 150 n03379051 2 60 70 117 ,n03379051
ILSVRC2012_val_00002562,n03379051 144 2 344 240 ,n03379051
ILSVRC2012_val_00008234,n03379051 171 75 216 141 n03379051 223 84 280 130 ,n03379051
ILSVRC2012_val_00038470,n03384352 229 127 434 223 ,n03384352
ILSVRC2012_val_00011462,n03384352 76 42 293 305 ,n03384352
ILSVRC2012_val_00009813,n03384352 131 45 452 322 ,n03384352
ILSVRC2012_val_00045722,n03384352 105 70 325 291 ,n03384352
ILSVRC2012_val_00038817,n03384352 63 0 348 318 ,n03384352
ILSVRC2012_val_00028934,n03388043 137 189 273 367 ,n03388043
ILSVRC2012_val_00001018,n03388043 462 226 479 395 n03388043 414 71 433 385 n03388043 253 239 270 385 n03388043 17 260 60 384 n03388043 87 229 105 384 ,n03388043
ILSVRC2012_val_00025123,n03388043 0 160 499 374 n03388043 5 194 22 374 n03388043 177 159 192 373 n03388043 411 176 433 352 ,n03388043
ILSVRC2012_val_00024660,n03388043 57 71 499 306 ,n03388043
ILSVRC2012_val_00049137,n03388043 419 73 460 236 n03388043 43 91 82 242 n03388043 364 72 413 247 n03388043 126 285 137 310 n03388043 363 286 377 310 n03388043 173 293 201 311 ,n03388043
ILSVRC2012_val_00026453,n03388183 103 91 368 210 ,n03388183
ILSVRC2012_val_00002799,n03388183 268 74 343 331 n03388183 167 75 211 311 n03388183 78 23 139 289 n03388183 313 44 417 272 n03388183 210 26 250 314 n03388183 239 24 302 324 n03388183 124 29 165 292 ,n03388183
ILSVRC2012_val_00041326,n03388183 16 113 499 232 ,n03388183
ILSVRC2012_val_00033096,n03388183 36 17 128 437 n03388183 105 130 315 461 ,n03388183
ILSVRC2012_val_00040541,n03388183 483 743 1805 1122 ,n03388183
ILSVRC2012_val_00033922,n03388549 16 66 342 366 ,n03388549
ILSVRC2012_val_00011460,n03388549 0 4 399 393 ,n03388549
ILSVRC2012_val_00045201,n03388549 13 6 1419 1377 ,n03388549
ILSVRC2012_val_00021893,n03388549 50 12 222 194 ,n03388549
ILSVRC2012_val_00047459,n03388549 21 267 334 483 n03388549 0 0 334 498 ,n03388549
ILSVRC2012_val_00028669,n03393912 1 2 499 281 ,n03393912
ILSVRC2012_val_00041002,n03393912 1 1 499 262 ,n03393912
ILSVRC2012_val_00002009,n03393912 0 0 498 252 ,n03393912
ILSVRC2012_val_00006346,n03393912 108 101 438 259 ,n03393912
ILSVRC2012_val_00002256,n03393912 1 0 499 339 ,n03393912
ILSVRC2012_val_00007155,n03394916 16 19 481 327 ,n03394916
ILSVRC2012_val_00001492,n03394916 5 33 498 376 ,n03394916
ILSVRC2012_val_00013113,n03394916 63 193 138 286 n03394916 135 185 186 235 n03394916 0 196 32 220 n03394916 338 211 373 262 n03394916 182 188 216 231 n03394916 67 215 141 276 n03394916 197 158 240 220 n03394916 310 202 338 248 n03394916 241 170 261 197 n03394916 12 180 35 196 n03394916 333 211 352 256 ,n03394916
ILSVRC2012_val_00022754,n03394916 0 88 122 458 n03394916 125 175 242 311 n03394916 162 405 262 498 ,n03394916
ILSVRC2012_val_00044598,n03394916 27 37 491 336 ,n03394916
ILSVRC2012_val_00017396,n03400231 29 41 373 204 ,n03400231
ILSVRC2012_val_00047824,n03400231 0 0 432 295 ,n03400231
ILSVRC2012_val_00017770,n03400231 0 0 498 476 ,n03400231
ILSVRC2012_val_00035422,n03400231 7 3 486 374 ,n03400231
ILSVRC2012_val_00017396,n03400231 29 41 373 204 ,n03400231
ILSVRC2012_val_00032686,n03404251 282 145 377 296 n03404251 97 130 197 288 n03404251 191 124 284 269 n03404251 357 181 499 374 ,n03404251
ILSVRC2012_val_00018740,n03404251 399 3 1596 1197 ,n03404251
ILSVRC2012_val_00038511,n03404251 159 124 463 514 ,n03404251
ILSVRC2012_val_00034918,n03404251 15 16 774 641 ,n03404251
ILSVRC2012_val_00013293,n03404251 0 13 330 403 ,n03404251
ILSVRC2012_val_00002434,n03417042 46 97 402 285 ,n03417042
ILSVRC2012_val_00027150,n03417042 85 65 422 283 ,n03417042
ILSVRC2012_val_00036233,n03417042 16 125 376 277 ,n03417042
ILSVRC2012_val_00019147,n03417042 7 79 499 287 ,n03417042
ILSVRC2012_val_00041478,n03417042 15 67 490 304 n03417042 21 73 454 367 ,n03417042
ILSVRC2012_val_00028515,n03424325 348 69 743 551 ,n03424325
ILSVRC2012_val_00031677,n03424325 46 157 386 373 ,n03424325
ILSVRC2012_val_00007669,n03424325 42 110 328 317 ,n03424325
ILSVRC2012_val_00036432,n03424325 147 160 434 397 ,n03424325
ILSVRC2012_val_00023123,n03424325 18 151 577 483 ,n03424325
ILSVRC2012_val_00031186,n03425413 0 0 366 470 ,n03425413
ILSVRC2012_val_00015654,n03425413 0 1 373 428 ,n03425413
ILSVRC2012_val_00012504,n03425413 77 55 373 443 ,n03425413
ILSVRC2012_val_00029203,n03425413 27 0 361 498 ,n03425413
ILSVRC2012_val_00012504,n03425413 77 55 373 443 ,n03425413
ILSVRC2012_val_00046087,n03443371 188 125 404 662 ,n03443371
ILSVRC2012_val_00035335,n03443371 89 54 489 814 ,n03443371
ILSVRC2012_val_00044085,n03443371 50 0 331 498 ,n03443371
ILSVRC2012_val_00004591,n03443371 37 142 233 498 ,n03443371
ILSVRC2012_val_00048322,n03443371 151 35 293 352 ,n03443371
ILSVRC2012_val_00015953,n03444034 231 231 488 377 n03444034 24 92 333 328 ,n03444034
ILSVRC2012_val_00003186,n03444034 262 212 410 307 n03444034 36 219 230 358 n03444034 241 188 287 211 ,n03444034
ILSVRC2012_val_00047734,n03444034 152 171 419 310 n03444034 127 169 435 294 n03444034 180 130 409 200 ,n03444034
ILSVRC2012_val_00047214,n03444034 25 188 498 330 ,n03444034
ILSVRC2012_val_00016057,n03444034 188 162 262 238 n03444034 401 137 497 206 ,n03444034
ILSVRC2012_val_00013633,n03445777 170 94 335 259 n03445777 0 0 49 112 n03445777 461 1 499 102 ,n03445777
ILSVRC2012_val_00007947,n03445777 155 330 199 375 ,n03445777
ILSVRC2012_val_00023215,n03445777 699 123 1407 807 ,n03445777
ILSVRC2012_val_00038447,n03445777 50 100 196 238 ,n03445777
ILSVRC2012_val_00014102,n03445777 58 51 333 335 ,n03445777
ILSVRC2012_val_00032367,n03445924 227 133 394 311 ,n03445924
ILSVRC2012_val_00016217,n03445924 204 72 449 334 n03445924 44 95 264 313 ,n03445924
ILSVRC2012_val_00025433,n03445924 95 0 449 374 ,n03445924
ILSVRC2012_val_00020222,n03445924 94 160 378 361 ,n03445924
ILSVRC2012_val_00002135,n03445924 82 103 363 374 n03445924 343 131 451 314 ,n03445924
ILSVRC2012_val_00031369,n03447447 76 132 359 250 n03447447 0 180 129 285 ,n03447447
ILSVRC2012_val_00020339,n03447447 28 326 374 398 ,n03447447
ILSVRC2012_val_00045000,n03447447 63 117 193 307 n03447447 158 127 499 374 ,n03447447
ILSVRC2012_val_00030329,n03447447 118 170 457 268 n03447447 20 182 133 244 n03447447 458 170 499 185 ,n03447447
ILSVRC2012_val_00031369,n03447447 76 132 359 250 n03447447 0 180 129 285 ,n03447447
ILSVRC2012_val_00021283,n03447721 83 104 164 181 ,n03447721
ILSVRC2012_val_00035792,n03447721 127 156 355 406 ,n03447721
ILSVRC2012_val_00007286,n03447721 7 4 122 121 n03447721 116 81 215 171 ,n03447721
ILSVRC2012_val_00041770,n03447721 119 48 475 342 ,n03447721
ILSVRC2012_val_00018723,n03447721 35 0 466 327 ,n03447721
ILSVRC2012_val_00012613,n03450230 15 172 373 498 ,n03450230
ILSVRC2012_val_00047427,n03450230 116 73 251 492 ,n03450230
ILSVRC2012_val_00007688,n03450230 47 119 254 450 n03450230 223 119 373 435 ,n03450230
ILSVRC2012_val_00047427,n03450230 116 73 251 492 ,n03450230
ILSVRC2012_val_00007280,n03450230 176 87 460 478 n03450230 0 2 178 478 ,n03450230
ILSVRC2012_val_00037936,n03452741 50 0 457 374 ,n03452741
ILSVRC2012_val_00029617,n03452741 0 11 497 348 ,n03452741
ILSVRC2012_val_00021661,n03452741 2 4 386 374 n03452741 273 24 447 155 ,n03452741
ILSVRC2012_val_00013511,n03452741 51 2 464 333 ,n03452741
ILSVRC2012_val_00007940,n03452741 110 63 487 374 ,n03452741
ILSVRC2012_val_00013614,n03457902 0 164 499 374 ,n03457902
ILSVRC2012_val_00028358,n03457902 1 8 499 374 ,n03457902
ILSVRC2012_val_00005484,n03457902 16 7 485 368 n03457902 0 86 52 399 ,n03457902
ILSVRC2012_val_00048899,n03457902 0 0 499 374 ,n03457902
ILSVRC2012_val_00028356,n03457902 0 3 499 333 ,n03457902
ILSVRC2012_val_00016371,n03459775 96 56 427 282 ,n03459775
ILSVRC2012_val_00003517,n03459775 120 270 332 498 ,n03459775
ILSVRC2012_val_00036180,n03459775 35 79 466 245 ,n03459775
ILSVRC2012_val_00046453,n03459775 332 167 499 345 ,n03459775
ILSVRC2012_val_00021911,n03459775 71 183 441 307 ,n03459775
ILSVRC2012_val_00034345,n03461385 1 0 851 638 ,n03461385
ILSVRC2012_val_00014183,n03461385 0 0 499 332 ,n03461385
ILSVRC2012_val_00044020,n03461385 1 1 499 331 ,n03461385
ILSVRC2012_val_00035884,n03461385 0 0 499 146 ,n03461385
ILSVRC2012_val_00044729,n03461385 3 1 372 498 ,n03461385
ILSVRC2012_val_00020240,n03467068 97 83 262 246 ,n03467068
ILSVRC2012_val_00000169,n03467068 43 0 221 497 ,n03467068
ILSVRC2012_val_00013177,n03467068 105 26 340 498 n03467068 0 1 123 498 ,n03467068
ILSVRC2012_val_00002218,n03467068 96 55 233 492 ,n03467068
ILSVRC2012_val_00044502,n03467068 10 1 204 498 ,n03467068
ILSVRC2012_val_00020650,n03476684 177 111 349 217 ,n03476684
ILSVRC2012_val_00043418,n03476684 58 85 298 283 n03476684 85 308 391 415 n03476684 108 187 372 326 ,n03476684
ILSVRC2012_val_00018309,n03476684 252 65 472 333 n03476684 51 90 294 321 ,n03476684
ILSVRC2012_val_00010975,n03476684 61 105 295 341 ,n03476684
ILSVRC2012_val_00025088,n03476684 111 98 374 386 ,n03476684
ILSVRC2012_val_00022083,n03476991 115 64 185 235 ,n03476991
ILSVRC2012_val_00043613,n03476991 231 1 319 293 ,n03476991
ILSVRC2012_val_00042260,n03476991 105 0 173 287 ,n03476991
ILSVRC2012_val_00003959,n03476991 227 286 282 480 n03476991 251 230 276 290 n03476991 1 272 25 420 ,n03476991
ILSVRC2012_val_00003174,n03476991 135 95 205 371 n03476991 1 93 86 496 n03476991 53 81 115 446 ,n03476991
ILSVRC2012_val_00000829,n03478589 31 61 472 312 ,n03478589
ILSVRC2012_val_00008825,n03478589 131 11 525 220 n03478589 251 285 596 414 ,n03478589
ILSVRC2012_val_00047819,n03478589 97 19 469 325 ,n03478589
ILSVRC2012_val_00028298,n03478589 18 137 798 461 ,n03478589
ILSVRC2012_val_00037912,n03478589 167 53 1002 737 ,n03478589
ILSVRC2012_val_00037956,n03481172 131 0 499 254 ,n03481172
ILSVRC2012_val_00025034,n03481172 0 238 195 404 n03481172 225 5 460 349 ,n03481172
ILSVRC2012_val_00009914,n03481172 89 161 381 374 n03481172 189 99 421 164 ,n03481172
ILSVRC2012_val_00007391,n03481172 76 147 262 332 ,n03481172
ILSVRC2012_val_00007391,n03481172 76 147 262 332 ,n03481172
ILSVRC2012_val_00004911,n03482405 42 75 445 318 ,n03482405
ILSVRC2012_val_00049590,n03482405 48 70 452 242 ,n03482405
ILSVRC2012_val_00043065,n03482405 2 6 485 366 ,n03482405
ILSVRC2012_val_00023326,n03482405 369 59 928 760 n03482405 743 625 1019 865 n03482405 48 317 288 713 n03482405 472 605 726 922 n03482405 962 265 1132 718 n03482405 100 455 428 902 ,n03482405
ILSVRC2012_val_00000060,n03482405 119 31 430 364 ,n03482405
ILSVRC2012_val_00033119,n03483316 31 76 388 313 ,n03483316
ILSVRC2012_val_00045494,n03483316 69 55 427 252 ,n03483316
ILSVRC2012_val_00014131,n03483316 22 126 152 405 ,n03483316
ILSVRC2012_val_00044558,n03483316 58 59 301 363 ,n03483316
ILSVRC2012_val_00026886,n03483316 21 28 381 492 ,n03483316
ILSVRC2012_val_00024995,n03485407 210 14 414 383 ,n03485407
ILSVRC2012_val_00036135,n03485407 112 133 330 319 ,n03485407
ILSVRC2012_val_00036135,n03485407 112 133 330 319 ,n03485407
ILSVRC2012_val_00021818,n03485407 123 41 321 350 ,n03485407
ILSVRC2012_val_00014632,n03485407 81 14 508 416 ,n03485407
ILSVRC2012_val_00001897,n03485794 4 78 255 278 n03485794 293 93 488 248 ,n03485794
ILSVRC2012_val_00019018,n03485794 0 1 499 374 ,n03485794
ILSVRC2012_val_00036007,n03485794 18 4 1024 897 ,n03485794
ILSVRC2012_val_00000054,n03485794 1 21 499 374 n03485794 70 0 307 90 ,n03485794
ILSVRC2012_val_00042407,n03485794 0 0 496 498 ,n03485794
ILSVRC2012_val_00010204,n03492542 14 15 475 361 ,n03492542
ILSVRC2012_val_00012921,n03492542 14 23 498 361 ,n03492542
ILSVRC2012_val_00035345,n03492542 102 62 433 368 ,n03492542
ILSVRC2012_val_00041282,n03492542 8 31 487 373 ,n03492542
ILSVRC2012_val_00021075,n03492542 124 0 499 226 n03492542 35 117 396 374 ,n03492542
ILSVRC2012_val_00027607,n03494278 326 85 346 114 ,n03494278
ILSVRC2012_val_00012208,n03494278 95 142 341 302 n03494278 274 20 490 258 ,n03494278
ILSVRC2012_val_00044420,n03494278 169 178 313 237 ,n03494278
ILSVRC2012_val_00015448,n03494278 41 76 227 355 n03494278 166 1 408 258 n03494278 1 96 59 289 n03494278 102 18 347 265 n03494278 315 27 484 202 n03494278 0 15 109 98 n03494278 232 2 461 234 n03494278 357 0 499 124 n03494278 78 55 321 326 ,n03494278
ILSVRC2012_val_00003246,n03494278 2 166 594 374 ,n03494278
ILSVRC2012_val_00041694,n03495258 20 185 268 422 ,n03495258
ILSVRC2012_val_00010855,n03495258 45 132 186 408 ,n03495258
ILSVRC2012_val_00030551,n03495258 15 0 382 498 ,n03495258
ILSVRC2012_val_00006832,n03495258 90 0 312 374 ,n03495258
ILSVRC2012_val_00030551,n03495258 15 0 382 498 ,n03495258
ILSVRC2012_val_00015968,n03496892 127 1 449 327 ,n03496892
ILSVRC2012_val_00027202,n03496892 0 12 615 453 ,n03496892
ILSVRC2012_val_00003459,n03496892 69 119 243 235 ,n03496892
ILSVRC2012_val_00001840,n03496892 0 125 354 320 ,n03496892
ILSVRC2012_val_00048961,n03496892 33 112 490 301 ,n03496892
ILSVRC2012_val_00040211,n03498962 1 5 420 456 ,n03498962
ILSVRC2012_val_00017235,n03498962 5 11 256 323 ,n03498962
ILSVRC2012_val_00041312,n03498962 78 20 457 431 ,n03498962
ILSVRC2012_val_00028576,n03498962 158 5 499 156 n03498962 197 165 486 320 n03498962 8 104 499 284 ,n03498962
ILSVRC2012_val_00040211,n03498962 1 5 420 456 ,n03498962
ILSVRC2012_val_00024999,n03527444 0 37 212 371 n03527444 10 56 241 370 ,n03527444
ILSVRC2012_val_00046300,n03527444 73 54 443 302 ,n03527444
ILSVRC2012_val_00037761,n03527444 188 47 476 201 ,n03527444
ILSVRC2012_val_00046832,n03527444 63 76 422 241 ,n03527444
ILSVRC2012_val_00044950,n03527444 128 116 307 307 n03527444 79 4 446 253 ,n03527444
ILSVRC2012_val_00008972,n03529860 85 3 413 194 n03529860 0 206 499 371 n03529860 362 204 476 369 ,n03529860
ILSVRC2012_val_00044725,n03529860 0 29 499 374 ,n03529860
ILSVRC2012_val_00022699,n03529860 3 1 472 365 ,n03529860
ILSVRC2012_val_00035132,n03529860 53 101 316 268 n03529860 351 341 373 457 n03529860 60 107 303 258 n03529860 163 278 207 306 n03529860 370 118 373 178 n03529860 127 282 227 335 n03529860 141 376 206 415 n03529860 42 106 317 471 ,n03529860
ILSVRC2012_val_00004900,n03529860 68 146 191 230 n03529860 1 109 13 140 ,n03529860
ILSVRC2012_val_00037063,n03530642 0 4 499 374 ,n03530642
ILSVRC2012_val_00036530,n03530642 0 2 333 498 ,n03530642
ILSVRC2012_val_00021845,n03530642 329 51 395 118 n03530642 255 49 326 119 ,n03530642
ILSVRC2012_val_00006048,n03530642 64 61 246 257 ,n03530642
ILSVRC2012_val_00048069,n03530642 4 6 498 435 ,n03530642
ILSVRC2012_val_00019398,n03532672 20 0 165 220 ,n03532672
ILSVRC2012_val_00045461,n03532672 25 113 356 440 ,n03532672
ILSVRC2012_val_00006060,n03532672 67 130 258 423 ,n03532672
ILSVRC2012_val_00031085,n03532672 103 99 366 212 n03532672 12 95 52 189 n03532672 49 96 278 250 n03532672 169 99 405 186 n03532672 183 98 405 186 n03532672 405 100 422 129 n03532672 277 99 304 147 n03532672 421 96 433 123 ,n03532672
ILSVRC2012_val_00040536,n03532672 210 108 271 261 ,n03532672
ILSVRC2012_val_00011674,n03534580 189 200 350 423 n03534580 48 211 196 433 ,n03534580
ILSVRC2012_val_00039018,n03534580 18 172 296 432 ,n03534580
ILSVRC2012_val_00007809,n03534580 56 197 276 407 n03534580 191 196 289 351 ,n03534580
ILSVRC2012_val_00012716,n03534580 1 181 193 497 n03534580 175 152 332 461 n03534580 222 146 373 498 ,n03534580
ILSVRC2012_val_00023350,n03534580 2 163 317 498 ,n03534580
ILSVRC2012_val_00023456,n03535780 0 62 331 110 ,n03535780
ILSVRC2012_val_00045018,n03535780 0 78 331 105 ,n03535780
ILSVRC2012_val_00036616,n03535780 1 149 330 498 ,n03535780
ILSVRC2012_val_00037022,n03535780 1 57 299 85 ,n03535780
ILSVRC2012_val_00007279,n03535780 180 187 408 288 n03535780 0 370 144 396 ,n03535780
ILSVRC2012_val_00036649,n03538406 50 134 368 302 ,n03538406
ILSVRC2012_val_00011604,n03538406 270 208 344 313 ,n03538406
ILSVRC2012_val_00027414,n03538406 62 61 366 300 ,n03538406
ILSVRC2012_val_00012424,n03538406 18 115 377 311 ,n03538406
ILSVRC2012_val_00036649,n03538406 50 134 368 302 ,n03538406
ILSVRC2012_val_00024035,n03544143 152 0 408 611 ,n03544143
ILSVRC2012_val_00022005,n03544143 0 0 402 332 ,n03544143
ILSVRC2012_val_00017010,n03544143 51 1 280 470 ,n03544143
ILSVRC2012_val_00017010,n03544143 51 1 280 470 ,n03544143
ILSVRC2012_val_00023504,n03544143 35 23 156 252 ,n03544143
ILSVRC2012_val_00031376,n03584254 28 142 341 420 ,n03584254
ILSVRC2012_val_00003673,n03584254 223 128 402 284 ,n03584254
ILSVRC2012_val_00037266,n03584254 49 41 308 296 ,n03584254
ILSVRC2012_val_00040602,n03584254 136 58 439 265 ,n03584254
ILSVRC2012_val_00030161,n03584254 188 267 267 374 n03584254 110 1 265 205 n03584254 289 5 454 231 n03584254 66 121 152 334 n03584254 312 164 402 342 ,n03584254
ILSVRC2012_val_00012032,n03584829 11 7 669 509 ,n03584829
ILSVRC2012_val_00034648,n03584829 2 58 430 394 ,n03584829
ILSVRC2012_val_00008489,n03584829 7 0 242 394 ,n03584829
ILSVRC2012_val_00012514,n03584829 11 58 492 438 ,n03584829
ILSVRC2012_val_00019902,n03584829 161 16 993 804 n03584829 193 14 948 563 ,n03584829
ILSVRC2012_val_00028412,n03590841 67 49 375 373 ,n03590841
ILSVRC2012_val_00043321,n03590841 67 121 312 356 ,n03590841
ILSVRC2012_val_00019804,n03590841 42 87 297 376 ,n03590841
ILSVRC2012_val_00047113,n03590841 128 53 482 452 ,n03590841
ILSVRC2012_val_00003424,n03590841 50 77 241 247 n03590841 128 276 291 442 ,n03590841
ILSVRC2012_val_00032071,n03594734 41 11 477 358 ,n03594734
ILSVRC2012_val_00024322,n03594734 17 0 498 477 ,n03594734
ILSVRC2012_val_00008414,n03594734 0 35 499 374 ,n03594734
ILSVRC2012_val_00005849,n03594734 23 56 336 463 ,n03594734
ILSVRC2012_val_00045258,n03594734 32 1 373 498 ,n03594734
ILSVRC2012_val_00007064,n03594945 0 72 215 322 ,n03594945
ILSVRC2012_val_00007064,n03594945 0 72 215 322 ,n03594945
ILSVRC2012_val_00023599,n03594945 89 85 375 303 ,n03594945
ILSVRC2012_val_00035162,n03594945 117 306 323 467 ,n03594945
ILSVRC2012_val_00039576,n03594945 35 17 422 331 ,n03594945
ILSVRC2012_val_00006028,n03595614 22 0 376 399 ,n03595614
ILSVRC2012_val_00030493,n03595614 1 2 498 457 ,n03595614
ILSVRC2012_val_00025275,n03595614 40 1 460 374 ,n03595614
ILSVRC2012_val_00002248,n03595614 16 5 188 157 ,n03595614
ILSVRC2012_val_00039713,n03595614 35 157 331 497 n03595614 0 423 58 498 ,n03595614
ILSVRC2012_val_00022944,n03598930 268 259 286 275 n03598930 271 209 286 219 ,n03598930
ILSVRC2012_val_00044400,n03598930 120 379 153 398 n03598930 165 369 193 387 n03598930 396 383 417 397 n03598930 257 355 279 369 n03598930 371 327 387 340 n03598930 332 354 355 370 n03598930 435 309 452 328 n03598930 266 378 294 393 n03598930 373 355 390 370 ,n03598930
ILSVRC2012_val_00009008,n03598930 0 0 499 374 ,n03598930
ILSVRC2012_val_00009008,n03598930 0 0 499 374 ,n03598930
ILSVRC2012_val_00023694,n03598930 225 144 499 374 n03598930 325 18 384 41 n03598930 227 144 497 372 n03598930 359 98 420 135 n03598930 284 91 342 121 n03598930 216 37 259 63 n03598930 0 190 65 248 n03598930 267 122 334 164 n03598930 181 67 243 93 n03598930 302 49 402 98 ,n03598930
ILSVRC2012_val_00009422,n03599486 33 115 266 488 ,n03599486
ILSVRC2012_val_00015478,n03599486 43 66 454 332 ,n03599486
ILSVRC2012_val_00029537,n03599486 127 50 398 365 ,n03599486
ILSVRC2012_val_00023900,n03599486 90 21 361 279 ,n03599486
ILSVRC2012_val_00008784,n03599486 243 61 499 286 n03599486 0 75 215 276 ,n03599486
ILSVRC2012_val_00040672,n03602883 545 12 859 573 ,n03602883
ILSVRC2012_val_00029516,n03602883 178 23 421 335 ,n03602883
ILSVRC2012_val_00012134,n03602883 49 46 561 441 ,n03602883
ILSVRC2012_val_00044998,n03602883 214 174 262 222 n03602883 307 178 358 228 n03602883 121 56 486 276 n03602883 0 8 499 343 ,n03602883
ILSVRC2012_val_00025203,n03602883 250 65 492 322 n03602883 2 61 250 322 ,n03602883
ILSVRC2012_val_00002316,n03617480 2 70 162 352 n03617480 366 36 499 341 n03617480 281 26 386 281 n03617480 162 118 257 366 n03617480 249 134 264 305 n03617480 263 123 286 323 n03617480 454 279 499 374 ,n03617480
ILSVRC2012_val_00026587,n03617480 75 110 301 498 ,n03617480
ILSVRC2012_val_00027240,n03617480 107 157 232 456 ,n03617480
ILSVRC2012_val_00027240,n03617480 107 157 232 456 ,n03617480
ILSVRC2012_val_00002316,n03617480 2 70 162 352 n03617480 366 36 499 341 n03617480 281 26 386 281 n03617480 162 118 257 366 n03617480 249 134 264 305 n03617480 263 123 286 323 n03617480 454 279 499 374 ,n03617480
ILSVRC2012_val_00034779,n03623198 194 145 350 330 ,n03623198
ILSVRC2012_val_00011336,n03623198 26 32 345 363 ,n03623198
ILSVRC2012_val_00016221,n03623198 309 295 1663 1474 n03623198 367 1462 1858 2826 ,n03623198
ILSVRC2012_val_00034779,n03623198 194 145 350 330 ,n03623198
ILSVRC2012_val_00045211,n03623198 59 87 282 377 ,n03623198
ILSVRC2012_val_00041858,n03627232 65 113 370 402 ,n03627232
ILSVRC2012_val_00021018,n03627232 306 76 499 296 n03627232 0 32 301 322 ,n03627232
ILSVRC2012_val_00018534,n03627232 12 138 51 190 n03627232 47 105 99 153 n03627232 314 194 412 282 n03627232 27 172 62 222 n03627232 431 289 455 310 ,n03627232
ILSVRC2012_val_00029564,n03627232 139 85 389 286 ,n03627232
ILSVRC2012_val_00031210,n03627232 183 149 315 257 n03627232 134 126 244 214 n03627232 251 70 365 132 n03627232 450 39 499 124 ,n03627232
ILSVRC2012_val_00002657,n03630383 318 162 579 386 ,n03630383
ILSVRC2012_val_00010469,n03630383 1 284 331 498 ,n03630383
ILSVRC2012_val_00019735,n03630383 185 236 378 380 n03630383 7 230 203 382 n03630383 304 222 498 381 n03630383 160 171 238 261 ,n03630383
ILSVRC2012_val_00002627,n03630383 0 165 242 578 ,n03630383
ILSVRC2012_val_00040416,n03630383 0 166 347 386 ,n03630383
ILSVRC2012_val_00048115,n03633091 83 2 327 463 ,n03633091
ILSVRC2012_val_00047536,n03633091 162 282 331 335 n03633091 0 291 103 351 n03633091 201 315 331 387 n03633091 172 235 325 262 n03633091 161 136 331 191 n03633091 0 261 126 311 n03633091 67 234 137 272 n03633091 191 225 331 253 ,n03633091
ILSVRC2012_val_00002347,n03633091 293 2 419 299 n03633091 209 0 294 275 n03633091 252 1 336 214 n03633091 162 6 214 219 n03633091 405 53 499 244 ,n03633091
ILSVRC2012_val_00047180,n03633091 0 34 294 291 n03633091 282 141 498 332 ,n03633091
ILSVRC2012_val_00019674,n03633091 41 137 307 442 n03633091 7 351 91 401 ,n03633091
ILSVRC2012_val_00012801,n03637318 150 97 332 348 ,n03637318
ILSVRC2012_val_00035854,n03637318 292 80 427 261 n03637318 96 88 221 247 ,n03637318
ILSVRC2012_val_00048327,n03637318 77 97 292 495 ,n03637318
ILSVRC2012_val_00035240,n03637318 36 21 445 290 ,n03637318
ILSVRC2012_val_00026798,n03637318 6 96 373 456 ,n03637318
ILSVRC2012_val_00007373,n03642806 30 0 430 399 ,n03642806
ILSVRC2012_val_00021413,n03642806 37 49 534 550 ,n03642806
ILSVRC2012_val_00021413,n03642806 37 49 534 550 ,n03642806
ILSVRC2012_val_00043390,n03642806 71 1 732 541 ,n03642806
ILSVRC2012_val_00048620,n03642806 576 100 798 326 n03642806 180 360 542 574 ,n03642806
ILSVRC2012_val_00049371,n03649909 32 104 262 229 n03649909 282 92 461 213 ,n03649909
ILSVRC2012_val_00023077,n03649909 117 13 380 228 ,n03649909
ILSVRC2012_val_00029944,n03649909 44 2 499 374 ,n03649909
ILSVRC2012_val_00009771,n03649909 121 221 373 498 ,n03649909
ILSVRC2012_val_00029725,n03649909 97 167 267 498 ,n03649909
ILSVRC2012_val_00046352,n03657121 80 182 147 244 ,n03657121
ILSVRC2012_val_00020032,n03657121 162 124 333 283 ,n03657121
ILSVRC2012_val_00020032,n03657121 162 124 333 283 ,n03657121
ILSVRC2012_val_00000855,n03657121 227 134 344 254 ,n03657121
ILSVRC2012_val_00036000,n03657121 179 125 319 266 ,n03657121
ILSVRC2012_val_00013112,n03658185 133 51 212 457 ,n03658185
ILSVRC2012_val_00034870,n03658185 237 20 292 322 ,n03658185
ILSVRC2012_val_00034870,n03658185 237 20 292 322 ,n03658185
ILSVRC2012_val_00016985,n03658185 13 55 451 324 ,n03658185
ILSVRC2012_val_00016985,n03658185 13 55 451 324 ,n03658185
ILSVRC2012_val_00018698,n03661043 91 100 333 443 ,n03661043
ILSVRC2012_val_00003051,n03661043 77 109 170 267 n03661043 227 103 241 294 n03661043 40 129 75 219 n03661043 168 106 225 305 n03661043 485 111 499 273 n03661043 0 0 498 372 n03661043 272 125 300 229 n03661043 22 293 60 368 n03661043 254 110 269 256 n03661043 370 95 395 288 ,n03661043
ILSVRC2012_val_00002813,n03661043 0 0 499 374 ,n03661043
ILSVRC2012_val_00023849,n03661043 0 0 372 498 ,n03661043
ILSVRC2012_val_00002813,n03661043 0 0 499 374 ,n03661043
ILSVRC2012_val_00011636,n03662601 150 60 434 306 ,n03662601
ILSVRC2012_val_00039237,n03662601 134 4 429 284 ,n03662601
ILSVRC2012_val_00004483,n03662601 102 4 703 544 ,n03662601
ILSVRC2012_val_00023517,n03662601 235 261 365 354 ,n03662601
ILSVRC2012_val_00004483,n03662601 102 4 703 544 ,n03662601
ILSVRC2012_val_00042650,n03666591 87 0 335 367 ,n03666591
ILSVRC2012_val_00042002,n03666591 37 36 265 498 ,n03666591
ILSVRC2012_val_00046209,n03666591 156 247 191 331 n03666591 252 185 297 294 n03666591 204 232 257 306 n03666591 77 238 138 321 ,n03666591
ILSVRC2012_val_00013760,n03666591 292 37 447 282 n03666591 133 4 241 275 n03666591 0 0 106 203 n03666591 409 0 499 104 n03666591 208 0 398 40 n03666591 321 148 499 374 n03666591 63 24 151 188 n03666591 295 42 414 282 n03666591 47 145 190 354 ,n03666591
ILSVRC2012_val_00042002,n03666591 37 36 265 498 ,n03666591
ILSVRC2012_val_00018066,n03670208 115 156 353 221 ,n03670208
ILSVRC2012_val_00031274,n03670208 2 83 441 374 ,n03670208
ILSVRC2012_val_00002920,n03670208 59 143 430 295 ,n03670208
ILSVRC2012_val_00044032,n03670208 30 110 460 228 ,n03670208
ILSVRC2012_val_00033993,n03670208 163 153 463 218 ,n03670208
ILSVRC2012_val_00017951,n03673027 266 186 482 253 n03673027 14 96 265 258 ,n03673027
ILSVRC2012_val_00029907,n03673027 134 29 460 347 n03673027 20 246 127 296 n03673027 20 245 220 348 ,n03673027
ILSVRC2012_val_00031444,n03673027 11 0 499 331 ,n03673027
ILSVRC2012_val_00046585,n03673027 23 168 485 284 ,n03673027
ILSVRC2012_val_00000868,n03673027 43 20 446 344 ,n03673027
ILSVRC2012_val_00002419,n03676483 268 16 336 345 n03676483 349 53 414 288 ,n03676483
ILSVRC2012_val_00048483,n03676483 32 22 196 668 ,n03676483
ILSVRC2012_val_00001914,n03676483 126 81 272 498 n03676483 40 30 157 456 n03676483 276 320 372 498 n03676483 247 0 320 278 n03676483 175 0 256 156 n03676483 0 257 102 498 ,n03676483
ILSVRC2012_val_00003474,n03676483 53 145 321 299 n03676483 159 46 432 144 ,n03676483
ILSVRC2012_val_00019291,n03676483 475 137 565 438 n03676483 330 112 403 430 n03676483 252 125 328 431 n03676483 14 122 120 426 n03676483 173 112 257 441 n03676483 404 113 477 442 n03676483 89 126 187 435 n03676483 216 63 326 114 n03676483 84 0 193 290 n03676483 306 0 504 90 ,n03676483
ILSVRC2012_val_00006519,n03680355 258 154 469 357 n03680355 1 154 353 320 ,n03680355
ILSVRC2012_val_00005724,n03680355 269 24 386 352 n03680355 39 0 167 315 ,n03680355
ILSVRC2012_val_00006519,n03680355 258 154 469 357 n03680355 1 154 353 320 ,n03680355
ILSVRC2012_val_00011304,n03680355 81 253 290 447 n03680355 86 286 180 443 ,n03680355
ILSVRC2012_val_00047011,n03680355 249 10 362 340 n03680355 151 19 260 355 ,n03680355
ILSVRC2012_val_00036956,n03690938 60 0 276 374 ,n03690938
ILSVRC2012_val_00046604,n03690938 243 0 473 361 n03690938 4 1 243 367 n03690938 464 102 499 220 ,n03690938
ILSVRC2012_val_00020928,n03690938 286 23 440 422 n03690938 147 15 319 465 n03690938 1 23 160 422 ,n03690938
ILSVRC2012_val_00003848,n03690938 139 52 332 632 ,n03690938
ILSVRC2012_val_00020928,n03690938 286 23 440 422 n03690938 147 15 319 465 n03690938 1 23 160 422 ,n03690938
ILSVRC2012_val_00000640,n03691459 222 13 569 373 ,n03691459
ILSVRC2012_val_00002577,n03691459 234 86 482 328 n03691459 237 82 480 326 n03691459 489 177 554 328 n03691459 162 170 230 328 n03691459 87 225 160 327 n03691459 561 226 649 329 n03691459 207 23 360 90 ,n03691459
ILSVRC2012_val_00000783,n03691459 59 94 484 288 ,n03691459
ILSVRC2012_val_00024225,n03691459 266 25 496 399 n03691459 31 20 311 397 ,n03691459
ILSVRC2012_val_00041707,n03691459 0 2 499 331 ,n03691459
ILSVRC2012_val_00020048,n03692522 122 3 455 344 ,n03692522
ILSVRC2012_val_00033345,n03692522 114 119 238 239 ,n03692522
ILSVRC2012_val_00033345,n03692522 114 119 238 239 ,n03692522
ILSVRC2012_val_00046598,n03692522 82 88 243 230 ,n03692522
ILSVRC2012_val_00040860,n03692522 61 17 455 268 ,n03692522
ILSVRC2012_val_00011010,n03697007 0 0 499 374 ,n03697007
ILSVRC2012_val_00044154,n03697007 208 125 369 277 n03697007 0 7 499 374 ,n03697007
ILSVRC2012_val_00032905,n03697007 2 35 499 289 n03697007 0 0 499 374 ,n03697007
ILSVRC2012_val_00033037,n03697007 1 107 499 374 ,n03697007
ILSVRC2012_val_00017091,n03697007 0 59 499 374 ,n03697007
ILSVRC2012_val_00032353,n03706229 69 0 424 373 ,n03706229
ILSVRC2012_val_00027390,n03706229 579 555 1185 1161 n03706229 74 170 663 744 n03706229 849 48 1407 600 ,n03706229
ILSVRC2012_val_00010978,n03706229 0 0 235 302 ,n03706229
ILSVRC2012_val_00048067,n03706229 78 253 270 396 ,n03706229
ILSVRC2012_val_00016744,n03706229 0 122 918 766 ,n03706229
ILSVRC2012_val_00017011,n03709823 11 28 386 487 ,n03709823
ILSVRC2012_val_00046592,n03709823 65 27 348 264 ,n03709823
ILSVRC2012_val_00034532,n03709823 58 5 501 380 ,n03709823
ILSVRC2012_val_00001638,n03709823 0 4 399 354 ,n03709823
ILSVRC2012_val_00048873,n03709823 36 3 367 267 ,n03709823
ILSVRC2012_val_00012031,n03710193 180 46 321 283 n03710193 30 45 172 282 n03710193 323 49 470 280 ,n03710193
ILSVRC2012_val_00028333,n03710193 150 11 346 340 ,n03710193
ILSVRC2012_val_00034003,n03710193 121 111 208 456 ,n03710193
ILSVRC2012_val_00048679,n03710193 69 54 290 571 ,n03710193
ILSVRC2012_val_00010118,n03710193 169 40 338 316 ,n03710193
ILSVRC2012_val_00012018,n03710637 138 97 246 263 ,n03710637
ILSVRC2012_val_00043979,n03710637 3 16 171 412 n03710637 210 115 314 344 ,n03710637
ILSVRC2012_val_00000117,n03710637 152 115 320 213 ,n03710637
ILSVRC2012_val_00043979,n03710637 3 16 171 412 n03710637 210 115 314 344 ,n03710637
ILSVRC2012_val_00003825,n03710637 106 103 283 460 ,n03710637
ILSVRC2012_val_00012207,n03710721 150 145 232 273 ,n03710721
ILSVRC2012_val_00029606,n03710721 80 145 256 485 ,n03710721
ILSVRC2012_val_00030450,n03710721 91 53 329 467 ,n03710721
ILSVRC2012_val_00010174,n03710721 140 121 200 258 ,n03710721
ILSVRC2012_val_00010063,n03710721 122 145 214 287 ,n03710721
ILSVRC2012_val_00042689,n03717622 54 32 428 402 ,n03717622
ILSVRC2012_val_00027551,n03717622 1 81 373 496 ,n03717622
ILSVRC2012_val_00032460,n03717622 1 1 497 481 ,n03717622
ILSVRC2012_val_00023842,n03717622 16 18 472 466 ,n03717622
ILSVRC2012_val_00005077,n03717622 85 28 418 346 ,n03717622
ILSVRC2012_val_00000710,n03720891 0 103 368 261 n03720891 9 7 284 135 ,n03720891
ILSVRC2012_val_00047710,n03720891 364 8 634 482 n03720891 99 29 432 513 ,n03720891
ILSVRC2012_val_00040340,n03720891 82 26 277 186 n03720891 61 104 332 209 ,n03720891
ILSVRC2012_val_00024420,n03720891 57 35 320 131 n03720891 44 114 321 225 ,n03720891
ILSVRC2012_val_00017528,n03720891 6 6 233 307 n03720891 82 7 297 273 ,n03720891
ILSVRC2012_val_00022878,n03721384 12 28 488 362 ,n03721384
ILSVRC2012_val_00046588,n03721384 69 216 325 363 ,n03721384
ILSVRC2012_val_00035627,n03721384 4 204 499 374 ,n03721384
ILSVRC2012_val_00019690,n03721384 0 421 398 498 ,n03721384
ILSVRC2012_val_00032057,n03721384 0 93 499 374 ,n03721384
ILSVRC2012_val_00001334,n03724870 159 43 471 417 n03724870 52 183 216 414 ,n03724870
ILSVRC2012_val_00043713,n03724870 91 17 290 386 ,n03724870
ILSVRC2012_val_00009541,n03724870 31 22 356 498 ,n03724870
ILSVRC2012_val_00029781,n03724870 66 7 455 374 ,n03724870
ILSVRC2012_val_00007883,n03724870 67 122 97 153 n03724870 101 183 131 216 n03724870 140 213 167 248 n03724870 123 89 145 117 n03724870 372 129 408 168 n03724870 217 224 245 257 n03724870 278 136 300 167 n03724870 194 138 225 173 ,n03724870
ILSVRC2012_val_00000259,n03729826 95 146 288 445 ,n03729826
ILSVRC2012_val_00041898,n03729826 80 353 373 402 n03729826 42 223 352 253 n03729826 27 81 303 107 n03729826 20 188 373 211 n03729826 11 25 188 66 ,n03729826
ILSVRC2012_val_00046189,n03729826 48 14 499 374 n03729826 140 174 180 374 n03729826 385 159 430 372 n03729826 237 181 286 374 n03729826 315 154 374 374 ,n03729826
ILSVRC2012_val_00018918,n03729826 74 41 410 336 ,n03729826
ILSVRC2012_val_00030416,n03729826 70 370 164 495 ,n03729826
ILSVRC2012_val_00021375,n03733131 275 0 339 261 ,n03733131
ILSVRC2012_val_00010813,n03733131 153 0 168 191 ,n03733131
ILSVRC2012_val_00012536,n03733131 227 1 499 353 ,n03733131
ILSVRC2012_val_00017633,n03733131 119 0 499 296 ,n03733131
ILSVRC2012_val_00024970,n03733131 0 1 373 436 ,n03733131
ILSVRC2012_val_00038261,n03733281 0 140 499 315 ,n03733281
ILSVRC2012_val_00018967,n03733281 1 120 498 372 ,n03733281
ILSVRC2012_val_00028102,n03733281 0 99 499 374 ,n03733281
ILSVRC2012_val_00032108,n03733281 1 2 499 374 ,n03733281
ILSVRC2012_val_00003420,n03733281 0 166 499 369 ,n03733281
ILSVRC2012_val_00027209,n03733805 62 3 438 485 ,n03733805
ILSVRC2012_val_00042644,n03733805 107 6 494 332 ,n03733805
ILSVRC2012_val_00037125,n03733805 0 0 389 176 ,n03733805
ILSVRC2012_val_00004833,n03733805 85 93 350 355 n03733805 301 249 421 374 n03733805 0 145 129 346 n03733805 338 135 499 356 n03733805 35 31 252 246 n03733805 253 46 448 238 n03733805 430 89 499 161 ,n03733805
ILSVRC2012_val_00019776,n03733805 33 117 338 438 ,n03733805
ILSVRC2012_val_00045616,n03742115 65 0 277 345 ,n03742115
ILSVRC2012_val_00032106,n03742115 65 0 499 374 ,n03742115
ILSVRC2012_val_00022984,n03742115 110 133 437 374 n03742115 16 111 73 169 ,n03742115
ILSVRC2012_val_00004111,n03742115 33 33 372 412 ,n03742115
ILSVRC2012_val_00046240,n03742115 3 41 373 498 ,n03742115
ILSVRC2012_val_00008924,n03743016 290 53 442 298 ,n03743016
ILSVRC2012_val_00006348,n03743016 0 95 418 228 ,n03743016
ILSVRC2012_val_00043215,n03743016 404 156 472 230 n03743016 156 79 313 286 n03743016 97 134 157 248 n03743016 315 164 346 231 n03743016 48 189 93 240 n03743016 345 193 401 216 n03743016 474 175 499 218 n03743016 1 196 9 218 ,n03743016
ILSVRC2012_val_00041611,n03743016 23 35 314 470 ,n03743016
ILSVRC2012_val_00017922,n03743016 135 158 183 265 n03743016 453 151 499 263 n03743016 371 155 429 262 n03743016 286 160 355 267 n03743016 227 162 294 268 n03743016 177 169 225 264 n03743016 192 136 436 167 ,n03743016
ILSVRC2012_val_00019164,n03759954 0 87 498 421 ,n03759954
ILSVRC2012_val_00036071,n03759954 2 125 168 374 ,n03759954
ILSVRC2012_val_00036071,n03759954 2 125 168 374 ,n03759954
ILSVRC2012_val_00040999,n03759954 294 60 443 349 ,n03759954
ILSVRC2012_val_00003611,n03759954 118 48 345 498 ,n03759954
ILSVRC2012_val_00020457,n03761084 57 184 306 348 ,n03761084
ILSVRC2012_val_00039433,n03761084 35 56 476 313 ,n03761084
ILSVRC2012_val_00038763,n03761084 3 0 456 374 ,n03761084
ILSVRC2012_val_00031780,n03761084 21 1 496 215 ,n03761084
ILSVRC2012_val_00026735,n03761084 1 90 301 311 ,n03761084
ILSVRC2012_val_00006443,n03763968 2 1 307 499 ,n03763968
ILSVRC2012_val_00040966,n03763968 61 86 332 498 ,n03763968
ILSVRC2012_val_00020405,n03763968 1 21 231 333 n03763968 236 31 459 333 n03763968 449 139 499 333 n03763968 158 0 311 329 n03763968 458 109 499 182 ,n03763968
ILSVRC2012_val_00020808,n03763968 5 36 247 498 n03763968 282 41 493 498 n03763968 316 45 371 142 ,n03763968
ILSVRC2012_val_00020808,n03763968 5 36 247 498 n03763968 282 41 493 498 n03763968 316 45 371 142 ,n03763968
ILSVRC2012_val_00047982,n03764736 47 26 309 467 ,n03764736
ILSVRC2012_val_00005478,n03764736 315 15 499 374 ,n03764736
ILSVRC2012_val_00048918,n03764736 136 46 198 155 n03764736 201 30 298 153 n03764736 195 57 253 151 ,n03764736
ILSVRC2012_val_00001170,n03764736 76 55 314 471 ,n03764736
ILSVRC2012_val_00021965,n03764736 333 19 452 287 n03764736 174 35 278 263 n03764736 259 50 302 96 n03764736 285 43 357 265 n03764736 147 47 197 239 ,n03764736
ILSVRC2012_val_00046854,n03769881 208 181 446 298 n03769881 39 177 206 272 n03769881 0 170 39 253 n03769881 443 184 499 308 ,n03769881
ILSVRC2012_val_00007633,n03769881 40 84 367 349 ,n03769881
ILSVRC2012_val_00001178,n03769881 81 75 398 275 n03769881 0 67 72 220 n03769881 337 105 417 171 n03769881 414 116 499 174 n03769881 66 106 98 197 n03769881 299 99 343 153 ,n03769881
ILSVRC2012_val_00001207,n03769881 53 27 449 340 ,n03769881
ILSVRC2012_val_00002327,n03769881 48 89 475 318 ,n03769881
ILSVRC2012_val_00041915,n03770439 117 225 252 357 ,n03770439
ILSVRC2012_val_00014221,n03770439 126 215 232 331 ,n03770439
ILSVRC2012_val_00020862,n03770439 115 213 229 312 ,n03770439
ILSVRC2012_val_00008063,n03770439 161 215 263 277 ,n03770439
ILSVRC2012_val_00040108,n03770439 71 246 175 318 n03770439 164 249 294 310 ,n03770439
ILSVRC2012_val_00037492,n03770679 25 71 476 323 n03770679 0 110 37 141 n03770679 40 110 108 144 n03770679 457 107 478 124 n03770679 95 105 162 156 n03770679 467 121 499 147 ,n03770679
ILSVRC2012_val_00003107,n03770679 12 72 358 396 ,n03770679
ILSVRC2012_val_00003107,n03770679 12 72 358 396 ,n03770679
ILSVRC2012_val_00031770,n03770679 26 50 476 359 ,n03770679
ILSVRC2012_val_00024550,n03770679 32 107 449 311 ,n03770679
ILSVRC2012_val_00045982,n03773504 237 1 300 363 ,n03773504
ILSVRC2012_val_00012289,n03773504 122 58 391 331 ,n03773504
ILSVRC2012_val_00042034,n03773504 157 85 205 314 ,n03773504
ILSVRC2012_val_00010724,n03773504 113 32 235 401 ,n03773504
ILSVRC2012_val_00045982,n03773504 237 1 300 363 ,n03773504
ILSVRC2012_val_00002420,n03775071 1594 4 2555 1780 n03775071 1051 168 1844 1795 n03775071 76 129 946 1752 n03775071 557 384 1056 1804 ,n03775071
ILSVRC2012_val_00016004,n03775071 1 211 191 427 n03775071 71 305 327 496 ,n03775071
ILSVRC2012_val_00001574,n03775071 23 145 326 461 n03775071 150 57 300 343 ,n03775071
ILSVRC2012_val_00032775,n03775071 226 1 494 372 n03775071 23 0 261 374 ,n03775071
ILSVRC2012_val_00035581,n03775071 0 0 485 498 n03775071 204 3 483 496 ,n03775071
ILSVRC2012_val_00014758,n03775546 87 84 395 286 ,n03775546
ILSVRC2012_val_00029554,n03775546 56 128 355 341 ,n03775546
ILSVRC2012_val_00046554,n03775546 237 257 352 353 n03775546 40 270 142 358 n03775546 99 137 269 274 n03775546 142 293 246 370 ,n03775546
ILSVRC2012_val_00004313,n03775546 140 18 402 287 ,n03775546
ILSVRC2012_val_00040415,n03775546 34 85 465 296 ,n03775546
ILSVRC2012_val_00023455,n03776460 2 34 499 274 ,n03776460
ILSVRC2012_val_00021328,n03776460 114 17 405 332 n03776460 392 206 454 286 ,n03776460
ILSVRC2012_val_00013909,n03776460 52 15 477 298 ,n03776460
ILSVRC2012_val_00024871,n03776460 1 93 485 265 ,n03776460
ILSVRC2012_val_00025332,n03776460 0 28 280 275 n03776460 328 133 386 191 ,n03776460
ILSVRC2012_val_00015974,n03777568 19 35 435 374 ,n03777568
ILSVRC2012_val_00047881,n03777568 84 68 404 308 n03777568 280 1 394 67 n03777568 397 0 499 71 ,n03777568
ILSVRC2012_val_00012494,n03777568 30 11 470 352 ,n03777568
ILSVRC2012_val_00029873,n03777568 51 11 455 362 ,n03777568
ILSVRC2012_val_00031739,n03777568 56 7 469 374 ,n03777568
ILSVRC2012_val_00039683,n03777754 400 24 468 303 n03777754 66 24 381 307 ,n03777754
ILSVRC2012_val_00000222,n03777754 78 19 361 332 ,n03777754
ILSVRC2012_val_00007751,n03777754 129 2 334 374 ,n03777754
ILSVRC2012_val_00011982,n03777754 29 23 323 205 ,n03777754
ILSVRC2012_val_00045892,n03777754 141 62 234 438 ,n03777754
ILSVRC2012_val_00018653,n03781244 2 2 373 497 ,n03781244
ILSVRC2012_val_00025012,n03781244 16 19 491 338 ,n03781244
ILSVRC2012_val_00045231,n03781244 36 28 406 333 ,n03781244
ILSVRC2012_val_00017510,n03781244 146 3 497 422 n03781244 2 71 180 458 ,n03781244
ILSVRC2012_val_00024251,n03781244 0 24 498 496 ,n03781244
ILSVRC2012_val_00035743,n03782006 59 1 440 312 n03782006 422 69 499 308 ,n03782006
ILSVRC2012_val_00046624,n03782006 300 16 412 95 n03782006 128 81 227 160 n03782006 308 83 429 175 n03782006 415 278 465 373 n03782006 220 77 316 165 n03782006 53 147 100 227 n03782006 414 118 463 250 ,n03782006
ILSVRC2012_val_00017128,n03782006 5 0 489 450 ,n03782006
ILSVRC2012_val_00002089,n03782006 323 141 468 304 n03782006 54 143 187 283 n03782006 179 147 322 256 ,n03782006
ILSVRC2012_val_00002089,n03782006 323 141 468 304 n03782006 54 143 187 283 n03782006 179 147 322 256 ,n03782006
ILSVRC2012_val_00007101,n03785016 126 20 394 328 n03785016 328 48 499 238 n03785016 0 0 147 155 ,n03785016
ILSVRC2012_val_00049674,n03785016 21 16 467 291 n03785016 0 0 368 220 n03785016 2 3 290 110 ,n03785016
ILSVRC2012_val_00006691,n03785016 5 0 771 535 ,n03785016
ILSVRC2012_val_00038388,n03785016 59 119 697 510 ,n03785016
ILSVRC2012_val_00043896,n03785016 6 12 487 598 n03785016 9 87 684 598 n03785016 172 108 537 421 ,n03785016
ILSVRC2012_val_00028930,n03786901 479 39 546 216 n03786901 17 84 314 336 n03786901 264 229 435 445 ,n03786901
ILSVRC2012_val_00043703,n03786901 0 1 499 330 ,n03786901
ILSVRC2012_val_00040918,n03786901 67 78 355 276 n03786901 283 156 377 303 ,n03786901
ILSVRC2012_val_00011653,n03786901 465 68 552 185 n03786901 325 68 554 365 ,n03786901
ILSVRC2012_val_00006651,n03786901 0 48 373 420 ,n03786901
ILSVRC2012_val_00032175,n03787032 10 42 296 316 ,n03787032
ILSVRC2012_val_00019763,n03787032 82 36 262 225 n03787032 318 147 392 351 n03787032 0 146 120 300 n03787032 0 300 158 417 n03787032 113 161 295 263 ,n03787032
ILSVRC2012_val_00026799,n03787032 76 153 280 227 n03787032 270 123 301 143 n03787032 31 150 51 165 ,n03787032
ILSVRC2012_val_00028869,n03787032 25 55 353 388 ,n03787032
ILSVRC2012_val_00040935,n03787032 47 34 242 133 ,n03787032
ILSVRC2012_val_00046416,n03788195 95 110 436 311 ,n03788195
ILSVRC2012_val_00000864,n03788195 2 20 327 497 ,n03788195
ILSVRC2012_val_00031418,n03788195 0 10 452 343 ,n03788195
ILSVRC2012_val_00018208,n03788195 0 1 499 288 ,n03788195
ILSVRC2012_val_00006508,n03788195 21 7 367 346 ,n03788195
ILSVRC2012_val_00008243,n03788365 76 0 567 380 ,n03788365
ILSVRC2012_val_00031307,n03788365 21 1 499 374 ,n03788365
ILSVRC2012_val_00022775,n03788365 1 0 498 372 ,n03788365
ILSVRC2012_val_00028526,n03788365 719 408 1814 2021 ,n03788365
ILSVRC2012_val_00001664,n03788365 111 33 634 526 ,n03788365
ILSVRC2012_val_00043373,n03791053 87 141 445 465 ,n03791053
ILSVRC2012_val_00008959,n03791053 36 4 533 647 ,n03791053
ILSVRC2012_val_00045359,n03791053 31 16 499 373 ,n03791053
ILSVRC2012_val_00001892,n03791053 56 21 391 342 ,n03791053
ILSVRC2012_val_00016338,n03791053 0 79 216 332 n03791053 148 83 351 293 n03791053 357 39 495 141 n03791053 214 43 407 240 n03791053 414 1 499 77 ,n03791053
ILSVRC2012_val_00040237,n03792782 51 31 356 276 ,n03792782
ILSVRC2012_val_00042457,n03792782 136 120 268 305 ,n03792782
ILSVRC2012_val_00042426,n03792782 102 141 336 301 ,n03792782
ILSVRC2012_val_00044080,n03792782 102 229 229 435 ,n03792782
ILSVRC2012_val_00018074,n03792782 30 60 431 356 ,n03792782
ILSVRC2012_val_00029884,n03792972 86 178 253 343 n03792972 262 154 376 234 ,n03792972
ILSVRC2012_val_00020645,n03792972 82 38 427 325 ,n03792972
ILSVRC2012_val_00017985,n03792972 78 209 184 277 ,n03792972
ILSVRC2012_val_00034853,n03792972 127 142 433 346 ,n03792972
ILSVRC2012_val_00048211,n03792972 57 245 173 374 n03792972 310 155 431 229 n03792972 208 167 250 204 ,n03792972
ILSVRC2012_val_00004642,n03793489 354 215 440 320 n03793489 296 43 356 83 n03793489 45 10 87 36 n03793489 374 31 429 91 ,n03793489
ILSVRC2012_val_00013616,n03793489 164 38 344 276 ,n03793489
ILSVRC2012_val_00007175,n03793489 178 152 369 345 ,n03793489
ILSVRC2012_val_00012280,n03793489 140 121 253 291 ,n03793489
ILSVRC2012_val_00045539,n03793489 117 188 373 485 ,n03793489
ILSVRC2012_val_00048711,n03794056 0 21 480 374 ,n03794056
ILSVRC2012_val_00018002,n03794056 148 141 401 378 ,n03794056
ILSVRC2012_val_00032286,n03794056 1 0 278 328 ,n03794056
ILSVRC2012_val_00049431,n03794056 84 27 348 311 ,n03794056
ILSVRC2012_val_00000009,n03794056 36 203 373 315 ,n03794056
ILSVRC2012_val_00045876,n03796401 0 60 418 277 ,n03796401
ILSVRC2012_val_00005707,n03796401 18 5 499 345 ,n03796401
ILSVRC2012_val_00005707,n03796401 18 5 499 345 ,n03796401
ILSVRC2012_val_00031141,n03796401 83 76 418 287 ,n03796401
ILSVRC2012_val_00026301,n03796401 138 10 356 329 ,n03796401
ILSVRC2012_val_00044837,n03803284 95 158 362 334 ,n03803284
ILSVRC2012_val_00006876,n03803284 202 120 398 294 ,n03803284
ILSVRC2012_val_00027961,n03803284 113 119 340 270 ,n03803284
ILSVRC2012_val_00020797,n03803284 159 154 321 278 ,n03803284
ILSVRC2012_val_00043675,n03803284 170 31 317 242 ,n03803284
ILSVRC2012_val_00035232,n03804744 70 67 372 227 n03804744 0 222 373 356 n03804744 1 1 373 110 ,n03804744
ILSVRC2012_val_00012559,n03804744 345 72 406 131 n03804744 293 286 362 350 ,n03804744
ILSVRC2012_val_00002374,n03804744 252 93 266 219 n03804744 277 178 324 212 n03804744 185 144 254 194 n03804744 318 16 341 136 ,n03804744
ILSVRC2012_val_00022621,n03804744 241 159 339 199 ,n03804744
ILSVRC2012_val_00002005,n03804744 401 43 429 175 n03804744 247 70 265 170 n03804744 489 27 499 136 n03804744 85 34 94 145 n03804744 216 31 240 139 n03804744 158 30 173 142 n03804744 451 34 470 133 n03804744 335 36 355 138 n03804744 92 46 114 170 n03804744 322 58 337 147 n03804744 25 53 44 160 n03804744 3 36 18 161 n03804744 246 30 257 141 n03804744 304 34 329 143 n03804744 175 67 184 111 n03804744 404 32 422 134 ,n03804744
ILSVRC2012_val_00019686,n03814639 139 226 234 287 ,n03814639
ILSVRC2012_val_00034327,n03814639 291 142 401 226 n03814639 117 123 205 206 n03814639 236 127 294 174 ,n03814639
ILSVRC2012_val_00006719,n03814639 103 183 315 364 ,n03814639
ILSVRC2012_val_00027572,n03814639 229 153 412 303 ,n03814639
ILSVRC2012_val_00000243,n03814639 299 205 451 348 ,n03814639
ILSVRC2012_val_00006606,n03814906 152 145 423 423 ,n03814906
ILSVRC2012_val_00009005,n03814906 4 133 451 333 ,n03814906
ILSVRC2012_val_00032605,n03814906 8 96 497 429 ,n03814906
ILSVRC2012_val_00041884,n03814906 61 165 187 363 n03814906 265 123 487 353 ,n03814906
ILSVRC2012_val_00038641,n03814906 120 0 396 462 ,n03814906
ILSVRC2012_val_00021976,n03825788 101 71 115 88 n03825788 85 42 103 60 n03825788 65 62 83 85 n03825788 46 50 61 75 ,n03825788
ILSVRC2012_val_00017705,n03825788 17 30 61 180 n03825788 143 47 189 104 n03825788 90 83 123 137 n03825788 19 32 61 76 ,n03825788
ILSVRC2012_val_00040709,n03825788 202 204 358 332 ,n03825788
ILSVRC2012_val_00015671,n03825788 23 15 78 82 ,n03825788
ILSVRC2012_val_00040443,n03825788 282 10 496 271 n03825788 344 762 525 972 ,n03825788
ILSVRC2012_val_00010133,n03832673 9 6 492 386 ,n03832673
ILSVRC2012_val_00010133,n03832673 9 6 492 386 ,n03832673
ILSVRC2012_val_00010133,n03832673 9 6 492 386 ,n03832673
ILSVRC2012_val_00022184,n03832673 205 36 435 265 n03832673 24 25 207 176 ,n03832673
ILSVRC2012_val_00022184,n03832673 205 36 435 265 n03832673 24 25 207 176 ,n03832673
ILSVRC2012_val_00036692,n03837869 87 68 288 498 ,n03837869
ILSVRC2012_val_00026256,n03837869 196 0 257 371 n03837869 19 106 51 299 n03837869 132 229 141 276 ,n03837869
ILSVRC2012_val_00016892,n03837869 161 53 214 498 ,n03837869
ILSVRC2012_val_00024307,n03837869 126 38 221 498 ,n03837869
ILSVRC2012_val_00029420,n03837869 47 0 373 498 ,n03837869
ILSVRC2012_val_00041560,n03838899 0 146 464 356 ,n03838899
ILSVRC2012_val_00003175,n03838899 102 117 143 247 ,n03838899
ILSVRC2012_val_00029556,n03838899 130 66 186 239 ,n03838899
ILSVRC2012_val_00036525,n03838899 53 93 88 256 ,n03838899
ILSVRC2012_val_00047450,n03838899 50 65 137 149 n03838899 111 69 180 148 n03838899 0 51 41 143 ,n03838899
ILSVRC2012_val_00025369,n03840681 100 264 213 378 ,n03840681
ILSVRC2012_val_00007739,n03840681 96 77 449 306 ,n03840681
ILSVRC2012_val_00017601,n03840681 109 112 441 318 ,n03840681
ILSVRC2012_val_00007739,n03840681 96 77 449 306 ,n03840681
ILSVRC2012_val_00015714,n03840681 22 73 487 327 ,n03840681
ILSVRC2012_val_00006978,n03841143 57 3 448 357 ,n03841143
ILSVRC2012_val_00034030,n03841143 310 276 431 304 n03841143 183 0 499 349 n03841143 0 0 213 338 ,n03841143
ILSVRC2012_val_00028478,n03841143 112 149 244 193 ,n03841143
ILSVRC2012_val_00031972,n03841143 197 137 345 179 n03841143 211 230 324 262 n03841143 91 18 442 357 n03841143 0 70 80 320 n03841143 464 129 499 323 ,n03841143
ILSVRC2012_val_00009960,n03841143 133 383 370 455 ,n03841143
ILSVRC2012_val_00032354,n03843555 142 104 269 332 n03843555 285 174 413 333 ,n03843555
ILSVRC2012_val_00010348,n03843555 11 11 335 497 ,n03843555
ILSVRC2012_val_00019929,n03843555 94 46 438 317 ,n03843555
ILSVRC2012_val_00000114,n03843555 3 6 498 369 ,n03843555
ILSVRC2012_val_00045663,n03843555 91 182 265 423 n03843555 226 180 325 365 n03843555 303 176 397 332 ,n03843555
ILSVRC2012_val_00024984,n03854065 34 79 465 391 ,n03854065
ILSVRC2012_val_00024984,n03854065 34 79 465 391 ,n03854065
ILSVRC2012_val_00009172,n03854065 123 112 140 290 n03854065 353 110 372 292 n03854065 18 42 467 497 n03854065 403 210 441 296 n03854065 165 312 323 446 n03854065 52 213 95 300 n03854065 236 230 263 291 n03854065 145 177 158 293 n03854065 173 181 215 296 n03854065 283 183 325 295 n03854065 373 183 387 288 ,n03854065
ILSVRC2012_val_00007206,n03854065 221 152 281 274 n03854065 300 156 336 276 n03854065 167 152 199 270 n03854065 99 140 147 291 n03854065 10 6 492 398 n03854065 381 161 395 290 n03854065 411 96 448 347 n03854065 57 95 91 349 n03854065 353 173 378 291 n03854065 42 80 462 394 ,n03854065
ILSVRC2012_val_00025531,n03854065 0 94 498 466 ,n03854065
ILSVRC2012_val_00048946,n03857828 1 0 497 374 ,n03857828
ILSVRC2012_val_00025464,n03857828 16 37 454 268 ,n03857828
ILSVRC2012_val_00017826,n03857828 1 24 666 554 ,n03857828
ILSVRC2012_val_00034052,n03857828 43 0 498 332 ,n03857828
ILSVRC2012_val_00017826,n03857828 1 24 666 554 ,n03857828
ILSVRC2012_val_00003476,n03866082 65 212 222 445 ,n03866082
ILSVRC2012_val_00017059,n03866082 111 195 301 443 ,n03866082
ILSVRC2012_val_00032676,n03866082 19 31 445 357 n03866082 32 54 424 300 ,n03866082
ILSVRC2012_val_00028311,n03866082 145 226 265 345 ,n03866082
ILSVRC2012_val_00012491,n03866082 0 43 371 498 ,n03866082
ILSVRC2012_val_00032003,n03868242 8 125 488 358 ,n03868242
ILSVRC2012_val_00003161,n03868242 67 141 347 305 ,n03868242
ILSVRC2012_val_00012206,n03868242 643 287 2780 2227 ,n03868242
ILSVRC2012_val_00032711,n03868242 1 96 598 448 ,n03868242
ILSVRC2012_val_00024131,n03868242 11 166 971 689 ,n03868242
ILSVRC2012_val_00036829,n03868863 41 17 265 273 ,n03868863
ILSVRC2012_val_00039176,n03868863 102 165 378 498 ,n03868863
ILSVRC2012_val_00025563,n03868863 37 65 429 623 ,n03868863
ILSVRC2012_val_00005396,n03868863 171 158 272 270 ,n03868863
ILSVRC2012_val_00005421,n03868863 128 171 262 277 ,n03868863
ILSVRC2012_val_00044365,n03871628 286 17 385 307 n03871628 359 23 432 312 n03871628 34 17 318 367 ,n03871628
ILSVRC2012_val_00042397,n03871628 253 196 369 395 n03871628 6 3 130 190 n03871628 126 192 252 384 n03871628 246 9 378 196 n03871628 136 3 248 194 n03871628 380 11 498 196 n03871628 371 198 495 382 n03871628 6 191 130 398 ,n03871628
ILSVRC2012_val_00042662,n03871628 105 98 409 440 n03871628 325 12 495 283 n03871628 115 116 390 421 ,n03871628
ILSVRC2012_val_00044226,n03871628 186 227 332 374 n03871628 38 207 197 357 n03871628 310 154 472 273 n03871628 68 31 197 121 n03871628 306 63 428 165 n03871628 17 110 184 210 n03871628 155 65 320 240 n03871628 188 0 306 96 ,n03871628
ILSVRC2012_val_00044226,n03871628 186 227 332 374 n03871628 38 207 197 357 n03871628 310 154 472 273 n03871628 68 31 197 121 n03871628 306 63 428 165 n03871628 17 110 184 210 n03871628 155 65 320 240 n03871628 188 0 306 96 ,n03871628
ILSVRC2012_val_00014993,n03873416 3 142 492 175 ,n03873416
ILSVRC2012_val_00004792,n03873416 206 28 249 293 ,n03873416
ILSVRC2012_val_00030725,n03873416 37 33 396 358 ,n03873416
ILSVRC2012_val_00022798,n03873416 22 81 153 129 ,n03873416
ILSVRC2012_val_00015444,n03873416 131 351 463 408 n03873416 134 108 362 401 n03873416 240 103 436 400 ,n03873416
ILSVRC2012_val_00047764,n03874293 10 42 499 374 ,n03874293
ILSVRC2012_val_00034746,n03874293 391 222 421 302 n03874293 308 211 381 302 ,n03874293
ILSVRC2012_val_00042256,n03874293 345 73 472 231 n03874293 43 63 164 241 ,n03874293
ILSVRC2012_val_00020720,n03874293 0 47 412 374 ,n03874293
ILSVRC2012_val_00047562,n03874293 34 159 155 261 ,n03874293
ILSVRC2012_val_00002908,n03874599 185 45 309 213 n03874599 8 8 163 228 ,n03874599
ILSVRC2012_val_00040224,n03874599 96 98 433 261 ,n03874599
ILSVRC2012_val_00004826,n03874599 172 78 405 710 ,n03874599
ILSVRC2012_val_00024746,n03874599 162 101 295 421 ,n03874599
ILSVRC2012_val_00014725,n03874599 210 184 292 293 n03874599 210 171 289 292 ,n03874599
ILSVRC2012_val_00012200,n03876231 263 136 297 232 n03876231 228 136 241 231 n03876231 177 59 240 232 n03876231 334 126 368 225 n03876231 0 101 19 249 n03876231 89 41 152 235 n03876231 37 116 94 247 n03876231 323 141 331 228 n03876231 375 152 383 218 ,n03876231
ILSVRC2012_val_00045796,n03876231 261 123 378 736 ,n03876231
ILSVRC2012_val_00003523,n03876231 0 71 447 332 ,n03876231
ILSVRC2012_val_00029832,n03876231 0 58 375 166 n03876231 0 201 303 298 ,n03876231
ILSVRC2012_val_00045796,n03876231 261 123 378 736 ,n03876231
ILSVRC2012_val_00022847,n03877472 2 188 318 374 n03877472 1 24 291 213 ,n03877472
ILSVRC2012_val_00022847,n03877472 2 188 318 374 n03877472 1 24 291 213 ,n03877472
ILSVRC2012_val_00009496,n03877472 20 23 263 477 ,n03877472
ILSVRC2012_val_00047794,n03877472 80 1 236 493 ,n03877472
ILSVRC2012_val_00046238,n03877472 96 175 283 374 n03877472 273 122 438 374 n03877472 25 315 129 374 ,n03877472
ILSVRC2012_val_00026991,n03877845 0 108 373 467 ,n03877845
ILSVRC2012_val_00047157,n03877845 81 31 458 324 ,n03877845
ILSVRC2012_val_00009214,n03877845 0 1 373 498 ,n03877845
ILSVRC2012_val_00014323,n03877845 0 65 485 265 ,n03877845
ILSVRC2012_val_00040738,n03877845 64 40 493 201 ,n03877845
ILSVRC2012_val_00023767,n03884397 30 18 74 89 ,n03884397
ILSVRC2012_val_00027106,n03884397 27 56 377 361 n03884397 324 50 376 362 ,n03884397
ILSVRC2012_val_00034878,n03884397 24 97 119 159 ,n03884397
ILSVRC2012_val_00047439,n03884397 7 138 259 304 ,n03884397
ILSVRC2012_val_00026149,n03884397 167 135 325 299 ,n03884397
ILSVRC2012_val_00034272,n03887697 1 154 180 348 n03887697 147 24 359 350 ,n03887697
ILSVRC2012_val_00013889,n03887697 368 1059 2019 2357 ,n03887697
ILSVRC2012_val_00034272,n03887697 1 154 180 348 n03887697 147 24 359 350 ,n03887697
ILSVRC2012_val_00030096,n03887697 2 136 331 498 n03887697 77 135 195 175 ,n03887697
ILSVRC2012_val_00029980,n03887697 89 150 318 273 ,n03887697
ILSVRC2012_val_00020698,n03888257 125 85 368 344 ,n03888257
ILSVRC2012_val_00020003,n03888257 53 29 439 426 ,n03888257
ILSVRC2012_val_00041925,n03888257 48 19 398 493 ,n03888257
ILSVRC2012_val_00018509,n03888257 95 111 316 430 ,n03888257
ILSVRC2012_val_00030583,n03888257 23 57 389 452 ,n03888257
ILSVRC2012_val_00011816,n03888605 0 248 518 346 ,n03888605
ILSVRC2012_val_00047668,n03888605 0 149 290 231 ,n03888605
ILSVRC2012_val_00003422,n03888605 3 121 267 232 ,n03888605
ILSVRC2012_val_00003422,n03888605 3 121 267 232 ,n03888605
ILSVRC2012_val_00009178,n03888605 153 263 358 332 n03888605 276 262 350 330 ,n03888605
ILSVRC2012_val_00031251,n03891251 66 220 209 344 ,n03891251
ILSVRC2012_val_00033475,n03891251 12 71 495 372 ,n03891251
ILSVRC2012_val_00031221,n03891251 38 277 276 426 ,n03891251
ILSVRC2012_val_00016790,n03891251 81 102 411 234 ,n03891251
ILSVRC2012_val_00048038,n03891251 16 149 480 352 n03891251 15 148 481 352 n03891251 262 104 284 117 n03891251 52 94 68 107 ,n03891251
ILSVRC2012_val_00031240,n03891332 151 59 499 389 ,n03891332
ILSVRC2012_val_00009989,n03891332 267 7 458 361 n03891332 40 2 234 363 ,n03891332
ILSVRC2012_val_00044621,n03891332 83 10 385 374 ,n03891332
ILSVRC2012_val_00037258,n03891332 0 73 242 498 ,n03891332
ILSVRC2012_val_00007481,n03891332 0 0 66 171 n03891332 66 0 214 170 n03891332 272 144 299 235 n03891332 299 149 309 177 ,n03891332
ILSVRC2012_val_00024310,n03895866 2 0 499 342 ,n03895866
ILSVRC2012_val_00026224,n03895866 62 83 373 433 n03895866 0 148 63 371 ,n03895866
ILSVRC2012_val_00024310,n03895866 2 0 499 342 ,n03895866
ILSVRC2012_val_00026224,n03895866 62 83 373 433 n03895866 0 148 63 371 ,n03895866
ILSVRC2012_val_00023946,n03895866 0 10 499 338 ,n03895866
ILSVRC2012_val_00042992,n03899768 0 175 498 334 ,n03899768
ILSVRC2012_val_00037373,n03899768 0 248 498 498 ,n03899768
ILSVRC2012_val_00024670,n03899768 10 193 499 374 ,n03899768
ILSVRC2012_val_00016653,n03899768 3 236 499 374 ,n03899768
ILSVRC2012_val_00029777,n03899768 1 210 373 498 n03899768 277 202 373 291 ,n03899768
ILSVRC2012_val_00021347,n03902125 143 66 326 285 ,n03902125
ILSVRC2012_val_00031113,n03902125 0 2 499 374 ,n03902125
ILSVRC2012_val_00012392,n03902125 223 124 301 322 ,n03902125
ILSVRC2012_val_00022006,n03902125 12 0 319 498 ,n03902125
ILSVRC2012_val_00012227,n03902125 263 138 392 332 ,n03902125
ILSVRC2012_val_00004925,n03903868 270 58 373 498 n03903868 5 280 291 498 ,n03903868
ILSVRC2012_val_00024631,n03903868 105 353 373 498 ,n03903868
ILSVRC2012_val_00048844,n03903868 121 254 254 395 n03903868 46 398 313 432 ,n03903868
ILSVRC2012_val_00044198,n03903868 277 76 381 373 ,n03903868
ILSVRC2012_val_00015543,n03903868 318 166 395 257 n03903868 40 76 295 374 ,n03903868
ILSVRC2012_val_00046476,n03908618 25 36 481 171 n03908618 48 193 480 309 ,n03908618
ILSVRC2012_val_00020281,n03908618 0 77 485 486 ,n03908618
ILSVRC2012_val_00040813,n03908618 39 129 488 353 ,n03908618
ILSVRC2012_val_00020431,n03908618 9 149 499 356 n03908618 114 33 224 192 n03908618 240 88 402 168 n03908618 1 91 137 198 n03908618 445 135 499 188 ,n03908618
ILSVRC2012_val_00040508,n03908618 0 17 498 250 ,n03908618
ILSVRC2012_val_00022879,n03908714 25 20 435 277 ,n03908714
ILSVRC2012_val_00006357,n03908714 1 102 270 300 n03908714 107 0 308 18 ,n03908714
ILSVRC2012_val_00011693,n03908714 234 37 313 145 ,n03908714
ILSVRC2012_val_00004441,n03908714 41 9 350 364 ,n03908714
ILSVRC2012_val_00036558,n03908714 285 126 410 249 ,n03908714
ILSVRC2012_val_00007814,n03916031 60 93 199 487 n03916031 155 89 318 473 ,n03916031
ILSVRC2012_val_00046577,n03916031 15 117 227 374 n03916031 224 83 469 378 ,n03916031
ILSVRC2012_val_00045360,n03916031 29 110 229 486 n03916031 230 77 447 488 ,n03916031
ILSVRC2012_val_00018707,n03916031 243 0 498 437 ,n03916031
ILSVRC2012_val_00026033,n03916031 181 5 281 184 n03916031 72 247 231 395 n03916031 207 112 392 306 ,n03916031
ILSVRC2012_val_00048857,n03920288 0 1 496 498 ,n03920288
ILSVRC2012_val_00005792,n03920288 0 17 192 287 ,n03920288
ILSVRC2012_val_00036089,n03920288 0 160 358 374 n03920288 350 251 499 374 n03920288 285 96 499 211 n03920288 377 28 499 93 n03920288 80 72 284 146 n03920288 0 84 93 245 n03920288 0 31 103 100 n03920288 268 14 382 69 n03920288 62 0 210 48 n03920288 210 10 267 55 ,n03920288
ILSVRC2012_val_00049600,n03920288 66 73 388 318 ,n03920288
ILSVRC2012_val_00014555,n03920288 6 45 403 332 ,n03920288
ILSVRC2012_val_00000489,n03924679 0 0 623 501 ,n03924679
ILSVRC2012_val_00003366,n03924679 26 34 458 596 ,n03924679
ILSVRC2012_val_00044366,n03924679 0 190 467 623 ,n03924679
ILSVRC2012_val_00037742,n03924679 16 0 598 798 ,n03924679
ILSVRC2012_val_00009835,n03924679 7 38 805 1003 ,n03924679
ILSVRC2012_val_00024605,n03929660 228 183 452 310 ,n03929660
ILSVRC2012_val_00029992,n03929660 239 279 339 358 n03929660 302 210 395 274 n03929660 219 119 328 200 n03929660 80 281 191 382 n03929660 104 113 199 192 n03929660 6 203 125 285 ,n03929660
ILSVRC2012_val_00029852,n03929660 56 125 302 339 ,n03929660
ILSVRC2012_val_00012300,n03929660 46 41 406 460 ,n03929660
ILSVRC2012_val_00022410,n03929660 94 130 310 298 ,n03929660
ILSVRC2012_val_00042848,n03929855 118 30 166 82 ,n03929855
ILSVRC2012_val_00049368,n03929855 73 51 230 460 n03929855 127 50 176 141 ,n03929855
ILSVRC2012_val_00001180,n03929855 120 21 417 324 n03929855 33 53 173 259 ,n03929855
ILSVRC2012_val_00042008,n03929855 200 126 222 146 ,n03929855
ILSVRC2012_val_00002912,n03929855 410 60 439 85 n03929855 56 56 92 82 n03929855 276 47 302 68 n03929855 135 52 165 77 n03929855 206 60 228 78 n03929855 139 123 167 149 n03929855 413 130 439 157 n03929855 345 57 365 78 n03929855 316 105 348 124 n03929855 238 100 271 120 n03929855 166 51 197 66 n03929855 238 62 266 76 ,n03929855
ILSVRC2012_val_00012729,n03930313 0 203 321 498 ,n03930313
ILSVRC2012_val_00047145,n03930313 315 167 475 332 n03930313 16 181 188 332 ,n03930313
ILSVRC2012_val_00010851,n03930313 3 149 499 374 ,n03930313
ILSVRC2012_val_00046382,n03930313 2 157 495 339 ,n03930313
ILSVRC2012_val_00033400,n03930313 123 255 1162 1035 ,n03930313
ILSVRC2012_val_00047676,n03930630 98 86 406 289 ,n03930630
ILSVRC2012_val_00035897,n03930630 46 18 469 362 n03930630 381 55 499 182 n03930630 0 85 170 276 n03930630 4 61 57 89 ,n03930630
ILSVRC2012_val_00025354,n03930630 17 50 488 340 ,n03930630
ILSVRC2012_val_00009098,n03930630 21 50 467 291 ,n03930630
ILSVRC2012_val_00037136,n03930630 0 0 499 374 ,n03930630
ILSVRC2012_val_00044458,n03933933 2 24 499 297 ,n03933933
ILSVRC2012_val_00026844,n03933933 0 29 437 206 ,n03933933
ILSVRC2012_val_00023136,n03933933 0 176 285 493 ,n03933933
ILSVRC2012_val_00023136,n03933933 0 176 285 493 ,n03933933
ILSVRC2012_val_00029034,n03933933 361 104 433 178 ,n03933933
ILSVRC2012_val_00022575,n03935335 27 130 268 470 ,n03935335
ILSVRC2012_val_00003078,n03935335 318 0 499 373 n03935335 0 0 287 374 ,n03935335
ILSVRC2012_val_00010732,n03935335 25 48 480 465 ,n03935335
ILSVRC2012_val_00029853,n03935335 32 14 375 324 ,n03935335
ILSVRC2012_val_00001865,n03935335 104 22 346 310 ,n03935335
ILSVRC2012_val_00014160,n03937543 237 92 337 317 ,n03937543
ILSVRC2012_val_00021446,n03937543 103 0 373 498 n03937543 0 0 100 382 ,n03937543
ILSVRC2012_val_00012863,n03937543 93 72 258 241 ,n03937543
ILSVRC2012_val_00036795,n03937543 71 59 298 276 ,n03937543
ILSVRC2012_val_00008776,n03937543 19 2 494 446 ,n03937543
ILSVRC2012_val_00033701,n03938244 10 1 484 451 ,n03938244
ILSVRC2012_val_00021635,n03938244 7 23 489 482 ,n03938244
ILSVRC2012_val_00038536,n03938244 0 1 491 498 ,n03938244
ILSVRC2012_val_00038536,n03938244 0 1 491 498 ,n03938244
ILSVRC2012_val_00005257,n03938244 17 10 487 482 ,n03938244
ILSVRC2012_val_00036460,n03942813 171 38 489 361 ,n03942813
ILSVRC2012_val_00044157,n03942813 273 215 292 234 ,n03942813
ILSVRC2012_val_00036460,n03942813 171 38 489 361 ,n03942813
ILSVRC2012_val_00044526,n03942813 170 212 201 241 ,n03942813
ILSVRC2012_val_00047088,n03942813 176 193 212 223 n03942813 180 193 213 223 n03942813 127 138 158 172 ,n03942813
ILSVRC2012_val_00013576,n03944341 208 9 466 399 n03944341 123 80 218 376 n03944341 88 123 178 347 n03944341 152 52 288 399 n03944341 30 156 105 321 ,n03944341
ILSVRC2012_val_00012260,n03944341 168 54 374 255 ,n03944341
ILSVRC2012_val_00041651,n03944341 204 26 352 173 n03944341 350 86 451 188 n03944341 405 175 499 293 n03944341 115 146 207 235 n03944341 1 205 116 322 n03944341 31 98 130 204 n03944341 187 174 307 294 n03944341 307 168 388 246 ,n03944341
ILSVRC2012_val_00023001,n03944341 1 0 268 351 n03944341 145 156 373 498 ,n03944341
ILSVRC2012_val_00012260,n03944341 168 54 374 255 ,n03944341
ILSVRC2012_val_00001111,n03947888 28 152 177 308 ,n03947888
ILSVRC2012_val_00032776,n03947888 245 91 375 253 ,n03947888
ILSVRC2012_val_00023104,n03947888 3 3 373 497 ,n03947888
ILSVRC2012_val_00032776,n03947888 245 91 375 253 ,n03947888
ILSVRC2012_val_00036816,n03947888 18 13 337 458 ,n03947888
ILSVRC2012_val_00032935,n03950228 89 2 392 323 ,n03950228
ILSVRC2012_val_00018614,n03950228 7 16 432 486 ,n03950228
ILSVRC2012_val_00025568,n03950228 41 125 372 372 ,n03950228
ILSVRC2012_val_00025568,n03950228 41 125 372 372 ,n03950228
ILSVRC2012_val_00039959,n03950228 190 0 402 257 ,n03950228
ILSVRC2012_val_00005903,n03954731 88 16 606 406 ,n03954731
ILSVRC2012_val_00015496,n03954731 86 557 2299 1092 ,n03954731
ILSVRC2012_val_00034134,n03954731 31 23 471 223 ,n03954731
ILSVRC2012_val_00042340,n03954731 69 99 569 346 ,n03954731
ILSVRC2012_val_00002705,n03954731 42 37 787 461 n03954731 415 20 798 263 ,n03954731
ILSVRC2012_val_00002620,n03956157 48 50 298 298 ,n03956157
ILSVRC2012_val_00022567,n03956157 164 110 340 229 ,n03956157
ILSVRC2012_val_00004337,n03956157 181 47 393 182 ,n03956157
ILSVRC2012_val_00027968,n03956157 11 134 499 343 ,n03956157
ILSVRC2012_val_00000872,n03956157 0 0 461 357 ,n03956157
ILSVRC2012_val_00010802,n03958227 28 120 267 309 n03958227 262 0 391 44 ,n03958227
ILSVRC2012_val_00000722,n03958227 116 53 373 447 ,n03958227
ILSVRC2012_val_00040579,n03958227 286 88 452 418 ,n03958227
ILSVRC2012_val_00005406,n03958227 260 247 339 363 n03958227 116 272 211 423 ,n03958227
ILSVRC2012_val_00026875,n03958227 70 30 369 335 ,n03958227
ILSVRC2012_val_00002850,n03961711 36 84 430 313 ,n03961711
ILSVRC2012_val_00002850,n03961711 36 84 430 313 ,n03961711
ILSVRC2012_val_00037251,n03961711 77 67 452 374 ,n03961711
ILSVRC2012_val_00016375,n03961711 6 0 499 332 ,n03961711
ILSVRC2012_val_00010894,n03961711 0 147 265 331 ,n03961711
ILSVRC2012_val_00019458,n03967562 16 86 462 303 ,n03967562
ILSVRC2012_val_00000840,n03967562 36 22 495 332 n03967562 158 24 493 329 ,n03967562
ILSVRC2012_val_00003086,n03967562 128 97 442 303 ,n03967562
ILSVRC2012_val_00000968,n03967562 49 78 482 283 ,n03967562
ILSVRC2012_val_00047330,n03967562 75 48 456 269 ,n03967562
ILSVRC2012_val_00031958,n03970156 151 5 381 323 ,n03970156
ILSVRC2012_val_00044213,n03970156 187 58 255 254 ,n03970156
ILSVRC2012_val_00006905,n03970156 131 78 250 476 ,n03970156
ILSVRC2012_val_00031958,n03970156 151 5 381 323 ,n03970156
ILSVRC2012_val_00035780,n03970156 228 119 380 217 n03970156 32 93 196 277 n03970156 92 309 161 374 ,n03970156
ILSVRC2012_val_00037321,n03976467 52 11 306 316 ,n03976467
ILSVRC2012_val_00031284,n03976467 8 14 631 457 ,n03976467
ILSVRC2012_val_00032480,n03976467 538 118 967 687 ,n03976467
ILSVRC2012_val_00000765,n03976467 4 16 627 923 ,n03976467
ILSVRC2012_val_00033699,n03976467 0 3 541 389 ,n03976467
ILSVRC2012_val_00025270,n03976657 170 201 208 498 ,n03976657
ILSVRC2012_val_00012001,n03976657 34 36 84 416 ,n03976657
ILSVRC2012_val_00025930,n03976657 1 202 313 373 ,n03976657
ILSVRC2012_val_00039631,n03976657 196 140 249 386 n03976657 196 142 251 386 n03976657 153 177 217 236 ,n03976657
ILSVRC2012_val_00030439,n03976657 274 66 341 327 n03976657 193 232 222 328 n03976657 163 276 188 329 n03976657 302 190 319 336 ,n03976657
ILSVRC2012_val_00007844,n03977966 195 135 467 278 n03977966 49 145 197 247 ,n03977966
ILSVRC2012_val_00010166,n03977966 109 77 387 337 ,n03977966
ILSVRC2012_val_00043114,n03977966 163 160 296 246 n03977966 299 166 422 246 n03977966 164 160 298 246 n03977966 62 158 202 241 ,n03977966
ILSVRC2012_val_00001143,n03977966 35 38 463 346 n03977966 282 47 499 231 n03977966 283 45 497 234 ,n03977966
ILSVRC2012_val_00016091,n03977966 41 71 462 402 ,n03977966
ILSVRC2012_val_00028293,n03980874 7 49 405 451 ,n03980874
ILSVRC2012_val_00015208,n03980874 58 127 321 490 ,n03980874
ILSVRC2012_val_00015841,n03980874 0 40 328 498 ,n03980874
ILSVRC2012_val_00005176,n03980874 1 17 499 375 ,n03980874
ILSVRC2012_val_00029677,n03980874 21 59 467 360 ,n03980874
ILSVRC2012_val_00022228,n03982430 0 240 498 407 ,n03982430
ILSVRC2012_val_00015435,n03982430 109 180 387 374 ,n03982430
ILSVRC2012_val_00025950,n03982430 7 99 494 281 ,n03982430
ILSVRC2012_val_00039791,n03982430 1 64 499 374 ,n03982430
ILSVRC2012_val_00005857,n03982430 0 99 499 374 ,n03982430
ILSVRC2012_val_00008584,n03983396 95 28 199 385 ,n03983396
ILSVRC2012_val_00032636,n03983396 105 0 235 465 ,n03983396
ILSVRC2012_val_00027359,n03983396 128 63 240 498 n03983396 28 52 141 496 n03983396 315 78 398 498 n03983396 1 98 53 478 n03983396 226 200 343 497 n03983396 222 131 262 297 n03983396 371 92 398 243 ,n03983396
ILSVRC2012_val_00024985,n03983396 195 0 369 373 ,n03983396
ILSVRC2012_val_00004059,n03983396 258 70 499 374 n03983396 38 240 254 374 ,n03983396
ILSVRC2012_val_00024882,n03991062 0 76 373 488 ,n03991062
ILSVRC2012_val_00006804,n03991062 41 112 238 336 ,n03991062
ILSVRC2012_val_00030019,n03991062 17 83 382 374 n03991062 17 1 233 128 n03991062 407 0 499 257 n03991062 0 75 58 309 ,n03991062
ILSVRC2012_val_00001919,n03991062 221 336 320 448 n03991062 293 117 373 222 n03991062 71 261 198 425 n03991062 0 333 67 446 n03991062 2 422 102 498 ,n03991062
ILSVRC2012_val_00002437,n03991062 59 98 431 374 ,n03991062
ILSVRC2012_val_00040510,n03992509 170 193 405 363 ,n03992509
ILSVRC2012_val_00044041,n03992509 7 112 453 374 ,n03992509
ILSVRC2012_val_00039606,n03992509 28 241 308 452 ,n03992509
ILSVRC2012_val_00039606,n03992509 28 241 308 452 ,n03992509
ILSVRC2012_val_00025632,n03992509 182 223 331 344 ,n03992509
ILSVRC2012_val_00013816,n03995372 27 127 485 248 ,n03995372
ILSVRC2012_val_00004395,n03995372 71 203 332 325 n03995372 115 44 421 273 ,n03995372
ILSVRC2012_val_00001730,n03995372 82 0 489 332 ,n03995372
ILSVRC2012_val_00018033,n03995372 4 0 499 293 ,n03995372
ILSVRC2012_val_00017255,n03995372 86 36 340 312 ,n03995372
ILSVRC2012_val_00036468,n03998194 0 5 162 361 n03998194 318 46 400 248 n03998194 460 57 495 172 n03998194 171 26 288 284 n03998194 408 56 453 191 ,n03998194
ILSVRC2012_val_00016346,n03998194 2 232 499 337 ,n03998194
ILSVRC2012_val_00023103,n03998194 2 12 325 493 ,n03998194
ILSVRC2012_val_00009724,n03998194 0 2 499 374 ,n03998194
ILSVRC2012_val_00001567,n03998194 2 21 365 485 ,n03998194
ILSVRC2012_val_00047815,n04004767 0 0 519 467 ,n04004767
ILSVRC2012_val_00018781,n04004767 0 87 485 374 ,n04004767
ILSVRC2012_val_00017125,n04004767 62 238 315 405 ,n04004767
ILSVRC2012_val_00037620,n04004767 125 48 428 344 ,n04004767
ILSVRC2012_val_00017060,n04004767 35 43 352 493 n04004767 306 71 373 327 ,n04004767
ILSVRC2012_val_00033648,n04005630 1 2 499 333 ,n04005630
ILSVRC2012_val_00015614,n04005630 96 62 191 248 ,n04005630
ILSVRC2012_val_00018325,n04005630 0 0 499 374 ,n04005630
ILSVRC2012_val_00006546,n04005630 0 0 498 498 n04005630 405 206 452 405 n04005630 51 210 95 421 n04005630 358 227 368 350 n04005630 406 202 452 406 n04005630 125 225 143 356 ,n04005630
ILSVRC2012_val_00010708,n04005630 415 85 439 299 n04005630 42 85 77 291 n04005630 415 84 441 298 n04005630 458 67 478 333 n04005630 101 83 133 266 n04005630 383 88 401 264 n04005630 139 103 165 221 n04005630 0 73 29 319 n04005630 363 91 382 248 n04005630 344 97 359 217 ,n04005630
ILSVRC2012_val_00002970,n04008634 142 115 263 498 n04008634 327 170 373 331 n04008634 228 157 342 498 n04008634 0 2 191 498 ,n04008634
ILSVRC2012_val_00002970,n04008634 142 115 263 498 n04008634 327 170 373 331 n04008634 228 157 342 498 n04008634 0 2 191 498 ,n04008634
ILSVRC2012_val_00030783,n04008634 240 1 373 498 n04008634 1 26 217 498 n04008634 190 343 253 498 n04008634 0 138 81 350 ,n04008634
ILSVRC2012_val_00044159,n04008634 88 91 302 383 ,n04008634
ILSVRC2012_val_00002970,n04008634 142 115 263 498 n04008634 327 170 373 331 n04008634 228 157 342 498 n04008634 0 2 191 498 ,n04008634
ILSVRC2012_val_00023510,n04009552 37 28 526 304 ,n04009552
ILSVRC2012_val_00031621,n04009552 53 51 469 240 ,n04009552
ILSVRC2012_val_00018298,n04009552 36 89 465 356 ,n04009552
ILSVRC2012_val_00031621,n04009552 53 51 469 240 ,n04009552
ILSVRC2012_val_00041414,n04009552 50 118 427 289 ,n04009552
ILSVRC2012_val_00023684,n04019541 326 208 334 215 ,n04019541
ILSVRC2012_val_00007030,n04019541 9 12 493 489 ,n04019541
ILSVRC2012_val_00002750,n04019541 76 282 95 298 ,n04019541
ILSVRC2012_val_00031317,n04019541 13 91 363 427 ,n04019541
ILSVRC2012_val_00040433,n04019541 187 362 214 374 ,n04019541
ILSVRC2012_val_00011395,n04023962 0 15 55 200 n04023962 195 1 266 236 n04023962 306 1 378 483 ,n04023962
ILSVRC2012_val_00027896,n04023962 213 190 411 467 ,n04023962
ILSVRC2012_val_00008547,n04023962 326 0 499 377 n04023962 1 46 70 157 n04023962 231 1 315 223 ,n04023962
ILSVRC2012_val_00027896,n04023962 213 190 411 467 ,n04023962
ILSVRC2012_val_00032748,n04023962 313 0 499 141 n04023962 406 149 481 290 n04023962 337 188 390 268 ,n04023962
ILSVRC2012_val_00002590,n04026417 324 1 497 148 n04026417 18 15 468 400 ,n04026417
ILSVRC2012_val_00001343,n04026417 0 0 498 487 ,n04026417
ILSVRC2012_val_00039205,n04026417 73 236 357 496 n04026417 17 13 347 253 ,n04026417
ILSVRC2012_val_00013451,n04026417 44 45 434 323 ,n04026417
ILSVRC2012_val_00028361,n04026417 60 47 447 335 ,n04026417
ILSVRC2012_val_00039401,n04033901 243 9 448 245 n04033901 11 114 272 242 ,n04033901
ILSVRC2012_val_00017737,n04033901 0 142 271 335 n04033901 157 1 254 77 ,n04033901
ILSVRC2012_val_00038824,n04033901 11 157 175 335 n04033901 199 195 307 326 n04033901 160 85 202 347 ,n04033901
ILSVRC2012_val_00033477,n04033901 181 274 295 385 n04033901 67 216 175 356 ,n04033901
ILSVRC2012_val_00002345,n04033901 16 37 343 473 ,n04033901
ILSVRC2012_val_00041271,n04033995 0 92 496 331 ,n04033995
ILSVRC2012_val_00020509,n04033995 0 169 493 292 ,n04033995
ILSVRC2012_val_00009944,n04033995 38 222 424 373 ,n04033995
ILSVRC2012_val_00007136,n04033995 179 165 499 374 ,n04033995
ILSVRC2012_val_00004482,n04033995 15 149 360 333 ,n04033995
ILSVRC2012_val_00032618,n04037443 45 173 317 415 ,n04037443
ILSVRC2012_val_00000135,n04037443 139 170 338 262 ,n04037443
ILSVRC2012_val_00032618,n04037443 45 173 317 415 ,n04037443
ILSVRC2012_val_00005076,n04037443 174 35 458 291 ,n04037443
ILSVRC2012_val_00015688,n04037443 55 89 428 229 ,n04037443
ILSVRC2012_val_00037671,n04039381 26 91 488 279 ,n04039381
ILSVRC2012_val_00005649,n04039381 385 88 423 218 ,n04039381
ILSVRC2012_val_00048110,n04039381 320 65 369 98 ,n04039381
ILSVRC2012_val_00011459,n04039381 270 225 336 281 n04039381 167 132 190 157 ,n04039381
ILSVRC2012_val_00044918,n04039381 1 54 436 361 ,n04039381
ILSVRC2012_val_00006420,n04040759 138 268 324 373 ,n04040759
ILSVRC2012_val_00009434,n04040759 8 8 497 498 ,n04040759
ILSVRC2012_val_00036403,n04040759 108 39 403 373 ,n04040759
ILSVRC2012_val_00036403,n04040759 108 39 403 373 ,n04040759
ILSVRC2012_val_00016784,n04040759 22 38 476 356 ,n04040759
ILSVRC2012_val_00034715,n04041544 41 35 410 331 ,n04041544
ILSVRC2012_val_00026909,n04041544 32 40 476 301 ,n04041544
ILSVRC2012_val_00010532,n04041544 8 38 499 289 ,n04041544
ILSVRC2012_val_00008695,n04041544 0 0 499 374 ,n04041544
ILSVRC2012_val_00039139,n04041544 92 46 362 438 ,n04041544
ILSVRC2012_val_00002046,n04044716 181 145 290 249 ,n04044716
ILSVRC2012_val_00010083,n04044716 241 123 420 268 ,n04044716
ILSVRC2012_val_00003989,n04044716 207 60 479 407 ,n04044716
ILSVRC2012_val_00039296,n04044716 392 56 467 160 n04044716 237 59 318 162 n04044716 107 56 191 161 n04044716 194 71 233 157 n04044716 45 109 83 154 n04044716 12 116 34 147 n04044716 222 68 260 155 n04044716 80 98 120 152 ,n04044716
ILSVRC2012_val_00046650,n04044716 125 186 258 300 ,n04044716
ILSVRC2012_val_00017009,n04049303 27 132 192 396 ,n04049303
ILSVRC2012_val_00042854,n04049303 11 160 373 498 ,n04049303
ILSVRC2012_val_00042573,n04049303 18 196 127 298 n04049303 152 201 311 397 ,n04049303
ILSVRC2012_val_00046223,n04049303 198 96 285 236 n04049303 287 95 324 217 n04049303 325 94 350 172 n04049303 350 92 379 154 ,n04049303
ILSVRC2012_val_00022159,n04049303 315 0 498 373 n04049303 0 1 199 372 ,n04049303
ILSVRC2012_val_00028062,n04065272 39 69 439 319 ,n04065272
ILSVRC2012_val_00033309,n04065272 50 8 469 369 n04065272 0 160 20 216 n04065272 461 96 498 294 n04065272 43 168 73 209 ,n04065272
ILSVRC2012_val_00014784,n04065272 8 23 493 341 ,n04065272
ILSVRC2012_val_00013586,n04065272 26 53 464 268 ,n04065272
ILSVRC2012_val_00048998,n04065272 55 12 432 313 ,n04065272
ILSVRC2012_val_00047971,n04067472 39 0 388 334 ,n04067472
ILSVRC2012_val_00004853,n04067472 15 0 279 357 ,n04067472
ILSVRC2012_val_00043864,n04067472 311 273 373 487 n04067472 226 296 246 315 ,n04067472
ILSVRC2012_val_00032026,n04067472 117 355 215 458 ,n04067472
ILSVRC2012_val_00043691,n04067472 91 54 485 404 ,n04067472
ILSVRC2012_val_00014692,n04069434 21 20 481 331 ,n04069434
ILSVRC2012_val_00031442,n04069434 112 21 441 299 ,n04069434
ILSVRC2012_val_00032853,n04069434 0 8 498 437 ,n04069434
ILSVRC2012_val_00031442,n04069434 112 21 441 299 ,n04069434
ILSVRC2012_val_00025977,n04069434 128 11 363 268 ,n04069434
ILSVRC2012_val_00005541,n04070727 0 0 379 498 ,n04070727
ILSVRC2012_val_00043002,n04070727 177 25 352 338 ,n04070727
ILSVRC2012_val_00008031,n04070727 32 1 325 482 ,n04070727
ILSVRC2012_val_00009745,n04070727 6 1 336 497 ,n04070727
ILSVRC2012_val_00029720,n04070727 72 110 366 498 ,n04070727
ILSVRC2012_val_00047897,n04074963 142 111 291 291 n04074963 354 124 470 328 n04074963 262 87 375 288 n04074963 15 125 192 316 n04074963 0 133 96 288 ,n04074963
ILSVRC2012_val_00038571,n04074963 392 43 493 366 n04074963 110 67 203 370 n04074963 110 68 204 366 n04074963 0 9 150 303 n04074963 172 2 333 255 n04074963 204 245 311 357 n04074963 18 92 110 368 ,n04074963
ILSVRC2012_val_00028701,n04074963 238 178 358 374 n04074963 156 32 351 182 n04074963 308 118 460 271 ,n04074963
ILSVRC2012_val_00024947,n04074963 103 117 321 497 ,n04074963
ILSVRC2012_val_00017148,n04074963 152 170 410 446 ,n04074963
ILSVRC2012_val_00036785,n04081281 1 0 498 432 ,n04081281
ILSVRC2012_val_00046156,n04081281 247 0 499 374 ,n04081281
ILSVRC2012_val_00019466,n04081281 0 0 499 332 ,n04081281
ILSVRC2012_val_00022403,n04081281 0 1 798 598 ,n04081281
ILSVRC2012_val_00046156,n04081281 247 0 499 374 ,n04081281
ILSVRC2012_val_00000158,n04086273 32 40 892 503 ,n04086273
ILSVRC2012_val_00001789,n04086273 146 96 349 184 ,n04086273
ILSVRC2012_val_00047706,n04086273 33 66 619 432 ,n04086273
ILSVRC2012_val_00017797,n04086273 0 19 479 269 ,n04086273
ILSVRC2012_val_00036437,n04086273 4 74 729 343 ,n04086273
ILSVRC2012_val_00001291,n04090263 0 0 499 246 n04090263 374 104 464 191 ,n04090263
ILSVRC2012_val_00013055,n04090263 30 52 499 150 ,n04090263
ILSVRC2012_val_00025798,n04090263 1 58 499 213 ,n04090263
ILSVRC2012_val_00025798,n04090263 1 58 499 213 ,n04090263
ILSVRC2012_val_00018441,n04090263 132 122 486 199 ,n04090263
ILSVRC2012_val_00006061,n04099969 155 87 370 284 ,n04099969
ILSVRC2012_val_00014269,n04099969 13 55 343 395 ,n04099969
ILSVRC2012_val_00048336,n04099969 170 87 396 480 ,n04099969
ILSVRC2012_val_00024620,n04099969 12 5 320 458 ,n04099969
ILSVRC2012_val_00047789,n04099969 83 131 357 440 ,n04099969
ILSVRC2012_val_00014839,n04111531 0 0 498 332 ,n04111531
ILSVRC2012_val_00028507,n04111531 11 161 306 468 ,n04111531
ILSVRC2012_val_00010756,n04111531 1 1 499 332 ,n04111531
ILSVRC2012_val_00010717,n04111531 0 0 498 297 ,n04111531
ILSVRC2012_val_00038382,n04111531 0 84 499 218 ,n04111531
ILSVRC2012_val_00049481,n04116512 215 227 247 258 n04116512 276 155 305 187 n04116512 256 57 282 91 n04116512 320 235 355 266 n04116512 163 125 196 158 n04116512 432 270 467 301 n04116512 377 231 410 262 n04116512 346 152 378 181 ,n04116512
ILSVRC2012_val_00006736,n04116512 176 90 249 147 n04116512 179 85 195 105 ,n04116512
ILSVRC2012_val_00019486,n04116512 137 162 206 236 n04116512 86 91 154 160 n04116512 30 149 88 198 n04116512 255 78 320 137 n04116512 211 136 275 205 n04116512 325 96 382 147 n04116512 156 97 219 163 n04116512 274 129 340 196 n04116512 26 201 83 275 n04116512 132 43 192 91 n04116512 22 66 57 141 n04116512 199 55 253 116 n04116512 310 45 372 97 n04116512 62 50 120 111 n04116512 246 45 299 83 n04116512 348 27 384 68 ,n04116512
ILSVRC2012_val_00023298,n04116512 91 328 345 430 n04116512 138 42 351 131 n04116512 274 140 353 226 ,n04116512
ILSVRC2012_val_00032442,n04116512 89 108 246 288 n04116512 275 99 438 280 ,n04116512
ILSVRC2012_val_00004829,n04118538 262 136 310 196 ,n04118538
ILSVRC2012_val_00018753,n04118538 387 128 447 177 ,n04118538
ILSVRC2012_val_00010987,n04118538 125 253 202 299 ,n04118538
ILSVRC2012_val_00039844,n04118538 356 156 401 203 ,n04118538
ILSVRC2012_val_00018753,n04118538 387 128 447 177 ,n04118538
ILSVRC2012_val_00035583,n04118776 115 29 208 313 ,n04118776
ILSVRC2012_val_00017168,n04118776 3 4 498 332 ,n04118776
ILSVRC2012_val_00022556,n04118776 0 183 343 490 ,n04118776
ILSVRC2012_val_00004023,n04118776 0 117 499 343 ,n04118776
ILSVRC2012_val_00046636,n04118776 15 35 333 498 ,n04118776
ILSVRC2012_val_00046627,n04120489 4 5 491 352 n04120489 77 1 491 151 ,n04120489
ILSVRC2012_val_00019670,n04120489 99 26 452 182 n04120489 65 157 427 367 ,n04120489
ILSVRC2012_val_00026200,n04120489 281 16 413 235 n04120489 170 17 321 222 n04120489 42 12 199 227 ,n04120489
ILSVRC2012_val_00032402,n04120489 96 0 499 256 n04120489 0 0 499 374 n04120489 6 50 498 370 ,n04120489
ILSVRC2012_val_00028442,n04120489 0 5 208 497 n04120489 206 0 373 497 ,n04120489
ILSVRC2012_val_00037158,n04125021 90 50 532 672 ,n04125021
ILSVRC2012_val_00010948,n04125021 15 19 454 552 n04125021 450 69 815 492 n04125021 453 69 658 488 n04125021 707 96 766 463 n04125021 763 110 813 428 ,n04125021
ILSVRC2012_val_00029765,n04125021 340 94 770 743 ,n04125021
ILSVRC2012_val_00029765,n04125021 340 94 770 743 ,n04125021
ILSVRC2012_val_00036347,n04125021 4 9 423 531 n04125021 2 10 423 531 ,n04125021
ILSVRC2012_val_00045931,n04127249 231 62 393 267 ,n04127249
ILSVRC2012_val_00012896,n04127249 186 201 224 334 n04127249 219 195 286 344 n04127249 254 205 301 343 n04127249 205 213 312 307 n04127249 194 167 222 310 n04127249 213 166 243 209 ,n04127249
ILSVRC2012_val_00002975,n04127249 42 195 475 353 ,n04127249
ILSVRC2012_val_00034276,n04127249 61 147 236 299 n04127249 74 33 265 196 n04127249 258 154 443 308 n04127249 270 49 443 185 ,n04127249
ILSVRC2012_val_00023847,n04127249 77 37 417 345 ,n04127249
ILSVRC2012_val_00022574,n04131690 192 36 385 351 n04131690 33 251 148 350 ,n04131690
ILSVRC2012_val_00016485,n04131690 151 41 278 497 n04131690 8 6 142 496 ,n04131690
ILSVRC2012_val_00002342,n04131690 42 15 351 430 ,n04131690
ILSVRC2012_val_00041149,n04131690 63 50 247 406 ,n04131690
ILSVRC2012_val_00010390,n04131690 58 0 304 208 ,n04131690
ILSVRC2012_val_00023232,n04133789 255 59 400 356 n04133789 111 47 253 335 ,n04133789
ILSVRC2012_val_00014084,n04133789 106 197 420 314 n04133789 96 114 392 223 ,n04133789
ILSVRC2012_val_00049173,n04133789 38 6 397 301 ,n04133789
ILSVRC2012_val_00035755,n04133789 86 344 873 986 n04133789 124 52 599 692 ,n04133789
ILSVRC2012_val_00035755,n04133789 86 344 873 986 n04133789 124 52 599 692 ,n04133789
ILSVRC2012_val_00038278,n04136333 191 208 296 392 ,n04136333
ILSVRC2012_val_00042756,n04136333 81 143 190 462 n04136333 190 91 311 433 ,n04136333
ILSVRC2012_val_00024713,n04136333 133 206 276 373 ,n04136333
ILSVRC2012_val_00032121,n04136333 22 271 141 498 n04136333 150 210 285 498 n04136333 298 136 362 357 n04136333 31 0 145 135 ,n04136333
ILSVRC2012_val_00010408,n04136333 127 240 240 467 ,n04136333
ILSVRC2012_val_00024941,n04141076 170 194 300 498 ,n04141076
ILSVRC2012_val_00045041,n04141076 112 264 303 493 ,n04141076
ILSVRC2012_val_00004761,n04141076 142 150 217 496 ,n04141076
ILSVRC2012_val_00024972,n04141076 181 175 324 498 ,n04141076
ILSVRC2012_val_00046634,n04141076 11 11 448 488 ,n04141076
ILSVRC2012_val_00023482,n04141327 22 110 562 313 n04141327 96 0 577 465 ,n04141327
ILSVRC2012_val_00043071,n04141327 38 36 437 107 n04141327 4 233 472 310 n04141327 21 158 464 240 n04141327 74 103 443 161 ,n04141327
ILSVRC2012_val_00015202,n04141327 16 98 723 453 ,n04141327
ILSVRC2012_val_00045772,n04141327 74 144 430 415 n04141327 7 15 418 112 n04141327 0 170 82 274 ,n04141327
ILSVRC2012_val_00020548,n04141327 15 162 614 253 n04141327 105 26 511 117 ,n04141327
ILSVRC2012_val_00035230,n04141975 35 69 462 374 ,n04141975
ILSVRC2012_val_00035230,n04141975 35 69 462 374 ,n04141975
ILSVRC2012_val_00001815,n04141975 162 253 327 493 ,n04141975
ILSVRC2012_val_00044631,n04141975 28 1 475 353 ,n04141975
ILSVRC2012_val_00044631,n04141975 28 1 475 353 ,n04141975
ILSVRC2012_val_00001771,n04146614 40 73 481 290 n04146614 375 125 499 228 ,n04146614
ILSVRC2012_val_00002346,n04146614 0 0 499 374 ,n04146614
ILSVRC2012_val_00045030,n04146614 160 190 275 324 ,n04146614
ILSVRC2012_val_00011337,n04146614 172 12 499 196 ,n04146614
ILSVRC2012_val_00003709,n04146614 72 125 389 238 ,n04146614
ILSVRC2012_val_00012794,n04147183 46 54 309 460 ,n04147183
ILSVRC2012_val_00048988,n04147183 49 5 241 144 ,n04147183
ILSVRC2012_val_00016151,n04147183 82 45 393 243 n04147183 387 202 421 233 n04147183 35 200 96 241 ,n04147183
ILSVRC2012_val_00037184,n04147183 28 0 312 178 ,n04147183
ILSVRC2012_val_00012794,n04147183 46 54 309 460 ,n04147183
ILSVRC2012_val_00003106,n04149813 453 141 486 196 n04149813 104 57 363 196 ,n04149813
ILSVRC2012_val_00017213,n04149813 104 99 421 210 ,n04149813
ILSVRC2012_val_00017213,n04149813 104 99 421 210 ,n04149813
ILSVRC2012_val_00030627,n04149813 165 141 313 229 ,n04149813
ILSVRC2012_val_00023216,n04149813 81 68 266 253 ,n04149813
ILSVRC2012_val_00031567,n04152593 80 7 417 313 ,n04152593
ILSVRC2012_val_00031567,n04152593 80 7 417 313 ,n04152593
ILSVRC2012_val_00031567,n04152593 80 7 417 313 ,n04152593
ILSVRC2012_val_00031567,n04152593 80 7 417 313 ,n04152593
ILSVRC2012_val_00031567,n04152593 80 7 417 313 ,n04152593
ILSVRC2012_val_00002088,n04153751 76 290 290 499 n04153751 384 249 574 408 n04153751 284 280 441 487 ,n04153751
ILSVRC2012_val_00028320,n04153751 551 492 863 893 n04153751 437 31 557 389 n04153751 594 199 968 441 n04153751 142 494 473 866 n04153751 22 215 421 436 ,n04153751
ILSVRC2012_val_00048938,n04153751 181 174 346 295 n04153751 456 105 574 268 n04153751 559 118 729 205 n04153751 24 177 172 343 n04153751 112 355 307 447 n04153751 376 210 519 352 n04153751 264 322 429 451 n04153751 341 246 437 418 n04153751 478 255 625 402 n04153751 204 210 343 367 ,n04153751
ILSVRC2012_val_00030611,n04153751 200 49 290 266 n04153751 318 26 391 261 n04153751 86 17 171 263 n04153751 286 237 464 421 n04153751 186 254 305 431 n04153751 25 234 210 423 ,n04153751
ILSVRC2012_val_00030611,n04153751 200 49 290 266 n04153751 318 26 391 261 n04153751 86 17 171 263 n04153751 286 237 464 421 n04153751 186 254 305 431 n04153751 25 234 210 423 ,n04153751
ILSVRC2012_val_00025110,n04154565 38 1 498 358 ,n04154565
ILSVRC2012_val_00006611,n04154565 55 207 137 401 n04154565 215 230 272 457 ,n04154565
ILSVRC2012_val_00015633,n04154565 21 143 414 187 ,n04154565
ILSVRC2012_val_00012174,n04154565 251 222 466 293 n04154565 80 143 404 183 n04154565 127 96 219 127 n04154565 232 186 316 237 ,n04154565
ILSVRC2012_val_00041012,n04154565 112 101 180 391 ,n04154565
ILSVRC2012_val_00008838,n04162706 221 326 288 498 ,n04162706
ILSVRC2012_val_00007846,n04162706 93 415 177 498 ,n04162706
ILSVRC2012_val_00002463,n04162706 247 37 329 374 n04162706 0 142 87 224 ,n04162706
ILSVRC2012_val_00031753,n04162706 119 238 227 374 n04162706 366 156 409 373 ,n04162706
ILSVRC2012_val_00029582,n04162706 105 200 373 412 n04162706 57 168 113 257 ,n04162706
ILSVRC2012_val_00036413,n04179913 2 5 386 397 ,n04179913
ILSVRC2012_val_00021298,n04179913 19 68 478 317 ,n04179913
ILSVRC2012_val_00023109,n04179913 137 6 443 281 ,n04179913
ILSVRC2012_val_00005041,n04179913 9 22 499 362 ,n04179913
ILSVRC2012_val_00031341,n04179913 93 14 417 281 ,n04179913
ILSVRC2012_val_00036370,n04192698 6 3 777 677 ,n04192698
ILSVRC2012_val_00018838,n04192698 9 11 325 320 ,n04192698
ILSVRC2012_val_00035470,n04192698 45 3 429 475 ,n04192698
ILSVRC2012_val_00038568,n04192698 83 14 439 372 ,n04192698
ILSVRC2012_val_00018838,n04192698 9 11 325 320 ,n04192698
ILSVRC2012_val_00019628,n04200800 285 162 330 212 n04200800 1 0 373 498 n04200800 273 228 330 295 n04200800 36 242 52 270 n04200800 283 78 341 158 n04200800 146 405 217 486 n04200800 28 272 55 311 n04200800 83 268 105 310 n04200800 202 283 252 316 n04200800 106 123 126 163 n04200800 72 236 91 271 n04200800 130 285 158 315 n04200800 310 311 343 368 ,n04200800
ILSVRC2012_val_00035624,n04200800 1 4 499 374 ,n04200800
ILSVRC2012_val_00019741,n04200800 45 51 300 373 ,n04200800
ILSVRC2012_val_00005271,n04200800 279 47 330 126 n04200800 159 43 210 122 n04200800 243 43 289 116 n04200800 10 38 404 498 ,n04200800
ILSVRC2012_val_00043066,n04200800 195 81 209 118 n04200800 2 1 499 374 n04200800 29 66 43 104 n04200800 144 114 158 163 n04200800 339 1 498 360 n04200800 4 74 213 373 n04200800 82 154 108 211 n04200800 38 156 58 207 n04200800 178 264 193 312 ,n04200800
ILSVRC2012_val_00017588,n04201297 293 5 383 235 n04201297 32 9 119 206 ,n04201297
ILSVRC2012_val_00006752,n04201297 1 66 116 435 n04201297 207 0 373 498 ,n04201297
ILSVRC2012_val_00006913,n04201297 27 106 310 368 ,n04201297
ILSVRC2012_val_00046663,n04201297 147 83 370 496 ,n04201297
ILSVRC2012_val_00043124,n04201297 425 114 494 196 n04201297 218 80 271 231 n04201297 433 120 484 185 n04201297 223 96 267 214 n04201297 75 32 106 175 ,n04201297
ILSVRC2012_val_00023494,n04204238 52 16 444 305 ,n04204238
ILSVRC2012_val_00006622,n04204238 30 96 468 458 ,n04204238
ILSVRC2012_val_00001633,n04204238 3 30 213 181 ,n04204238
ILSVRC2012_val_00006622,n04204238 30 96 468 458 ,n04204238
ILSVRC2012_val_00049804,n04204238 7 11 288 267 ,n04204238
ILSVRC2012_val_00010406,n04204347 42 224 223 458 ,n04204347
ILSVRC2012_val_00049135,n04204347 125 46 498 498 n04204347 263 295 498 498 n04204347 97 18 486 267 ,n04204347
ILSVRC2012_val_00021628,n04204347 309 182 419 301 ,n04204347
ILSVRC2012_val_00039352,n04204347 61 35 367 326 ,n04204347
ILSVRC2012_val_00032795,n04204347 82 163 421 493 ,n04204347
ILSVRC2012_val_00015780,n04208210 256 150 488 374 ,n04208210
ILSVRC2012_val_00030129,n04208210 50 2 245 378 ,n04208210
ILSVRC2012_val_00035208,n04208210 263 32 397 431 ,n04208210
ILSVRC2012_val_00020523,n04208210 1 0 187 269 n04208210 296 0 387 200 ,n04208210
ILSVRC2012_val_00002065,n04208210 157 259 387 342 ,n04208210
ILSVRC2012_val_00027144,n04209133 303 130 419 245 ,n04209133
ILSVRC2012_val_00017954,n04209133 56 0 270 140 ,n04209133
ILSVRC2012_val_00028804,n04209133 170 20 452 280 ,n04209133
ILSVRC2012_val_00046449,n04209133 106 61 336 253 ,n04209133
ILSVRC2012_val_00046449,n04209133 106 61 336 253 ,n04209133
ILSVRC2012_val_00013948,n04209239 4 8 498 471 ,n04209239
ILSVRC2012_val_00000527,n04209239 30 0 373 498 ,n04209239
ILSVRC2012_val_00024446,n04209239 0 0 499 374 ,n04209239
ILSVRC2012_val_00044909,n04209239 113 3 478 363 ,n04209239
ILSVRC2012_val_00026850,n04209239 78 32 373 498 ,n04209239
ILSVRC2012_val_00015149,n04228054 150 142 343 374 ,n04228054
ILSVRC2012_val_00018567,n04228054 248 246 333 291 n04228054 248 244 333 290 n04228054 149 238 245 288 n04228054 163 244 257 294 ,n04228054
ILSVRC2012_val_00023770,n04228054 153 45 482 373 ,n04228054
ILSVRC2012_val_00001447,n04228054 248 282 397 370 n04228054 210 132 280 225 ,n04228054
ILSVRC2012_val_00038121,n04228054 107 111 308 372 n04228054 170 195 245 217 ,n04228054
ILSVRC2012_val_00030764,n04229816 207 96 386 290 ,n04229816
ILSVRC2012_val_00031985,n04229816 104 64 199 207 n04229816 324 75 408 216 n04229816 198 53 288 208 ,n04229816
ILSVRC2012_val_00039994,n04229816 91 101 299 352 ,n04229816
ILSVRC2012_val_00023612,n04229816 101 1 243 192 n04229816 142 237 248 392 ,n04229816
ILSVRC2012_val_00024516,n04229816 97 50 326 422 ,n04229816
ILSVRC2012_val_00049108,n04235860 0 12 318 332 ,n04235860
ILSVRC2012_val_00047505,n04235860 0 37 373 498 ,n04235860
ILSVRC2012_val_00047505,n04235860 0 37 373 498 ,n04235860
ILSVRC2012_val_00012824,n04235860 62 28 582 458 ,n04235860
ILSVRC2012_val_00045067,n04235860 0 8 499 325 ,n04235860
ILSVRC2012_val_00047037,n04238763 45 248 422 316 n04238763 60 122 387 188 ,n04238763
ILSVRC2012_val_00014778,n04238763 43 2 414 361 ,n04238763
ILSVRC2012_val_00045657,n04238763 0 0 499 279 ,n04238763
ILSVRC2012_val_00040633,n04238763 1 132 499 260 ,n04238763
ILSVRC2012_val_00030219,n04238763 196 139 499 374 ,n04238763
ILSVRC2012_val_00017133,n04239074 34 31 174 362 ,n04239074
ILSVRC2012_val_00017394,n04239074 33 1 499 224 ,n04239074
ILSVRC2012_val_00005292,n04239074 209 8 312 374 n04239074 147 63 183 265 n04239074 7 59 33 236 n04239074 119 75 133 195 ,n04239074
ILSVRC2012_val_00005292,n04239074 209 8 312 374 n04239074 147 63 183 265 n04239074 7 59 33 236 n04239074 119 75 133 195 ,n04239074
ILSVRC2012_val_00002333,n04239074 225 138 296 353 n04239074 296 141 351 338 n04239074 140 123 356 374 n04239074 2 120 37 343 ,n04239074
ILSVRC2012_val_00005514,n04243546 1 13 270 495 ,n04243546
ILSVRC2012_val_00022468,n04243546 57 41 328 465 ,n04243546
ILSVRC2012_val_00007067,n04243546 0 0 314 373 n04243546 306 53 499 375 ,n04243546
ILSVRC2012_val_00027538,n04243546 182 77 332 356 n04243546 384 75 498 372 ,n04243546
ILSVRC2012_val_00029925,n04243546 70 184 186 366 n04243546 215 172 281 294 n04243546 324 164 352 241 n04243546 177 177 242 328 ,n04243546
ILSVRC2012_val_00008450,n04251144 144 76 295 257 ,n04251144
ILSVRC2012_val_00033212,n04251144 234 126 258 196 ,n04251144
ILSVRC2012_val_00023981,n04251144 318 138 393 252 n04251144 221 82 293 202 n04251144 114 98 190 226 ,n04251144
ILSVRC2012_val_00005522,n04251144 207 140 250 207 ,n04251144
ILSVRC2012_val_00018922,n04251144 292 111 347 184 ,n04251144
ILSVRC2012_val_00003520,n04252077 423 100 499 196 n04252077 100 147 395 277 n04252077 0 62 71 148 n04252077 67 44 119 93 n04252077 140 42 281 90 ,n04252077
ILSVRC2012_val_00035236,n04252077 69 120 484 280 ,n04252077
ILSVRC2012_val_00026759,n04252077 101 24 364 291 n04252077 419 160 499 191 n04252077 0 90 154 220 ,n04252077
ILSVRC2012_val_00011313,n04252077 133 174 481 343 ,n04252077
ILSVRC2012_val_00041951,n04252077 425 188 486 253 n04252077 265 198 395 270 n04252077 90 190 181 249 n04252077 214 188 295 256 ,n04252077
ILSVRC2012_val_00002276,n04252225 73 224 329 335 ,n04252225
ILSVRC2012_val_00025745,n04252225 140 115 329 264 ,n04252225
ILSVRC2012_val_00014199,n04252225 123 235 333 381 ,n04252225
ILSVRC2012_val_00007068,n04252225 47 62 424 263 ,n04252225
ILSVRC2012_val_00044201,n04252225 188 171 334 255 n04252225 87 191 122 230 ,n04252225
ILSVRC2012_val_00040688,n04254120 106 98 226 431 ,n04254120
ILSVRC2012_val_00009704,n04254120 58 17 318 476 ,n04254120
ILSVRC2012_val_00048758,n04254120 36 51 265 498 ,n04254120
ILSVRC2012_val_00049836,n04254120 195 54 294 259 ,n04254120
ILSVRC2012_val_00026315,n04254120 76 0 390 483 ,n04254120
ILSVRC2012_val_00029787,n04254680 66 48 261 242 ,n04254680
ILSVRC2012_val_00013365,n04254680 221 133 326 234 ,n04254680
ILSVRC2012_val_00017782,n04254680 52 45 300 292 ,n04254680
ILSVRC2012_val_00033276,n04254680 0 1 226 227 ,n04254680
ILSVRC2012_val_00041778,n04254680 24 112 186 267 ,n04254680
ILSVRC2012_val_00010318,n04254777 165 20 420 442 n04254777 17 46 253 470 ,n04254777
ILSVRC2012_val_00048733,n04254777 129 119 286 352 n04254777 101 254 300 445 ,n04254777
ILSVRC2012_val_00028672,n04254777 0 35 309 462 n04254777 66 96 350 498 ,n04254777
ILSVRC2012_val_00021978,n04254777 239 0 498 420 n04254777 0 7 231 425 ,n04254777
ILSVRC2012_val_00023534,n04254777 2 0 261 428 n04254777 66 73 373 495 ,n04254777
ILSVRC2012_val_00038627,n04258138 194 103 608 477 n04258138 18 229 228 493 ,n04258138
ILSVRC2012_val_00038224,n04258138 186 145 284 267 n04258138 116 165 199 259 n04258138 1 164 499 374 ,n04258138
ILSVRC2012_val_00038855,n04258138 8 117 414 337 ,n04258138
ILSVRC2012_val_00003508,n04258138 304 129 1154 812 n04258138 0 576 192 953 ,n04258138
ILSVRC2012_val_00007822,n04258138 283 325 458 388 n04258138 77 307 246 353 n04258138 1 306 146 345 n04258138 171 314 347 364 n04258138 525 285 597 330 n04258138 1 289 24 308 ,n04258138
ILSVRC2012_val_00027685,n04259630 0 2 406 204 ,n04259630
ILSVRC2012_val_00020420,n04259630 0 23 489 217 ,n04259630
ILSVRC2012_val_00049528,n04259630 0 77 336 353 ,n04259630
ILSVRC2012_val_00013978,n04259630 51 138 373 348 ,n04259630
ILSVRC2012_val_00040957,n04259630 96 0 499 166 ,n04259630
ILSVRC2012_val_00045097,n04263257 59 31 465 387 ,n04263257
ILSVRC2012_val_00043587,n04263257 18 134 472 366 ,n04263257
ILSVRC2012_val_00013717,n04263257 30 58 462 473 ,n04263257
ILSVRC2012_val_00033622,n04263257 4 10 445 374 n04263257 381 55 486 150 ,n04263257
ILSVRC2012_val_00041822,n04263257 75 83 420 324 ,n04263257
ILSVRC2012_val_00039816,n04264628 883 692 1277 1024 ,n04264628
ILSVRC2012_val_00031182,n04264628 358 736 572 803 ,n04264628
ILSVRC2012_val_00037839,n04264628 349 635 743 681 ,n04264628
ILSVRC2012_val_00002133,n04264628 509 811 917 864 ,n04264628
ILSVRC2012_val_00037839,n04264628 349 635 743 681 ,n04264628
ILSVRC2012_val_00031966,n04265275 166 89 343 218 ,n04265275
ILSVRC2012_val_00009962,n04265275 82 57 291 385 ,n04265275
ILSVRC2012_val_00040031,n04265275 40 27 431 473 ,n04265275
ILSVRC2012_val_00040031,n04265275 40 27 431 473 ,n04265275
ILSVRC2012_val_00019452,n04265275 64 53 427 329 ,n04265275
ILSVRC2012_val_00000559,n04266014 65 65 242 468 ,n04266014
ILSVRC2012_val_00000559,n04266014 65 65 242 468 ,n04266014
ILSVRC2012_val_00042501,n04266014 156 98 345 207 ,n04266014
ILSVRC2012_val_00011708,n04266014 57 0 491 332 ,n04266014
ILSVRC2012_val_00020519,n04266014 27 29 452 394 ,n04266014
ILSVRC2012_val_00039016,n04270147 124 94 178 292 ,n04270147
ILSVRC2012_val_00031848,n04270147 153 57 1123 1068 ,n04270147
ILSVRC2012_val_00006592,n04270147 86 102 125 224 ,n04270147
ILSVRC2012_val_00039016,n04270147 124 94 178 292 ,n04270147
ILSVRC2012_val_00039016,n04270147 124 94 178 292 ,n04270147
ILSVRC2012_val_00026763,n04273569 263 263 824 444 ,n04273569
ILSVRC2012_val_00026741,n04273569 66 99 470 221 ,n04273569
ILSVRC2012_val_00043946,n04273569 74 112 394 160 ,n04273569
ILSVRC2012_val_00028541,n04273569 85 140 294 214 ,n04273569
ILSVRC2012_val_00010190,n04273569 0 70 475 446 ,n04273569
ILSVRC2012_val_00031773,n04275548 0 1 498 382 ,n04275548
ILSVRC2012_val_00009373,n04275548 16 1 462 498 ,n04275548
ILSVRC2012_val_00002128,n04275548 2 0 498 407 ,n04275548
ILSVRC2012_val_00020974,n04275548 28 0 498 374 ,n04275548
ILSVRC2012_val_00019618,n04275548 58 19 468 372 ,n04275548
ILSVRC2012_val_00000349,n04277352 105 75 410 410 ,n04277352
ILSVRC2012_val_00006163,n04277352 42 49 456 346 ,n04277352
ILSVRC2012_val_00009726,n04277352 169 100 398 398 ,n04277352
ILSVRC2012_val_00049496,n04277352 2 112 396 363 ,n04277352
ILSVRC2012_val_00036078,n04277352 33 14 416 343 ,n04277352
ILSVRC2012_val_00018117,n04285008 142 135 421 236 ,n04285008
ILSVRC2012_val_00013258,n04285008 2 120 373 491 n04285008 273 247 373 325 ,n04285008
ILSVRC2012_val_00041626,n04285008 101 110 498 271 n04285008 10 69 398 206 ,n04285008
ILSVRC2012_val_00005456,n04285008 29 34 490 339 ,n04285008
ILSVRC2012_val_00049675,n04285008 50 182 335 397 ,n04285008
ILSVRC2012_val_00039842,n04286575 67 19 408 390 ,n04286575
ILSVRC2012_val_00042388,n04286575 136 79 365 241 ,n04286575
ILSVRC2012_val_00042388,n04286575 136 79 365 241 ,n04286575
ILSVRC2012_val_00042388,n04286575 136 79 365 241 ,n04286575
ILSVRC2012_val_00039842,n04286575 67 19 408 390 ,n04286575
ILSVRC2012_val_00031454,n04296562 0 0 498 294 ,n04296562
ILSVRC2012_val_00025090,n04296562 0 352 383 498 n04296562 1 5 382 498 ,n04296562
ILSVRC2012_val_00001388,n04296562 89 120 499 327 ,n04296562
ILSVRC2012_val_00029548,n04296562 0 1 468 219 ,n04296562
ILSVRC2012_val_00031454,n04296562 0 0 498 294 ,n04296562
ILSVRC2012_val_00007826,n04310018 84 20 388 330 ,n04310018
ILSVRC2012_val_00038885,n04310018 1 93 346 255 ,n04310018
ILSVRC2012_val_00040994,n04310018 196 120 499 230 ,n04310018
ILSVRC2012_val_00018868,n04310018 45 93 316 453 ,n04310018
ILSVRC2012_val_00044835,n04310018 169 14 370 304 ,n04310018
ILSVRC2012_val_00042398,n04311004 80 212 499 347 ,n04311004
ILSVRC2012_val_00042606,n04311004 109 156 413 303 ,n04311004
ILSVRC2012_val_00012942,n04311004 67 48 369 205 ,n04311004
ILSVRC2012_val_00008493,n04311004 0 0 373 498 ,n04311004
ILSVRC2012_val_00009286,n04311004 1 0 297 291 n04311004 4 3 497 295 ,n04311004
ILSVRC2012_val_00042012,n04311174 180 163 250 210 n04311174 119 163 178 198 n04311174 157 204 197 257 ,n04311174
ILSVRC2012_val_00022834,n04311174 0 102 181 331 n04311174 182 89 343 235 ,n04311174
ILSVRC2012_val_00005668,n04311174 230 130 361 226 n04311174 88 159 200 243 n04311174 423 96 499 209 n04311174 9 189 64 342 n04311174 63 190 145 327 n04311174 222 195 306 324 n04311174 398 176 493 269 n04311174 434 181 499 242 ,n04311174
ILSVRC2012_val_00045635,n04311174 95 166 215 281 n04311174 431 190 472 223 n04311174 234 176 282 221 n04311174 281 191 343 250 n04311174 163 175 260 281 n04311174 358 204 386 234 n04311174 404 221 451 280 n04311174 326 204 365 248 n04311174 382 209 402 236 n04311174 275 182 312 216 n04311174 414 217 435 241 n04311174 456 195 478 226 ,n04311174
ILSVRC2012_val_00010129,n04311174 140 405 222 458 n04311174 0 396 40 451 n04311174 228 388 276 423 n04311174 1 375 37 397 n04311174 36 385 92 447 ,n04311174
ILSVRC2012_val_00048094,n04317175 51 16 478 402 ,n04317175
ILSVRC2012_val_00044951,n04317175 0 114 211 370 ,n04317175
ILSVRC2012_val_00005452,n04317175 36 0 309 426 ,n04317175
ILSVRC2012_val_00008854,n04317175 65 61 435 310 ,n04317175
ILSVRC2012_val_00029515,n04317175 132 162 282 460 ,n04317175
ILSVRC2012_val_00001059,n04325704 0 0 476 498 ,n04325704
ILSVRC2012_val_00032034,n04325704 48 83 336 330 ,n04325704
ILSVRC2012_val_00003414,n04325704 289 101 405 377 ,n04325704
ILSVRC2012_val_00003414,n04325704 289 101 405 377 ,n04325704
ILSVRC2012_val_00001059,n04325704 0 0 476 498 ,n04325704
ILSVRC2012_val_00036031,n04326547 0 1 499 331 ,n04326547
ILSVRC2012_val_00020542,n04326547 23 20 498 374 ,n04326547
ILSVRC2012_val_00029132,n04326547 0 118 401 294 ,n04326547
ILSVRC2012_val_00036929,n04326547 1 2 499 333 ,n04326547
ILSVRC2012_val_00035831,n04326547 28 116 472 325 ,n04326547
ILSVRC2012_val_00034636,n04328186 111 178 290 311 ,n04328186
ILSVRC2012_val_00003983,n04328186 64 0 424 292 n04328186 229 14 361 107 ,n04328186
ILSVRC2012_val_00024579,n04328186 2 3 498 374 ,n04328186
ILSVRC2012_val_00043606,n04328186 0 0 499 374 ,n04328186
ILSVRC2012_val_00008052,n04328186 76 12 387 351 ,n04328186
ILSVRC2012_val_00029749,n04330267 204 47 499 374 n04330267 78 36 231 101 ,n04330267
ILSVRC2012_val_00030182,n04330267 40 108 315 498 ,n04330267
ILSVRC2012_val_00029749,n04330267 204 47 499 374 n04330267 78 36 231 101 ,n04330267
ILSVRC2012_val_00026210,n04330267 0 0 378 498 ,n04330267
ILSVRC2012_val_00049006,n04330267 129 111 243 233 ,n04330267
ILSVRC2012_val_00009768,n04332243 1 31 371 310 ,n04332243
ILSVRC2012_val_00037515,n04332243 323 13 499 377 n04332243 1 11 174 376 n04332243 34 49 499 377 ,n04332243
ILSVRC2012_val_00011709,n04332243 0 0 373 498 ,n04332243
ILSVRC2012_val_00018089,n04332243 206 100 451 498 ,n04332243
ILSVRC2012_val_00005036,n04332243 2 1 474 326 ,n04332243
ILSVRC2012_val_00027691,n04335435 3 0 367 318 ,n04335435
ILSVRC2012_val_00004855,n04335435 88 96 289 371 ,n04335435
ILSVRC2012_val_00012913,n04335435 1 110 251 262 ,n04335435
ILSVRC2012_val_00021553,n04335435 157 186 365 376 ,n04335435
ILSVRC2012_val_00000714,n04335435 70 11 466 340 n04335435 54 106 122 265 ,n04335435
ILSVRC2012_val_00013568,n04336792 125 133 360 211 ,n04336792
ILSVRC2012_val_00022231,n04336792 133 147 235 219 ,n04336792
ILSVRC2012_val_00042085,n04336792 117 172 415 217 ,n04336792
ILSVRC2012_val_00047188,n04336792 53 163 228 408 ,n04336792
ILSVRC2012_val_00023741,n04336792 116 215 279 356 ,n04336792
ILSVRC2012_val_00014847,n04344873 36 96 448 313 ,n04344873
ILSVRC2012_val_00011048,n04344873 0 13 373 497 ,n04344873
ILSVRC2012_val_00001811,n04344873 39 154 391 280 ,n04344873
ILSVRC2012_val_00011048,n04344873 0 13 373 497 ,n04344873
ILSVRC2012_val_00030983,n04344873 1 246 373 498 ,n04344873
ILSVRC2012_val_00013345,n04346328 78 44 425 338 ,n04346328
ILSVRC2012_val_00041599,n04346328 11 162 64 286 n04346328 312 62 334 206 n04346328 203 176 237 264 n04346328 418 116 455 222 n04346328 343 141 377 214 n04346328 115 192 134 247 n04346328 275 172 297 234 n04346328 103 213 115 252 n04346328 254 153 274 273 n04346328 400 144 427 216 n04346328 470 158 487 224 n04346328 225 177 241 240 n04346328 70 209 101 275 n04346328 486 180 499 219 n04346328 389 194 400 225 n04346328 180 209 188 230 n04346328 118 209 200 293 ,n04346328
ILSVRC2012_val_00013345,n04346328 78 44 425 338 ,n04346328
ILSVRC2012_val_00032142,n04346328 53 0 331 391 n04346328 6 295 58 388 ,n04346328
ILSVRC2012_val_00011106,n04346328 42 28 188 467 n04346328 272 230 296 387 n04346328 246 268 272 385 n04346328 345 137 371 315 n04346328 191 226 223 377 n04346328 0 207 33 393 n04346328 150 222 183 395 n04346328 298 250 315 360 n04346328 231 320 247 391 n04346328 48 228 86 403 ,n04346328
ILSVRC2012_val_00047134,n04347754 85 47 401 263 ,n04347754
ILSVRC2012_val_00049376,n04347754 2 1 389 245 ,n04347754
ILSVRC2012_val_00044250,n04347754 204 12 456 297 n04347754 48 107 274 277 n04347754 455 144 496 254 ,n04347754
ILSVRC2012_val_00046371,n04347754 0 0 499 332 ,n04347754
ILSVRC2012_val_00047134,n04347754 85 47 401 263 ,n04347754
ILSVRC2012_val_00007191,n04350905 192 133 278 248 ,n04350905
ILSVRC2012_val_00013401,n04350905 1 202 285 498 ,n04350905
ILSVRC2012_val_00023402,n04350905 21 92 125 360 n04350905 197 86 322 382 n04350905 108 102 205 367 ,n04350905
ILSVRC2012_val_00002541,n04350905 110 100 248 473 ,n04350905
ILSVRC2012_val_00031134,n04350905 82 135 307 498 ,n04350905
ILSVRC2012_val_00006777,n04355338 17 32 320 458 ,n04355338
ILSVRC2012_val_00013886,n04355338 117 31 396 360 ,n04355338
ILSVRC2012_val_00045680,n04355338 84 18 471 290 ,n04355338
ILSVRC2012_val_00046496,n04355338 51 38 379 323 ,n04355338
ILSVRC2012_val_00020787,n04355338 3 83 477 293 ,n04355338
ILSVRC2012_val_00041874,n04355933 34 84 498 370 ,n04355933
ILSVRC2012_val_00013510,n04355933 67 137 398 242 ,n04355933
ILSVRC2012_val_00041874,n04355933 34 84 498 370 ,n04355933
ILSVRC2012_val_00013510,n04355933 67 137 398 242 ,n04355933
ILSVRC2012_val_00013510,n04355933 67 137 398 242 ,n04355933
ILSVRC2012_val_00005437,n04356056 225 162 376 237 n04356056 50 151 226 226 ,n04356056
ILSVRC2012_val_00020477,n04356056 57 106 265 200 ,n04356056
ILSVRC2012_val_00020477,n04356056 57 106 265 200 ,n04356056
ILSVRC2012_val_00008306,n04356056 20 156 150 214 ,n04356056
ILSVRC2012_val_00005437,n04356056 225 162 376 237 n04356056 50 151 226 226 ,n04356056
ILSVRC2012_val_00049539,n04357314 48 92 298 333 ,n04357314
ILSVRC2012_val_00008617,n04357314 95 212 261 380 n04357314 101 220 252 357 ,n04357314
ILSVRC2012_val_00020060,n04357314 62 8 416 354 n04357314 346 186 499 374 ,n04357314
ILSVRC2012_val_00022465,n04357314 227 128 301 177 n04357314 92 155 110 180 n04357314 164 90 199 143 n04357314 168 0 213 82 n04357314 169 359 185 372 n04357314 36 231 73 298 n04357314 127 282 169 324 n04357314 81 241 132 302 n04357314 366 262 498 373 n04357314 212 181 268 207 n04357314 226 275 260 307 n04357314 123 95 137 125 n04357314 318 152 367 194 n04357314 382 219 402 246 n04357314 148 171 203 246 n04357314 304 214 350 250 ,n04357314
ILSVRC2012_val_00047957,n04357314 55 330 130 495 ,n04357314
ILSVRC2012_val_00008904,n04366367 0 0 499 319 ,n04366367
ILSVRC2012_val_00004644,n04366367 74 79 379 297 ,n04366367
ILSVRC2012_val_00027117,n04366367 74 0 499 365 ,n04366367
ILSVRC2012_val_00040521,n04366367 0 110 498 375 ,n04366367
ILSVRC2012_val_00011875,n04366367 64 68 490 275 ,n04366367
ILSVRC2012_val_00038844,n04367480 96 351 926 516 ,n04367480
ILSVRC2012_val_00009013,n04367480 110 0 913 566 ,n04367480
ILSVRC2012_val_00006211,n04367480 176 35 562 225 n04367480 205 228 550 555 ,n04367480
ILSVRC2012_val_00008925,n04367480 118 152 153 370 n04367480 160 158 203 272 n04367480 81 151 128 366 n04367480 46 158 101 368 ,n04367480
ILSVRC2012_val_00009013,n04367480 110 0 913 566 ,n04367480
ILSVRC2012_val_00046396,n04370456 47 42 335 440 ,n04370456
ILSVRC2012_val_00044654,n04370456 0 2 342 497 ,n04370456
ILSVRC2012_val_00002849,n04370456 23 66 320 477 ,n04370456
ILSVRC2012_val_00044654,n04370456 0 2 342 497 ,n04370456
ILSVRC2012_val_00046082,n04370456 94 2 424 333 ,n04370456
ILSVRC2012_val_00024237,n04371430 173 220 252 320 ,n04371430
ILSVRC2012_val_00042300,n04371430 213 170 263 220 n04371430 288 160 323 219 n04371430 133 165 166 213 ,n04371430
ILSVRC2012_val_00024237,n04371430 173 220 252 320 ,n04371430
ILSVRC2012_val_00019658,n04371430 231 210 334 313 n04371430 157 360 214 423 n04371430 21 200 132 310 ,n04371430
ILSVRC2012_val_00034077,n04371430 220 338 400 374 n04371430 74 354 217 374 n04371430 9 83 37 133 n04371430 37 84 61 98 n04371430 107 84 125 109 n04371430 66 170 80 183 n04371430 59 85 106 114 n04371430 25 136 44 151 n04371430 119 77 140 105 n04371430 193 66 207 84 n04371430 0 190 32 226 n04371430 143 62 162 74 ,n04371430
ILSVRC2012_val_00014726,n04371774 88 1 443 374 ,n04371774
ILSVRC2012_val_00005871,n04371774 139 46 194 289 ,n04371774
ILSVRC2012_val_00001516,n04371774 131 0 286 373 ,n04371774
ILSVRC2012_val_00024615,n04371774 301 147 356 362 n04371774 208 133 267 377 ,n04371774
ILSVRC2012_val_00041637,n04371774 120 2 330 326 ,n04371774
ILSVRC2012_val_00046939,n04372370 330 69 460 279 ,n04372370
ILSVRC2012_val_00025073,n04372370 211 59 237 106 n04372370 262 55 296 110 n04372370 238 59 263 105 ,n04372370
ILSVRC2012_val_00003079,n04372370 68 165 153 212 ,n04372370
ILSVRC2012_val_00015086,n04372370 82 230 236 352 ,n04372370
ILSVRC2012_val_00031078,n04372370 234 152 289 236 n04372370 132 143 191 238 ,n04372370
ILSVRC2012_val_00044057,n04376876 134 32 458 343 n04376876 46 99 60 161 n04376876 103 94 110 158 n04376876 71 96 82 163 n04376876 82 98 94 161 n04376876 137 92 143 154 n04376876 114 90 123 156 n04376876 93 94 101 161 n04376876 31 9 99 95 n04376876 123 90 135 159 ,n04376876
ILSVRC2012_val_00028088,n04376876 97 52 123 241 ,n04376876
ILSVRC2012_val_00034026,n04376876 263 8 338 432 ,n04376876
ILSVRC2012_val_00037242,n04376876 45 104 167 249 n04376876 96 314 218 353 n04376876 149 107 222 229 ,n04376876
ILSVRC2012_val_00002160,n04376876 171 175 282 498 ,n04376876
ILSVRC2012_val_00000026,n04380533 30 6 365 283 ,n04380533
ILSVRC2012_val_00024312,n04380533 121 8 247 251 ,n04380533
ILSVRC2012_val_00019316,n04380533 215 46 300 144 ,n04380533
ILSVRC2012_val_00003252,n04380533 30 17 361 493 ,n04380533
ILSVRC2012_val_00000026,n04380533 30 6 365 283 ,n04380533
ILSVRC2012_val_00008783,n04389033 29 36 479 313 ,n04389033
ILSVRC2012_val_00021989,n04389033 27 20 450 315 ,n04389033
ILSVRC2012_val_00044690,n04389033 15 39 483 368 ,n04389033
ILSVRC2012_val_00036905,n04389033 38 53 459 308 ,n04389033
ILSVRC2012_val_00049454,n04389033 10 8 484 351 ,n04389033
ILSVRC2012_val_00027019,n04392985 121 11 371 348 ,n04392985
ILSVRC2012_val_00007718,n04392985 0 65 499 206 ,n04392985
ILSVRC2012_val_00007718,n04392985 0 65 499 206 ,n04392985
ILSVRC2012_val_00036753,n04392985 0 0 499 374 ,n04392985
ILSVRC2012_val_00005368,n04392985 65 19 473 278 ,n04392985
ILSVRC2012_val_00013711,n04398044 201 72 476 282 n04398044 32 127 206 266 ,n04398044
ILSVRC2012_val_00034859,n04398044 65 51 374 369 ,n04398044
ILSVRC2012_val_00018783,n04398044 153 126 326 250 n04398044 332 129 484 257 n04398044 20 141 152 241 ,n04398044
ILSVRC2012_val_00037105,n04398044 33 74 499 516 ,n04398044
ILSVRC2012_val_00042272,n04398044 2 176 351 498 ,n04398044
ILSVRC2012_val_00007045,n04399382 1 45 353 473 ,n04399382
ILSVRC2012_val_00025815,n04399382 33 12 359 468 ,n04399382
ILSVRC2012_val_00039275,n04399382 129 90 368 333 ,n04399382
ILSVRC2012_val_00039275,n04399382 129 90 368 333 ,n04399382
ILSVRC2012_val_00033540,n04399382 125 162 366 490 ,n04399382
ILSVRC2012_val_00031193,n04404412 144 159 254 245 ,n04404412
ILSVRC2012_val_00039246,n04404412 233 110 380 251 ,n04404412
ILSVRC2012_val_00020424,n04404412 63 74 441 302 ,n04404412
ILSVRC2012_val_00023618,n04404412 1 1 496 381 ,n04404412
ILSVRC2012_val_00002821,n04404412 48 22 456 301 ,n04404412
ILSVRC2012_val_00000123,n04409515 261 161 416 318 n04409515 134 137 264 289 n04409515 259 119 396 188 ,n04409515
ILSVRC2012_val_00029328,n04409515 21 247 163 374 n04409515 164 232 326 374 n04409515 183 81 331 228 n04409515 21 5 151 135 n04409515 272 0 415 115 n04409515 0 133 133 263 n04409515 318 256 493 374 n04409515 388 114 499 256 n04409515 145 0 272 117 n04409515 122 175 237 280 n04409515 332 100 452 233 n04409515 302 206 380 295 n04409515 398 0 458 43 ,n04409515
ILSVRC2012_val_00044037,n04409515 298 334 395 430 n04409515 402 267 504 364 n04409515 347 195 443 290 n04409515 186 194 280 286 n04409515 302 118 396 211 n04409515 244 265 338 360 ,n04409515
ILSVRC2012_val_00023732,n04409515 68 168 168 271 ,n04409515
ILSVRC2012_val_00009605,n04409515 198 112 305 216 ,n04409515
ILSVRC2012_val_00005112,n04417672 0 0 597 448 ,n04417672
ILSVRC2012_val_00036902,n04417672 0 3 499 331 ,n04417672
ILSVRC2012_val_00043337,n04417672 100 67 394 171 ,n04417672
ILSVRC2012_val_00005633,n04417672 3 1 499 374 ,n04417672
ILSVRC2012_val_00042006,n04417672 42 18 777 598 ,n04417672
ILSVRC2012_val_00011972,n04418357 72 1 409 332 ,n04418357
ILSVRC2012_val_00021937,n04418357 172 0 420 99 ,n04418357
ILSVRC2012_val_00017202,n04418357 1 2 498 374 ,n04418357
ILSVRC2012_val_00028155,n04418357 1 81 487 351 ,n04418357
ILSVRC2012_val_00013044,n04418357 0 2 498 333 ,n04418357
ILSVRC2012_val_00025320,n04423845 55 47 326 427 ,n04423845
ILSVRC2012_val_00038609,n04423845 170 58 270 183 ,n04423845
ILSVRC2012_val_00026002,n04423845 166 164 465 333 ,n04423845
ILSVRC2012_val_00011182,n04423845 101 63 248 232 ,n04423845
ILSVRC2012_val_00030456,n04423845 236 121 426 348 ,n04423845
ILSVRC2012_val_00036517,n04428191 0 17 499 375 ,n04428191
ILSVRC2012_val_00007461,n04428191 26 7 486 325 ,n04428191
ILSVRC2012_val_00026435,n04428191 72 131 479 278 ,n04428191
ILSVRC2012_val_00007461,n04428191 26 7 486 325 ,n04428191
ILSVRC2012_val_00025874,n04428191 11 70 277 450 ,n04428191
ILSVRC2012_val_00017571,n04429376 128 34 349 337 ,n04429376
ILSVRC2012_val_00004328,n04429376 0 0 356 498 ,n04429376
ILSVRC2012_val_00013871,n04429376 143 117 262 352 ,n04429376
ILSVRC2012_val_00007046,n04429376 61 0 337 498 ,n04429376
ILSVRC2012_val_00019420,n04429376 66 137 265 412 ,n04429376
ILSVRC2012_val_00029959,n04435653 0 74 498 332 n04435653 2 118 114 154 ,n04435653
ILSVRC2012_val_00035761,n04435653 100 27 499 332 n04435653 118 143 499 243 n04435653 0 33 51 127 ,n04435653
ILSVRC2012_val_00019621,n04435653 189 106 231 127 n04435653 278 99 319 122 n04435653 95 106 129 137 n04435653 234 278 275 296 n04435653 0 39 499 200 n04435653 306 274 337 291 n04435653 160 303 201 324 n04435653 185 15 380 37 n04435653 0 22 21 37 ,n04435653
ILSVRC2012_val_00004696,n04435653 23 90 491 411 ,n04435653
ILSVRC2012_val_00006917,n04435653 0 2 499 327 ,n04435653
ILSVRC2012_val_00010199,n04442312 4 8 157 156 ,n04442312
ILSVRC2012_val_00031375,n04442312 41 9 282 180 ,n04442312
ILSVRC2012_val_00004906,n04442312 65 39 419 318 ,n04442312
ILSVRC2012_val_00026916,n04442312 69 47 420 297 ,n04442312
ILSVRC2012_val_00004478,n04442312 26 338 163 466 ,n04442312
ILSVRC2012_val_00010184,n04443257 3 0 499 374 ,n04443257
ILSVRC2012_val_00044655,n04443257 133 0 498 498 ,n04443257
ILSVRC2012_val_00004326,n04443257 166 0 499 371 ,n04443257
ILSVRC2012_val_00041486,n04443257 10 52 356 437 ,n04443257
ILSVRC2012_val_00011540,n04443257 11 113 328 487 ,n04443257
ILSVRC2012_val_00018632,n04447861 202 225 296 431 ,n04447861
ILSVRC2012_val_00046754,n04447861 162 221 271 337 ,n04447861
ILSVRC2012_val_00001718,n04447861 174 38 326 371 ,n04447861
ILSVRC2012_val_00025192,n04447861 19 0 499 372 ,n04447861
ILSVRC2012_val_00004263,n04447861 110 90 389 363 ,n04447861
ILSVRC2012_val_00016035,n04456115 201 193 256 376 ,n04456115
ILSVRC2012_val_00018088,n04456115 249 82 344 338 n04456115 104 189 138 268 n04456115 54 39 118 329 n04456115 179 206 211 251 n04456115 436 212 470 267 n04456115 21 196 51 278 n04456115 409 212 432 250 n04456115 430 98 499 245 n04456115 146 230 158 253 n04456115 318 217 339 261 n04456115 252 210 274 246 n04456115 313 239 327 260 n04456115 219 231 226 247 n04456115 165 254 179 270 n04456115 133 235 143 250 n04456115 21 225 31 247 ,n04456115
ILSVRC2012_val_00003323,n04456115 311 32 398 338 ,n04456115
ILSVRC2012_val_00039596,n04456115 468 106 498 158 n04456115 315 111 326 149 n04456115 65 107 75 131 n04456115 166 116 180 141 ,n04456115
ILSVRC2012_val_00015178,n04456115 182 25 282 117 n04456115 368 182 444 234 ,n04456115
ILSVRC2012_val_00029664,n04458633 152 91 241 462 ,n04458633
ILSVRC2012_val_00000809,n04458633 5 0 211 374 ,n04458633
ILSVRC2012_val_00020813,n04458633 4 127 430 469 ,n04458633
ILSVRC2012_val_00039521,n04458633 347 107 363 290 n04458633 126 131 193 338 n04458633 259 204 334 302 n04458633 430 28 485 272 n04458633 316 141 339 300 n04458633 174 201 190 295 ,n04458633
ILSVRC2012_val_00000525,n04458633 112 172 178 478 n04458633 32 192 75 433 n04458633 307 133 373 450 n04458633 162 137 226 443 ,n04458633
ILSVRC2012_val_00020258,n04461696 24 79 499 309 ,n04461696
ILSVRC2012_val_00039723,n04461696 42 47 499 240 ,n04461696
ILSVRC2012_val_00033496,n04461696 83 113 384 243 ,n04461696
ILSVRC2012_val_00021882,n04461696 31 101 499 258 ,n04461696
ILSVRC2012_val_00028462,n04461696 62 80 435 372 ,n04461696
ILSVRC2012_val_00014406,n04462240 2 2 499 374 ,n04462240
ILSVRC2012_val_00043666,n04462240 1 0 499 374 ,n04462240
ILSVRC2012_val_00031948,n04462240 0 0 373 498 ,n04462240
ILSVRC2012_val_00003394,n04462240 0 0 499 374 ,n04462240
ILSVRC2012_val_00026920,n04462240 2 91 499 371 n04462240 3 2 499 86 ,n04462240
ILSVRC2012_val_00028200,n04465501 15 10 483 372 ,n04465501
ILSVRC2012_val_00024074,n04465501 18 119 499 326 ,n04465501
ILSVRC2012_val_00026128,n04465501 42 60 446 325 ,n04465501
ILSVRC2012_val_00004194,n04465501 14 11 479 365 ,n04465501
ILSVRC2012_val_00024101,n04465501 7 10 493 376 ,n04465501
ILSVRC2012_val_00044872,n04467665 209 219 451 295 ,n04467665
ILSVRC2012_val_00021567,n04467665 275 207 476 301 ,n04467665
ILSVRC2012_val_00045032,n04467665 25 126 154 287 n04467665 191 115 331 293 n04467665 294 132 485 304 ,n04467665
ILSVRC2012_val_00008391,n04467665 24 127 396 212 ,n04467665
ILSVRC2012_val_00018084,n04467665 64 196 481 281 ,n04467665
ILSVRC2012_val_00034739,n04476259 0 19 476 363 ,n04476259
ILSVRC2012_val_00026249,n04476259 1 80 495 353 n04476259 21 18 198 90 n04476259 282 0 499 157 ,n04476259
ILSVRC2012_val_00040453,n04476259 0 0 477 498 ,n04476259
ILSVRC2012_val_00008708,n04476259 6 42 478 374 ,n04476259
ILSVRC2012_val_00026249,n04476259 1 80 495 353 n04476259 21 18 198 90 n04476259 282 0 499 157 ,n04476259
ILSVRC2012_val_00018547,n04479046 28 151 178 375 n04479046 180 125 317 373 ,n04479046
ILSVRC2012_val_00026708,n04479046 65 87 271 390 ,n04479046
ILSVRC2012_val_00038352,n04479046 153 67 303 318 ,n04479046
ILSVRC2012_val_00017335,n04479046 72 93 280 478 ,n04479046
ILSVRC2012_val_00006076,n04479046 102 81 236 347 ,n04479046
ILSVRC2012_val_00029194,n04482393 223 186 292 251 ,n04482393
ILSVRC2012_val_00014052,n04482393 30 87 150 192 ,n04482393
ILSVRC2012_val_00029194,n04482393 223 186 292 251 ,n04482393
ILSVRC2012_val_00029194,n04482393 223 186 292 251 ,n04482393
ILSVRC2012_val_00023808,n04482393 37 0 332 498 ,n04482393
ILSVRC2012_val_00044985,n04483307 73 117 521 321 n04483307 303 64 585 212 n04483307 251 65 344 112 n04483307 1 0 66 92 n04483307 159 72 255 121 n04483307 520 1 561 60 n04483307 449 31 512 63 n04483307 222 49 269 72 n04483307 156 39 200 61 ,n04483307
ILSVRC2012_val_00028013,n04483307 75 0 353 240 ,n04483307
ILSVRC2012_val_00005581,n04483307 87 19 1184 1362 ,n04483307
ILSVRC2012_val_00049859,n04483307 25 1 798 478 ,n04483307
ILSVRC2012_val_00022507,n04483307 34 0 279 151 ,n04483307
ILSVRC2012_val_00005584,n04485082 37 7 461 498 ,n04485082
ILSVRC2012_val_00038787,n04485082 255 119 478 374 ,n04485082
ILSVRC2012_val_00043853,n04485082 58 203 188 381 n04485082 312 224 411 377 ,n04485082
ILSVRC2012_val_00041731,n04485082 171 215 284 327 n04485082 17 35 395 410 ,n04485082
ILSVRC2012_val_00008473,n04485082 181 44 475 374 ,n04485082
ILSVRC2012_val_00003226,n04486054 201 113 311 223 ,n04486054
ILSVRC2012_val_00005976,n04486054 45 97 310 390 ,n04486054
ILSVRC2012_val_00043357,n04486054 67 123 331 370 ,n04486054
ILSVRC2012_val_00028421,n04486054 20 67 360 422 ,n04486054
ILSVRC2012_val_00030164,n04486054 0 1 355 322 ,n04486054
ILSVRC2012_val_00007540,n04487081 95 202 480 373 ,n04487081
ILSVRC2012_val_00015700,n04487081 156 80 444 235 n04487081 463 122 499 188 ,n04487081
ILSVRC2012_val_00021054,n04487081 84 0 463 335 n04487081 31 130 97 265 n04487081 0 154 29 259 ,n04487081
ILSVRC2012_val_00043561,n04487081 86 31 419 222 ,n04487081
ILSVRC2012_val_00043686,n04487081 126 34 484 301 n04487081 120 130 158 213 ,n04487081
ILSVRC2012_val_00030894,n04487394 252 66 455 374 ,n04487394
ILSVRC2012_val_00048169,n04487394 0 231 373 466 ,n04487394
ILSVRC2012_val_00028418,n04487394 0 153 373 490 ,n04487394
ILSVRC2012_val_00025357,n04487394 131 57 408 371 n04487394 134 137 275 358 ,n04487394
ILSVRC2012_val_00000479,n04487394 101 171 207 498 ,n04487394
ILSVRC2012_val_00033123,n04493381 0 167 373 498 ,n04493381
ILSVRC2012_val_00042481,n04493381 0 226 499 374 ,n04493381
ILSVRC2012_val_00049114,n04493381 63 47 443 300 ,n04493381
ILSVRC2012_val_00043658,n04493381 136 186 449 399 ,n04493381
ILSVRC2012_val_00043658,n04493381 136 186 449 399 ,n04493381
ILSVRC2012_val_00041689,n04501370 165 245 261 370 ,n04501370
ILSVRC2012_val_00041779,n04501370 101 261 262 498 n04501370 238 241 345 426 ,n04501370
ILSVRC2012_val_00012296,n04501370 172 109 284 281 n04501370 28 129 98 235 ,n04501370
ILSVRC2012_val_00043709,n04501370 148 242 252 374 n04501370 308 206 446 303 ,n04501370
ILSVRC2012_val_00002962,n04501370 160 75 242 346 n04501370 275 97 320 305 n04501370 232 90 288 321 ,n04501370
ILSVRC2012_val_00009383,n04505470 112 204 464 337 ,n04505470
ILSVRC2012_val_00044703,n04505470 86 20 399 336 ,n04505470
ILSVRC2012_val_00015326,n04505470 0 0 499 338 ,n04505470
ILSVRC2012_val_00018176,n04505470 64 196 461 351 ,n04505470
ILSVRC2012_val_00036957,n04505470 0 36 498 370 ,n04505470
ILSVRC2012_val_00049952,n04507155 122 170 245 242 n04507155 191 15 381 150 ,n04507155
ILSVRC2012_val_00017127,n04507155 104 74 287 209 n04507155 9 81 101 159 n04507155 438 64 477 82 ,n04507155
ILSVRC2012_val_00029229,n04507155 0 0 499 374 ,n04507155
ILSVRC2012_val_00030149,n04507155 40 73 175 130 n04507155 0 177 236 497 n04507155 235 6 339 62 n04507155 143 277 297 432 n04507155 192 191 325 316 n04507155 60 178 235 261 n04507155 270 121 354 203 n04507155 108 45 220 86 n04507155 185 40 272 80 n04507155 312 80 365 135 n04507155 334 52 381 92 n04507155 143 141 345 251 n04507155 351 6 392 23 ,n04507155
ILSVRC2012_val_00017824,n04507155 287 138 343 174 ,n04507155
ILSVRC2012_val_00026754,n04509417 118 170 226 358 n04509417 0 171 59 293 n04509417 181 207 249 285 n04509417 453 289 499 374 ,n04509417
ILSVRC2012_val_00038319,n04509417 284 145 381 374 ,n04509417
ILSVRC2012_val_00005520,n04509417 120 253 163 498 ,n04509417
ILSVRC2012_val_00025697,n04509417 147 165 224 453 ,n04509417
ILSVRC2012_val_00004318,n04509417 182 276 223 403 ,n04509417
ILSVRC2012_val_00025666,n04515003 0 34 495 329 ,n04515003
ILSVRC2012_val_00016309,n04515003 21 3 423 337 ,n04515003
ILSVRC2012_val_00040133,n04515003 0 1 499 335 ,n04515003
ILSVRC2012_val_00047223,n04515003 0 9 89 81 ,n04515003
ILSVRC2012_val_00006958,n04515003 11 2 361 274 ,n04515003
ILSVRC2012_val_00020843,n04517823 113 187 303 327 n04517823 247 145 329 219 n04517823 0 318 184 374 n04517823 245 159 326 226 ,n04517823
ILSVRC2012_val_00004438,n04517823 97 120 291 348 ,n04517823
ILSVRC2012_val_00022790,n04517823 133 46 410 374 n04517823 0 28 159 374 ,n04517823
ILSVRC2012_val_00030178,n04517823 106 177 236 443 n04517823 275 165 326 225 n04517823 105 0 241 447 ,n04517823
ILSVRC2012_val_00019601,n04517823 118 3 335 498 ,n04517823
ILSVRC2012_val_00031872,n04522168 92 2 282 495 ,n04522168
ILSVRC2012_val_00031441,n04522168 77 26 425 452 ,n04522168
ILSVRC2012_val_00011908,n04522168 145 85 247 470 n04522168 147 313 231 471 ,n04522168
ILSVRC2012_val_00003657,n04522168 175 210 371 406 ,n04522168
ILSVRC2012_val_00035813,n04522168 177 16 327 488 ,n04522168
ILSVRC2012_val_00024824,n04523525 92 12 368 322 n04523525 420 158 499 329 n04523525 1 156 74 359 ,n04523525
ILSVRC2012_val_00003132,n04523525 0 2 499 246 ,n04523525
ILSVRC2012_val_00019945,n04523525 81 8 363 223 n04523525 3 233 372 498 ,n04523525
ILSVRC2012_val_00016963,n04523525 96 397 297 467 n04523525 0 0 373 168 n04523525 65 186 315 335 n04523525 66 381 90 498 n04523525 1 65 372 291 n04523525 2 131 332 280 n04523525 331 297 373 498 ,n04523525
ILSVRC2012_val_00011407,n04523525 0 0 340 410 ,n04523525
ILSVRC2012_val_00010858,n04525038 10 0 425 498 ,n04525038
ILSVRC2012_val_00010858,n04525038 10 0 425 498 ,n04525038
ILSVRC2012_val_00025160,n04525038 35 81 472 471 ,n04525038
ILSVRC2012_val_00010858,n04525038 10 0 425 498 ,n04525038
ILSVRC2012_val_00025160,n04525038 35 81 472 471 ,n04525038
ILSVRC2012_val_00006255,n04525305 43 5 236 498 ,n04525305
ILSVRC2012_val_00005732,n04525305 214 78 342 287 n04525305 347 80 469 293 n04525305 0 0 165 374 ,n04525305
ILSVRC2012_val_00021451,n04525305 0 1 293 374 n04525305 297 2 499 374 ,n04525305
ILSVRC2012_val_00036336,n04525305 53 0 485 374 ,n04525305
ILSVRC2012_val_00001881,n04525305 20 1 454 268 n04525305 14 271 458 374 ,n04525305
ILSVRC2012_val_00000036,n04532106 68 157 300 498 ,n04532106
ILSVRC2012_val_00048731,n04532106 61 191 345 466 ,n04532106
ILSVRC2012_val_00048657,n04532106 0 0 265 374 ,n04532106
ILSVRC2012_val_00039756,n04532106 112 82 252 458 n04532106 150 156 244 280 ,n04532106
ILSVRC2012_val_00000068,n04532106 0 0 373 498 ,n04532106
ILSVRC2012_val_00012772,n04532670 12 11 374 407 ,n04532670
ILSVRC2012_val_00000951,n04532670 0 161 481 385 ,n04532670
ILSVRC2012_val_00041695,n04532670 61 122 499 201 ,n04532670
ILSVRC2012_val_00019521,n04532670 1 46 453 304 ,n04532670
ILSVRC2012_val_00046644,n04532670 19 152 499 366 ,n04532670
ILSVRC2012_val_00034280,n04536866 8 258 246 445 ,n04536866
ILSVRC2012_val_00002201,n04536866 151 207 336 374 ,n04536866
ILSVRC2012_val_00047738,n04536866 185 92 440 327 ,n04536866
ILSVRC2012_val_00024173,n04536866 26 68 338 466 ,n04536866
ILSVRC2012_val_00012803,n04536866 0 51 327 495 ,n04536866
ILSVRC2012_val_00033329,n04540053 90 78 133 122 ,n04540053
ILSVRC2012_val_00021825,n04540053 141 77 225 168 ,n04540053
ILSVRC2012_val_00021825,n04540053 141 77 225 168 ,n04540053
ILSVRC2012_val_00047680,n04540053 514 296 578 363 ,n04540053
ILSVRC2012_val_00045391,n04540053 227 18 323 115 ,n04540053
ILSVRC2012_val_00047664,n04542943 0 0 334 498 ,n04542943
ILSVRC2012_val_00049512,n04542943 0 108 318 374 n04542943 219 72 499 270 n04542943 240 10 372 43 ,n04542943
ILSVRC2012_val_00042908,n04542943 8 85 323 372 ,n04542943
ILSVRC2012_val_00049401,n04542943 200 91 416 295 ,n04542943
ILSVRC2012_val_00003642,n04542943 56 1 347 498 ,n04542943
ILSVRC2012_val_00013320,n04548280 116 82 279 246 ,n04548280
ILSVRC2012_val_00017368,n04548280 135 126 335 331 ,n04548280
ILSVRC2012_val_00018143,n04548280 183 123 335 251 ,n04548280
ILSVRC2012_val_00030330,n04548280 295 12 474 155 ,n04548280
ILSVRC2012_val_00041037,n04548280 26 28 460 498 ,n04548280
ILSVRC2012_val_00048305,n04548362 41 37 421 460 ,n04548362
ILSVRC2012_val_00046827,n04548362 250 118 477 320 n04548362 24 70 395 280 ,n04548362
ILSVRC2012_val_00021957,n04548362 20 13 395 482 ,n04548362
ILSVRC2012_val_00008403,n04548362 24 26 480 352 ,n04548362
ILSVRC2012_val_00047367,n04548362 316 175 487 358 n04548362 73 208 258 374 n04548362 61 6 390 257 n04548362 204 182 365 374 ,n04548362
ILSVRC2012_val_00042146,n04550184 0 0 373 498 ,n04550184
ILSVRC2012_val_00032555,n04550184 102 46 295 284 ,n04550184
ILSVRC2012_val_00030919,n04550184 0 2 323 498 ,n04550184
ILSVRC2012_val_00008851,n04550184 73 48 338 478 ,n04550184
ILSVRC2012_val_00041408,n04550184 57 17 355 485 ,n04550184
ILSVRC2012_val_00023593,n04552348 114 101 137 116 n04552348 8 90 499 351 n04552348 181 97 202 108 ,n04552348
ILSVRC2012_val_00004879,n04552348 68 78 373 318 ,n04552348
ILSVRC2012_val_00011942,n04552348 0 95 371 498 ,n04552348
ILSVRC2012_val_00046500,n04552348 13 155 474 319 ,n04552348
ILSVRC2012_val_00007311,n04552348 138 97 416 238 ,n04552348
ILSVRC2012_val_00015991,n04553703 34 168 315 326 ,n04553703
ILSVRC2012_val_00031261,n04553703 37 255 292 368 ,n04553703
ILSVRC2012_val_00034191,n04553703 16 118 442 259 ,n04553703
ILSVRC2012_val_00025052,n04553703 9 4 279 329 ,n04553703
ILSVRC2012_val_00022742,n04553703 43 23 377 209 ,n04553703
ILSVRC2012_val_00029348,n04554684 77 187 330 498 ,n04554684
ILSVRC2012_val_00018909,n04554684 0 0 452 374 ,n04554684
ILSVRC2012_val_00023591,n04554684 67 1 498 457 ,n04554684
ILSVRC2012_val_00031732,n04554684 201 194 371 374 ,n04554684
ILSVRC2012_val_00000280,n04554684 71 96 340 442 ,n04554684
ILSVRC2012_val_00049261,n04557648 186 87 336 453 ,n04557648
ILSVRC2012_val_00023429,n04557648 110 18 295 306 ,n04557648
ILSVRC2012_val_00003429,n04557648 240 79 373 374 ,n04557648
ILSVRC2012_val_00003429,n04557648 240 79 373 374 ,n04557648
ILSVRC2012_val_00038312,n04557648 76 3 298 498 ,n04557648
ILSVRC2012_val_00012572,n04560804 239 44 416 287 ,n04560804
ILSVRC2012_val_00037427,n04560804 37 29 458 319 ,n04560804
ILSVRC2012_val_00014146,n04560804 63 0 332 498 ,n04560804
ILSVRC2012_val_00031871,n04560804 0 33 370 483 ,n04560804
ILSVRC2012_val_00037427,n04560804 37 29 458 319 ,n04560804
ILSVRC2012_val_00011879,n04562935 105 52 370 498 ,n04562935
ILSVRC2012_val_00008486,n04562935 103 4 370 409 ,n04562935
ILSVRC2012_val_00035046,n04562935 35 25 326 498 ,n04562935
ILSVRC2012_val_00040360,n04562935 181 126 303 374 ,n04562935
ILSVRC2012_val_00004393,n04562935 61 85 250 498 ,n04562935
ILSVRC2012_val_00031554,n04579145 36 114 296 352 n04579145 289 184 460 348 ,n04579145
ILSVRC2012_val_00031554,n04579145 36 114 296 352 n04579145 289 184 460 348 ,n04579145
ILSVRC2012_val_00036864,n04579145 184 1 918 681 ,n04579145
ILSVRC2012_val_00021950,n04579145 519 519 705 861 n04579145 738 264 1167 900 n04579145 9 249 492 906 ,n04579145
ILSVRC2012_val_00043865,n04579145 14 17 555 839 ,n04579145
ILSVRC2012_val_00020246,n04579432 101 79 539 352 ,n04579432
ILSVRC2012_val_00027515,n04579432 71 313 547 414 ,n04579432
ILSVRC2012_val_00032728,n04579432 27 92 437 283 ,n04579432
ILSVRC2012_val_00005350,n04579432 169 68 360 251 ,n04579432
ILSVRC2012_val_00025788,n04579432 341 99 456 342 n04579432 201 93 319 328 ,n04579432
ILSVRC2012_val_00021402,n04584207 61 38 230 351 n04584207 238 8 386 345 ,n04584207
ILSVRC2012_val_00042537,n04584207 23 58 328 516 ,n04584207
ILSVRC2012_val_00017484,n04584207 28 25 298 477 ,n04584207
ILSVRC2012_val_00006390,n04584207 85 0 277 483 ,n04584207
ILSVRC2012_val_00034564,n04584207 22 15 360 351 ,n04584207
ILSVRC2012_val_00027696,n04589890 0 0 499 309 ,n04589890
ILSVRC2012_val_00019542,n04589890 2 35 50 357 n04589890 58 41 366 376 ,n04589890
ILSVRC2012_val_00017272,n04589890 1 2 499 374 ,n04589890
ILSVRC2012_val_00048218,n04589890 0 0 499 369 ,n04589890
ILSVRC2012_val_00011099,n04589890 0 0 499 256 ,n04589890
ILSVRC2012_val_00036111,n04590129 29 95 177 271 n04590129 310 85 499 311 ,n04590129
ILSVRC2012_val_00022343,n04590129 3 1 398 497 ,n04590129
ILSVRC2012_val_00023042,n04590129 211 0 498 326 ,n04590129
ILSVRC2012_val_00043493,n04590129 20 31 312 466 n04590129 26 38 123 365 ,n04590129
ILSVRC2012_val_00000587,n04590129 0 0 499 316 n04590129 2 148 237 375 ,n04590129
ILSVRC2012_val_00001181,n04591157 106 43 490 448 ,n04591157
ILSVRC2012_val_00041022,n04591157 22 24 279 367 ,n04591157
ILSVRC2012_val_00041022,n04591157 22 24 279 367 ,n04591157
ILSVRC2012_val_00005652,n04591157 221 117 408 420 ,n04591157
ILSVRC2012_val_00043770,n04591157 180 180 307 310 ,n04591157
ILSVRC2012_val_00039811,n04591713 260 0 392 374 n04591713 136 1 259 372 n04591713 99 79 137 332 n04591713 213 2 261 230 ,n04591713
ILSVRC2012_val_00022049,n04591713 108 248 188 493 n04591713 46 231 113 458 ,n04591713
ILSVRC2012_val_00016360,n04591713 26 53 443 225 ,n04591713
ILSVRC2012_val_00022049,n04591713 108 248 188 493 n04591713 46 231 113 458 ,n04591713
ILSVRC2012_val_00024147,n04591713 48 63 192 390 n04591713 192 0 373 318 ,n04591713
ILSVRC2012_val_00026612,n04592741 46 105 373 401 ,n04592741
ILSVRC2012_val_00029081,n04592741 60 154 237 195 n04592741 330 169 442 186 n04592741 284 141 322 150 ,n04592741
ILSVRC2012_val_00025987,n04592741 0 104 299 318 ,n04592741
ILSVRC2012_val_00019627,n04592741 66 33 499 330 n04592741 127 59 499 263 ,n04592741
ILSVRC2012_val_00028274,n04592741 43 138 272 159 n04592741 307 129 472 146 ,n04592741
ILSVRC2012_val_00039297,n04596742 57 257 385 478 ,n04596742
ILSVRC2012_val_00021202,n04596742 70 43 499 271 ,n04596742
ILSVRC2012_val_00042268,n04596742 0 43 373 383 ,n04596742
ILSVRC2012_val_00046031,n04596742 0 0 499 373 ,n04596742
ILSVRC2012_val_00042268,n04596742 0 43 373 383 ,n04596742
ILSVRC2012_val_00032118,n04597913 28 27 431 399 ,n04597913
ILSVRC2012_val_00028641,n04597913 3 3 217 498 n04597913 198 30 373 498 ,n04597913
ILSVRC2012_val_00033430,n04597913 219 6 499 257 ,n04597913
ILSVRC2012_val_00032118,n04597913 28 27 431 399 ,n04597913
ILSVRC2012_val_00006044,n04597913 21 13 95 348 n04597913 111 145 158 429 n04597913 188 101 268 429 n04597913 335 8 461 251 n04597913 312 261 393 432 n04597913 401 272 498 437 ,n04597913
ILSVRC2012_val_00010654,n04599235 2 0 457 355 ,n04599235
ILSVRC2012_val_00048268,n04599235 8 1 498 490 ,n04599235
ILSVRC2012_val_00027624,n04599235 2 156 384 365 n04599235 225 50 385 222 n04599235 44 3 237 180 n04599235 359 118 496 341 ,n04599235
ILSVRC2012_val_00003190,n04599235 235 0 395 144 n04599235 340 108 499 260 n04599235 182 122 346 269 n04599235 87 237 322 372 n04599235 0 100 201 343 ,n04599235
ILSVRC2012_val_00037049,n04599235 52 8 429 332 ,n04599235
ILSVRC2012_val_00030937,n04604644 2 174 498 284 ,n04604644
ILSVRC2012_val_00007917,n04604644 1 135 380 285 n04604644 199 179 499 283 n04604644 415 112 490 148 ,n04604644
ILSVRC2012_val_00025517,n04604644 2 108 498 340 n04604644 362 44 499 106 ,n04604644
ILSVRC2012_val_00035406,n04604644 1 275 333 498 ,n04604644
ILSVRC2012_val_00033623,n04604644 0 213 373 368 ,n04604644
ILSVRC2012_val_00028404,n04606251 0 82 499 320 ,n04606251
ILSVRC2012_val_00033744,n04606251 23 18 394 340 ,n04606251
ILSVRC2012_val_00027832,n04606251 62 96 439 270 ,n04606251
ILSVRC2012_val_00014843,n04606251 82 55 441 273 ,n04606251
ILSVRC2012_val_00027832,n04606251 62 96 439 270 ,n04606251
ILSVRC2012_val_00045783,n04612504 164 0 332 216 ,n04612504
ILSVRC2012_val_00015121,n04612504 25 0 373 412 n04612504 301 293 372 347 n04612504 22 2 372 412 n04612504 298 295 370 352 n04612504 0 2 199 377 ,n04612504
ILSVRC2012_val_00025780,n04612504 56 45 164 234 n04612504 208 80 280 217 n04612504 360 110 409 206 n04612504 447 137 480 194 ,n04612504
ILSVRC2012_val_00048434,n04612504 29 161 499 317 n04612504 0 44 101 215 ,n04612504
ILSVRC2012_val_00018802,n04612504 64 16 215 264 n04612504 200 0 415 278 n04612504 433 129 499 216 ,n04612504
ILSVRC2012_val_00026625,n04613696 54 59 352 308 ,n04613696
ILSVRC2012_val_00043804,n04613696 13 68 489 287 ,n04613696
ILSVRC2012_val_00002044,n04613696 29 19 380 205 ,n04613696
ILSVRC2012_val_00036300,n04613696 115 50 330 217 ,n04613696
ILSVRC2012_val_00048968,n04613696 75 76 282 267 ,n04613696
ILSVRC2012_val_00038322,n06359193 87 2 386 495 n06359193 95 10 379 482 ,n06359193
ILSVRC2012_val_00038492,n06359193 16 10 698 456 ,n06359193
ILSVRC2012_val_00007699,n06359193 2 0 499 360 ,n06359193
ILSVRC2012_val_00038322,n06359193 87 2 386 495 n06359193 95 10 379 482 ,n06359193
ILSVRC2012_val_00037598,n06359193 1 0 496 339 ,n06359193
ILSVRC2012_val_00016900,n06596364 0 0 362 498 ,n06596364
ILSVRC2012_val_00012581,n06596364 83 27 423 355 ,n06596364
ILSVRC2012_val_00014214,n06596364 259 121 367 218 n06596364 349 10 440 124 n06596364 368 194 499 345 n06596364 92 0 208 151 n06596364 141 230 260 350 n06596364 0 0 96 144 n06596364 214 9 299 134 n06596364 212 7 297 131 n06596364 360 125 463 195 n06596364 350 13 440 123 n06596364 34 217 169 343 n06596364 253 223 378 357 n06596364 169 151 267 234 n06596364 86 147 191 233 n06596364 0 217 79 339 n06596364 367 197 485 223 n06596364 0 137 108 223 n06596364 3 146 51 223 n06596364 298 0 337 116 ,n06596364
ILSVRC2012_val_00040324,n06596364 56 0 265 272 ,n06596364
ILSVRC2012_val_00017365,n06596364 198 207 247 286 ,n06596364
ILSVRC2012_val_00033135,n06785654 123 70 310 297 n06785654 0 272 93 374 n06785654 157 314 232 374 n06785654 28 84 109 174 n06785654 308 264 437 374 n06785654 13 175 101 272 n06785654 0 89 28 172 n06785654 405 204 437 261 n06785654 0 171 11 270 ,n06785654
ILSVRC2012_val_00031495,n06785654 161 91 200 217 n06785654 0 102 373 478 ,n06785654
ILSVRC2012_val_00027470,n06785654 295 43 346 210 n06785654 0 29 497 373 n06785654 85 81 130 235 ,n06785654
ILSVRC2012_val_00027470,n06785654 295 43 346 210 n06785654 0 29 497 373 n06785654 85 81 130 235 ,n06785654
ILSVRC2012_val_00033417,n06785654 263 238 451 374 n06785654 244 77 374 201 ,n06785654
ILSVRC2012_val_00036822,n06794110 53 260 277 375 n06794110 53 145 275 257 n06794110 0 412 66 483 ,n06794110
ILSVRC2012_val_00036822,n06794110 53 260 277 375 n06794110 53 145 275 257 n06794110 0 412 66 483 ,n06794110
ILSVRC2012_val_00016997,n06794110 60 279 391 363 ,n06794110
ILSVRC2012_val_00014999,n06794110 87 109 463 227 n06794110 197 1 340 223 n06794110 159 183 340 374 ,n06794110
ILSVRC2012_val_00017401,n06794110 115 78 427 322 ,n06794110
ILSVRC2012_val_00031292,n06874185 335 73 442 299 n06874185 76 150 193 300 ,n06874185
ILSVRC2012_val_00027647,n06874185 95 48 228 345 n06874185 88 423 111 468 n06874185 136 367 196 460 n06874185 30 436 80 465 ,n06874185
ILSVRC2012_val_00038213,n06874185 140 97 182 155 n06874185 443 209 459 252 n06874185 185 105 216 138 ,n06874185
ILSVRC2012_val_00044984,n06874185 252 0 385 219 n06874185 96 16 217 225 ,n06874185
ILSVRC2012_val_00025984,n06874185 70 3 167 249 n06874185 2 3 85 248 n06874185 108 3 377 297 n06874185 138 4 308 81 ,n06874185
ILSVRC2012_val_00049607,n07248320 27 32 367 473 ,n07248320
ILSVRC2012_val_00013429,n07248320 0 0 409 498 ,n07248320
ILSVRC2012_val_00022119,n07248320 0 0 406 498 ,n07248320
ILSVRC2012_val_00005464,n07248320 9 9 398 487 ,n07248320
ILSVRC2012_val_00045383,n07248320 0 0 417 498 ,n07248320
ILSVRC2012_val_00028256,n07565083 42 18 326 370 ,n07565083
ILSVRC2012_val_00010527,n07565083 0 0 499 358 ,n07565083
ILSVRC2012_val_00026192,n07565083 43 19 499 374 ,n07565083
ILSVRC2012_val_00043820,n07565083 2 6 362 498 ,n07565083
ILSVRC2012_val_00026192,n07565083 43 19 499 374 ,n07565083
ILSVRC2012_val_00002851,n07579787 0 58 373 493 ,n07579787
ILSVRC2012_val_00045027,n07579787 12 8 488 368 ,n07579787
ILSVRC2012_val_00021811,n07579787 0 0 499 374 ,n07579787
ILSVRC2012_val_00016597,n07579787 0 7 497 374 ,n07579787
ILSVRC2012_val_00045027,n07579787 12 8 488 368 ,n07579787
ILSVRC2012_val_00027982,n07583066 122 97 270 190 n07583066 265 157 477 304 n07583066 34 61 148 143 ,n07583066
ILSVRC2012_val_00049358,n07583066 240 157 386 335 n07583066 21 136 163 271 n07583066 230 96 350 218 ,n07583066
ILSVRC2012_val_00001785,n07583066 0 1 431 373 ,n07583066
ILSVRC2012_val_00034029,n07583066 0 2 498 484 ,n07583066
ILSVRC2012_val_00029534,n07583066 92 72 498 291 n07583066 28 40 499 363 n07583066 233 106 368 187 n07583066 33 45 499 361 n07583066 234 103 367 187 ,n07583066
ILSVRC2012_val_00031813,n07584110 99 85 386 294 ,n07584110
ILSVRC2012_val_00028538,n07584110 138 122 370 273 ,n07584110
ILSVRC2012_val_00015125,n07584110 159 77 361 182 ,n07584110
ILSVRC2012_val_00017524,n07584110 10 165 361 422 n07584110 0 5 133 86 n07584110 183 2 373 46 ,n07584110
ILSVRC2012_val_00028538,n07584110 138 122 370 273 ,n07584110
ILSVRC2012_val_00001512,n07590611 0 37 498 485 ,n07590611
ILSVRC2012_val_00039174,n07590611 1 37 373 498 ,n07590611
ILSVRC2012_val_00039174,n07590611 1 37 373 498 ,n07590611
ILSVRC2012_val_00044479,n07590611 0 125 370 440 ,n07590611
ILSVRC2012_val_00030972,n07590611 80 51 327 203 ,n07590611
ILSVRC2012_val_00001793,n07613480 71 67 277 374 n07613480 293 4 454 369 ,n07613480
ILSVRC2012_val_00010091,n07613480 11 138 373 341 ,n07613480
ILSVRC2012_val_00000928,n07613480 36 23 321 407 ,n07613480
ILSVRC2012_val_00038412,n07613480 0 135 373 402 ,n07613480
ILSVRC2012_val_00044243,n07613480 142 54 376 340 n07613480 337 5 455 112 n07613480 113 0 220 85 n07613480 261 0 351 82 n07613480 170 10 290 65 ,n07613480
ILSVRC2012_val_00029547,n07614500 141 159 323 326 n07614500 315 152 445 286 n07614500 157 72 287 167 ,n07614500
ILSVRC2012_val_00022417,n07614500 0 0 499 390 ,n07614500
ILSVRC2012_val_00014743,n07614500 253 255 490 487 n07614500 11 11 247 247 n07614500 252 13 482 245 n07614500 12 252 247 487 ,n07614500
ILSVRC2012_val_00037496,n07614500 131 104 375 498 ,n07614500
ILSVRC2012_val_00042011,n07614500 35 23 394 470 ,n07614500
ILSVRC2012_val_00030790,n07615774 106 250 178 346 ,n07615774
ILSVRC2012_val_00031898,n07615774 212 196 259 333 ,n07615774
ILSVRC2012_val_00009776,n07615774 157 180 261 369 ,n07615774
ILSVRC2012_val_00039496,n07615774 77 1 320 374 ,n07615774
ILSVRC2012_val_00002972,n07615774 91 43 428 498 ,n07615774
ILSVRC2012_val_00013638,n07684084 145 155 342 364 n07684084 16 76 141 356 n07684084 338 95 495 374 n07684084 143 26 392 152 ,n07684084
ILSVRC2012_val_00027900,n07684084 11 27 437 330 ,n07684084
ILSVRC2012_val_00036539,n07684084 20 253 209 340 n07684084 266 241 459 347 n07684084 50 159 195 243 n07684084 239 153 467 248 n07684084 257 67 427 121 n07684084 102 47 254 102 n07684084 282 2 396 64 n07684084 116 7 249 58 ,n07684084
ILSVRC2012_val_00043611,n07684084 17 100 476 190 ,n07684084
ILSVRC2012_val_00048399,n07684084 45 127 473 338 n07684084 58 0 466 179 ,n07684084
ILSVRC2012_val_00018914,n07693725 26 232 216 385 n07693725 167 21 323 133 n07693725 355 183 499 317 n07693725 3 189 151 258 n07693725 210 163 385 332 n07693725 40 143 162 191 n07693725 144 87 307 180 n07693725 99 99 151 142 n07693725 155 199 221 266 ,n07693725
ILSVRC2012_val_00005619,n07693725 38 17 454 350 ,n07693725
ILSVRC2012_val_00043248,n07693725 0 121 84 241 n07693725 244 18 368 101 n07693725 227 155 413 298 n07693725 106 72 249 165 n07693725 3 207 221 374 n07693725 269 272 435 365 n07693725 354 159 489 254 n07693725 246 83 351 160 n07693725 130 155 260 216 n07693725 351 74 499 181 n07693725 175 334 238 374 ,n07693725
ILSVRC2012_val_00028873,n07693725 59 3 454 372 ,n07693725
ILSVRC2012_val_00019958,n07693725 235 23 472 309 n07693725 14 38 263 202 n07693725 75 157 345 371 n07693725 338 0 473 14 n07693725 294 0 491 60 ,n07693725
ILSVRC2012_val_00025390,n07695742 142 162 273 270 n07695742 96 211 187 272 n07695742 50 205 100 245 ,n07695742
ILSVRC2012_val_00024183,n07695742 55 12 456 353 ,n07695742
ILSVRC2012_val_00023752,n07695742 34 77 151 177 n07695742 316 162 455 270 n07695742 320 84 431 161 n07695742 183 161 308 277 n07695742 184 10 295 96 n07695742 185 245 499 350 n07695742 9 160 181 367 n07695742 185 86 324 171 n07695742 75 0 186 87 n07695742 289 14 398 88 ,n07695742
ILSVRC2012_val_00007087,n07695742 2 126 363 472 ,n07695742
ILSVRC2012_val_00007192,n07695742 0 1 499 373 ,n07695742
ILSVRC2012_val_00017895,n07697313 53 83 328 274 ,n07697313
ILSVRC2012_val_00027645,n07697313 15 0 497 387 ,n07697313
ILSVRC2012_val_00043140,n07697313 51 0 468 374 ,n07697313
ILSVRC2012_val_00020338,n07697313 152 0 499 352 ,n07697313
ILSVRC2012_val_00048841,n07697313 100 152 498 485 ,n07697313
ILSVRC2012_val_00043773,n07697537 114 28 311 145 n07697537 119 59 305 136 n07697537 95 0 285 85 ,n07697537
ILSVRC2012_val_00036551,n07697537 181 203 418 341 n07697537 168 73 410 189 ,n07697537
ILSVRC2012_val_00033675,n07697537 2 103 277 462 n07697537 8 115 313 443 n07697537 198 88 498 451 ,n07697537
ILSVRC2012_val_00024032,n07697537 28 196 468 303 n07697537 212 52 283 85 n07697537 304 56 417 101 ,n07697537
ILSVRC2012_val_00049530,n07697537 80 161 305 456 ,n07697537
ILSVRC2012_val_00016546,n07711569 44 139 354 327 ,n07711569
ILSVRC2012_val_00025502,n07711569 64 71 449 332 ,n07711569
ILSVRC2012_val_00035227,n07711569 124 98 1169 842 ,n07711569
ILSVRC2012_val_00017925,n07711569 75 76 251 311 ,n07711569
ILSVRC2012_val_00019247,n07711569 126 68 362 363 ,n07711569
ILSVRC2012_val_00016627,n07714571 0 2 475 332 n07714571 0 3 475 331 ,n07714571
ILSVRC2012_val_00005214,n07714571 12 13 492 333 ,n07714571
ILSVRC2012_val_00029321,n07714571 145 48 404 302 n07714571 423 29 499 164 n07714571 54 259 280 374 n07714571 439 236 499 373 n07714571 0 60 111 177 n07714571 280 272 437 374 n07714571 54 113 162 259 n07714571 283 8 433 158 n07714571 0 0 150 62 n07714571 390 151 499 290 n07714571 1 139 51 354 n07714571 152 1 282 37 n07714571 403 1 465 59 ,n07714571
ILSVRC2012_val_00010154,n07714571 253 273 343 366 n07714571 60 287 152 365 n07714571 112 229 201 296 n07714571 153 298 246 374 ,n07714571
ILSVRC2012_val_00037934,n07714571 0 0 498 440 ,n07714571
ILSVRC2012_val_00027503,n07714990 234 54 402 194 n07714990 234 215 411 300 n07714990 435 169 499 294 n07714990 2 117 102 256 n07714990 169 104 253 176 n07714990 86 169 195 237 n07714990 13 112 98 184 n07714990 161 64 200 94 n07714990 97 122 164 169 ,n07714990
ILSVRC2012_val_00043347,n07714990 18 46 476 497 ,n07714990
ILSVRC2012_val_00035639,n07714990 50 175 248 391 n07714990 387 282 498 471 n07714990 171 181 382 341 n07714990 235 23 498 206 n07714990 28 111 97 173 n07714990 0 388 92 498 n07714990 2 0 236 128 n07714990 98 336 411 498 ,n07714990
ILSVRC2012_val_00043347,n07714990 18 46 476 497 ,n07714990
ILSVRC2012_val_00048833,n07714990 81 232 190 346 n07714990 187 209 299 326 n07714990 112 179 215 233 ,n07714990
ILSVRC2012_val_00045981,n07715103 9 147 250 369 ,n07715103
ILSVRC2012_val_00018031,n07715103 110 227 252 438 ,n07715103
ILSVRC2012_val_00010591,n07715103 299 48 543 322 n07715103 747 353 1020 650 n07715103 88 407 434 761 n07715103 501 526 845 765 n07715103 787 23 997 182 n07715103 76 232 240 418 n07715103 695 111 1000 402 n07715103 616 353 975 699 n07715103 643 0 726 93 n07715103 356 260 651 515 n07715103 272 612 555 765 n07715103 295 49 545 322 ,n07715103
ILSVRC2012_val_00035253,n07715103 375 235 721 556 n07715103 283 28 526 229 n07715103 4 312 454 592 n07715103 181 202 423 370 n07715103 696 297 798 520 n07715103 0 84 264 309 ,n07715103
ILSVRC2012_val_00010149,n07715103 107 7 440 374 ,n07715103
ILSVRC2012_val_00040497,n07716358 162 217 336 296 n07716358 195 208 336 257 n07716358 155 235 281 301 ,n07716358
ILSVRC2012_val_00036142,n07716358 144 75 335 363 ,n07716358
ILSVRC2012_val_00016672,n07716358 333 192 436 306 n07716358 33 204 138 310 n07716358 153 232 261 337 n07716358 79 47 180 127 n07716358 224 75 336 167 n07716358 320 42 398 129 n07716358 232 154 348 258 n07716358 386 161 467 245 n07716358 333 133 401 198 n07716358 251 49 325 94 n07716358 386 91 463 166 n07716358 386 71 442 100 n07716358 53 128 156 212 n07716358 153 80 229 139 n07716358 53 95 101 156 n07716358 140 194 209 295 n07716358 196 60 248 108 n07716358 176 49 208 79 n07716358 224 43 258 68 ,n07716358
ILSVRC2012_val_00017362,n07716358 14 45 492 231 ,n07716358
ILSVRC2012_val_00018255,n07716358 190 103 253 309 n07716358 287 85 336 312 n07716358 320 87 358 222 n07716358 39 108 80 242 n07716358 135 94 195 277 n07716358 434 126 499 351 n07716358 352 46 401 250 n07716358 408 110 431 203 n07716358 0 44 52 188 n07716358 69 109 118 285 n07716358 1 173 28 286 n07716358 139 125 186 298 n07716358 421 172 456 256 n07716358 237 116 277 284 n07716358 255 52 300 246 ,n07716358
ILSVRC2012_val_00018457,n07716906 1 45 389 374 n07716906 258 30 497 263 ,n07716906
ILSVRC2012_val_00021629,n07716906 30 0 499 333 ,n07716906
ILSVRC2012_val_00019550,n07716906 185 12 299 252 ,n07716906
ILSVRC2012_val_00038602,n07716906 6 76 163 270 n07716906 159 29 331 193 ,n07716906
ILSVRC2012_val_00037969,n07716906 27 14 499 332 ,n07716906
ILSVRC2012_val_00020547,n07717410 73 108 355 294 n07717410 217 0 428 157 ,n07717410
ILSVRC2012_val_00041454,n07717410 95 85 291 301 n07717410 277 64 421 348 ,n07717410
ILSVRC2012_val_00016533,n07717410 39 0 349 368 n07717410 2 29 212 239 n07717410 204 101 484 374 ,n07717410
ILSVRC2012_val_00031841,n07717410 95 45 396 346 ,n07717410
ILSVRC2012_val_00010479,n07717410 46 45 480 355 ,n07717410
ILSVRC2012_val_00029658,n07717556 97 20 276 453 ,n07717556
ILSVRC2012_val_00007798,n07717556 112 6 286 238 ,n07717556
ILSVRC2012_val_00044236,n07717556 65 125 448 347 ,n07717556
ILSVRC2012_val_00037287,n07717556 122 266 252 482 ,n07717556
ILSVRC2012_val_00032936,n07717556 42 95 209 401 ,n07717556
ILSVRC2012_val_00023028,n07718472 190 0 499 248 ,n07718472
ILSVRC2012_val_00046928,n07718472 28 215 346 326 ,n07718472
ILSVRC2012_val_00017489,n07718472 238 249 409 310 n07718472 256 148 359 255 n07718472 394 123 466 252 n07718472 316 167 417 248 n07718472 298 62 387 185 n07718472 354 58 465 191 n07718472 403 186 460 302 ,n07718472
ILSVRC2012_val_00025145,n07718472 93 0 255 266 n07718472 258 7 443 259 n07718472 0 271 231 374 n07718472 0 56 95 272 n07718472 0 24 51 121 n07718472 261 256 497 361 n07718472 403 14 499 234 n07718472 382 345 499 374 n07718472 185 262 276 343 n07718472 413 1 499 81 n07718472 180 22 253 54 ,n07718472
ILSVRC2012_val_00030797,n07718472 113 32 328 149 ,n07718472
ILSVRC2012_val_00025282,n07718747 288 0 499 318 n07718747 5 37 212 226 n07718747 135 163 304 325 n07718747 293 102 498 300 n07718747 1 1 80 87 ,n07718747
ILSVRC2012_val_00011881,n07718747 85 182 289 365 n07718747 240 11 411 176 n07718747 60 19 254 203 n07718747 289 143 468 341 ,n07718747
ILSVRC2012_val_00040344,n07718747 0 0 467 374 ,n07718747
ILSVRC2012_val_00043831,n07718747 0 4 478 334 ,n07718747
ILSVRC2012_val_00045187,n07718747 1 17 278 334 n07718747 187 88 482 334 ,n07718747
ILSVRC2012_val_00005981,n07720875 63 135 312 303 n07720875 182 44 377 175 n07720875 254 138 413 342 ,n07720875
ILSVRC2012_val_00042960,n07720875 133 38 316 321 ,n07720875
ILSVRC2012_val_00042960,n07720875 133 38 316 321 ,n07720875
ILSVRC2012_val_00033111,n07720875 96 188 151 253 ,n07720875
ILSVRC2012_val_00027571,n07720875 29 12 78 46 n07720875 65 102 102 119 n07720875 31 54 78 98 n07720875 0 38 27 97 n07720875 123 0 159 29 ,n07720875
ILSVRC2012_val_00013169,n07730033 250 40 426 222 n07730033 83 9 224 175 ,n07730033
ILSVRC2012_val_00027223,n07730033 38 206 242 442 n07730033 151 21 286 180 n07730033 95 136 242 256 ,n07730033
ILSVRC2012_val_00011844,n07730033 21 14 380 375 n07730033 16 14 384 377 n07730033 253 183 440 385 n07730033 466 316 491 355 n07730033 471 100 496 128 ,n07730033
ILSVRC2012_val_00044742,n07730033 52 2 434 379 ,n07730033
ILSVRC2012_val_00011027,n07730033 0 0 488 374 ,n07730033
ILSVRC2012_val_00046937,n07734744 318 109 636 453 n07734744 24 175 336 382 n07734744 316 109 636 454 n07734744 457 418 687 598 n07734744 132 16 465 249 ,n07734744
ILSVRC2012_val_00046937,n07734744 318 109 636 453 n07734744 24 175 336 382 n07734744 316 109 636 454 n07734744 457 418 687 598 n07734744 132 16 465 249 ,n07734744
ILSVRC2012_val_00040796,n07734744 72 65 453 374 ,n07734744
ILSVRC2012_val_00046937,n07734744 318 109 636 453 n07734744 24 175 336 382 n07734744 316 109 636 454 n07734744 457 418 687 598 n07734744 132 16 465 249 ,n07734744
ILSVRC2012_val_00008720,n07734744 0 6 496 332 ,n07734744
ILSVRC2012_val_00035343,n07742313 36 85 460 483 ,n07742313
ILSVRC2012_val_00036103,n07742313 79 38 244 187 n07742313 286 79 423 206 n07742313 288 193 431 350 n07742313 15 169 172 322 n07742313 165 132 297 253 n07742313 132 238 298 392 n07742313 190 22 301 151 n07742313 39 58 109 179 ,n07742313
ILSVRC2012_val_00034752,n07742313 2 1 376 374 ,n07742313
ILSVRC2012_val_00036705,n07742313 0 0 798 528 ,n07742313
ILSVRC2012_val_00022487,n07742313 1 27 194 257 n07742313 195 22 399 222 ,n07742313
ILSVRC2012_val_00012216,n07745940 238 312 342 400 n07745940 11 332 118 421 ,n07745940
ILSVRC2012_val_00004428,n07745940 412 141 495 197 n07745940 232 179 291 239 ,n07745940
ILSVRC2012_val_00032276,n07745940 311 191 499 332 n07745940 57 89 183 279 n07745940 207 289 309 332 n07745940 95 268 203 332 ,n07745940
ILSVRC2012_val_00007898,n07745940 0 49 80 291 n07745940 299 161 467 245 n07745940 221 256 451 373 n07745940 194 19 291 61 n07745940 315 117 401 171 n07745940 70 107 124 343 n07745940 205 54 327 183 n07745940 270 2 331 65 n07745940 122 0 207 104 n07745940 416 158 499 219 ,n07745940
ILSVRC2012_val_00019754,n07745940 181 137 320 248 n07745940 249 269 325 323 n07745940 297 190 349 244 n07745940 253 98 307 142 n07745940 168 325 233 371 ,n07745940
ILSVRC2012_val_00023063,n07747607 89 14 356 271 n07747607 0 133 147 354 n07747607 350 271 499 374 n07747607 134 205 377 374 n07747607 345 51 499 271 n07747607 123 1 341 70 ,n07747607
ILSVRC2012_val_00026831,n07747607 0 91 145 324 n07747607 42 282 249 374 n07747607 0 295 48 374 ,n07747607
ILSVRC2012_val_00006302,n07747607 38 44 481 337 n07747607 69 263 499 373 ,n07747607
ILSVRC2012_val_00001406,n07747607 371 258 442 319 n07747607 376 26 457 99 n07747607 11 11 193 234 n07747607 401 93 476 123 n07747607 408 155 486 210 n07747607 331 154 410 214 n07747607 393 316 479 355 n07747607 72 139 325 323 n07747607 191 40 326 199 n07747607 138 11 269 122 ,n07747607
ILSVRC2012_val_00012107,n07747607 240 130 465 352 n07747607 73 196 280 401 ,n07747607
ILSVRC2012_val_00028823,n07749582 172 217 425 465 n07749582 0 195 187 420 n07749582 123 23 306 203 n07749582 0 107 140 235 n07749582 155 131 422 281 ,n07749582
ILSVRC2012_val_00003843,n07749582 21 235 101 337 n07749582 136 146 262 260 ,n07749582
ILSVRC2012_val_00035996,n07749582 0 62 77 114 n07749582 159 96 354 330 n07749582 125 283 246 374 n07749582 470 114 499 199 n07749582 482 301 499 341 ,n07749582
ILSVRC2012_val_00007458,n07749582 0 3 456 374 ,n07749582
ILSVRC2012_val_00030225,n07749582 37 61 335 271 ,n07749582
ILSVRC2012_val_00025894,n07753113 1 1 499 374 ,n07753113
ILSVRC2012_val_00046028,n07753113 223 117 368 248 n07753113 221 113 367 248 n07753113 203 256 345 377 n07753113 311 318 457 453 n07753113 353 205 472 328 ,n07753113
ILSVRC2012_val_00025158,n07753113 190 163 340 306 n07753113 336 136 455 284 n07753113 135 122 256 254 n07753113 338 138 456 285 n07753113 413 119 484 217 n07753113 276 104 374 204 n07753113 189 93 281 175 ,n07753113
ILSVRC2012_val_00024339,n07753113 136 46 426 327 ,n07753113
ILSVRC2012_val_00019654,n07753113 25 102 160 245 n07753113 3 248 147 373 n07753113 133 188 247 307 ,n07753113
ILSVRC2012_val_00020416,n07753275 128 31 275 347 ,n07753275
ILSVRC2012_val_00011347,n07753275 0 0 499 374 ,n07753275
ILSVRC2012_val_00040804,n07753275 142 21 308 454 ,n07753275
ILSVRC2012_val_00031767,n07753275 0 1 394 374 ,n07753275
ILSVRC2012_val_00004198,n07753275 196 2 386 317 ,n07753275
ILSVRC2012_val_00043863,n07753592 51 0 257 374 n07753592 256 1 459 374 n07753592 353 2 499 318 n07753592 0 0 155 374 n07753592 96 44 147 165 ,n07753592
ILSVRC2012_val_00021860,n07753592 30 121 281 435 n07753592 48 122 283 498 ,n07753592
ILSVRC2012_val_00022037,n07753592 164 227 213 249 ,n07753592
ILSVRC2012_val_00012621,n07753592 1 0 499 122 n07753592 5 75 499 361 n07753592 0 295 499 374 n07753592 7 295 496 370 ,n07753592
ILSVRC2012_val_00029919,n07753592 28 283 150 370 n07753592 327 207 381 331 n07753592 281 80 381 112 n07753592 333 207 421 306 n07753592 305 210 351 340 n07753592 152 62 197 168 ,n07753592
ILSVRC2012_val_00026562,n07754684 249 88 499 317 ,n07754684
ILSVRC2012_val_00029398,n07754684 55 39 262 365 n07754684 224 113 366 373 ,n07754684
ILSVRC2012_val_00029398,n07754684 55 39 262 365 n07754684 224 113 366 373 ,n07754684
ILSVRC2012_val_00041655,n07754684 45 0 390 374 n07754684 365 59 499 374 ,n07754684
ILSVRC2012_val_00013579,n07754684 1 1 331 498 ,n07754684
ILSVRC2012_val_00044446,n07760859 0 0 86 77 ,n07760859
ILSVRC2012_val_00001692,n07760859 67 36 426 401 n07760859 375 16 554 217 ,n07760859
ILSVRC2012_val_00006282,n07760859 46 58 80 100 n07760859 13 17 69 64 ,n07760859
ILSVRC2012_val_00004962,n07760859 195 135 408 374 ,n07760859
ILSVRC2012_val_00047369,n07760859 42 0 495 374 ,n07760859
ILSVRC2012_val_00018186,n07768694 62 53 446 442 n07768694 66 50 447 441 n07768694 173 181 220 237 n07768694 338 115 378 157 n07768694 307 273 363 320 ,n07768694
ILSVRC2012_val_00048146,n07768694 40 66 497 325 ,n07768694
ILSVRC2012_val_00029499,n07768694 1 0 349 222 n07768694 299 223 381 313 n07768694 1 1 499 398 ,n07768694
ILSVRC2012_val_00003893,n07768694 71 0 499 352 ,n07768694
ILSVRC2012_val_00018186,n07768694 62 53 446 442 n07768694 66 50 447 441 n07768694 173 181 220 237 n07768694 338 115 378 157 n07768694 307 273 363 320 ,n07768694
ILSVRC2012_val_00004376,n07802026 409 183 444 206 n07802026 199 195 258 239 n07802026 369 185 403 210 ,n07802026
ILSVRC2012_val_00009887,n07802026 39 164 65 192 n07802026 166 163 195 191 n07802026 234 161 259 185 n07802026 420 161 476 210 n07802026 148 160 290 270 n07802026 346 160 365 179 n07802026 393 158 405 172 n07802026 289 160 312 181 n07802026 118 158 132 174 n07802026 64 162 85 182 n07802026 411 161 425 170 n07802026 379 157 391 168 n07802026 136 160 155 181 n07802026 335 159 349 173 n07802026 19 163 30 177 n07802026 87 155 100 177 n07802026 0 159 8 181 n07802026 1 188 114 335 ,n07802026
ILSVRC2012_val_00002184,n07802026 46 272 255 451 ,n07802026
ILSVRC2012_val_00020157,n07802026 86 73 380 329 n07802026 22 59 93 111 n07802026 379 50 405 70 n07802026 369 64 469 143 n07802026 297 55 325 69 n07802026 428 50 447 63 n07802026 229 51 246 68 n07802026 180 51 203 68 n07802026 36 48 68 62 n07802026 210 52 229 66 n07802026 415 59 448 71 ,n07802026
ILSVRC2012_val_00005499,n07802026 214 9 454 281 ,n07802026
ILSVRC2012_val_00013472,n07831146 74 30 495 374 ,n07831146
ILSVRC2012_val_00000630,n07831146 38 171 498 498 ,n07831146
ILSVRC2012_val_00048788,n07831146 51 163 373 385 ,n07831146
ILSVRC2012_val_00000630,n07831146 38 171 498 498 ,n07831146
ILSVRC2012_val_00044528,n07831146 0 122 413 305 ,n07831146
ILSVRC2012_val_00001642,n07836838 29 161 162 279 ,n07836838
ILSVRC2012_val_00030774,n07836838 32 20 498 498 ,n07836838
ILSVRC2012_val_00008271,n07836838 42 33 399 262 ,n07836838
ILSVRC2012_val_00007824,n07836838 67 64 451 423 ,n07836838
ILSVRC2012_val_00004935,n07836838 76 85 441 295 ,n07836838
ILSVRC2012_val_00045780,n07860988 123 217 158 266 ,n07860988
ILSVRC2012_val_00039464,n07860988 72 54 414 303 ,n07860988
ILSVRC2012_val_00032598,n07860988 132 108 361 345 ,n07860988
ILSVRC2012_val_00011386,n07860988 2 167 426 373 ,n07860988
ILSVRC2012_val_00037079,n07860988 0 49 498 353 ,n07860988
ILSVRC2012_val_00021866,n07871810 0 10 450 374 ,n07871810
ILSVRC2012_val_00043884,n07871810 292 80 372 225 n07871810 35 71 252 335 n07871810 100 148 366 490 ,n07871810
ILSVRC2012_val_00042577,n07871810 39 86 454 330 ,n07871810
ILSVRC2012_val_00047989,n07871810 2 2 286 374 n07871810 286 36 498 374 ,n07871810
ILSVRC2012_val_00046603,n07871810 96 69 307 297 n07871810 218 39 431 298 ,n07871810
ILSVRC2012_val_00010984,n07873807 16 19 483 425 ,n07873807
ILSVRC2012_val_00000773,n07873807 42 46 472 340 ,n07873807
ILSVRC2012_val_00015007,n07873807 17 12 465 364 ,n07873807
ILSVRC2012_val_00007709,n07873807 0 0 498 373 ,n07873807
ILSVRC2012_val_00004098,n07873807 0 33 367 497 ,n07873807
ILSVRC2012_val_00014209,n07875152 121 38 392 267 ,n07875152
ILSVRC2012_val_00023843,n07875152 22 36 418 306 ,n07875152
ILSVRC2012_val_00019064,n07875152 1 0 499 357 ,n07875152
ILSVRC2012_val_00033193,n07875152 0 127 498 373 ,n07875152
ILSVRC2012_val_00046364,n07875152 24 61 447 346 ,n07875152
ILSVRC2012_val_00021769,n07880968 40 77 455 271 ,n07880968
ILSVRC2012_val_00047263,n07880968 35 2 318 356 n07880968 269 48 387 317 ,n07880968
ILSVRC2012_val_00041191,n07880968 102 120 364 399 ,n07880968
ILSVRC2012_val_00006724,n07880968 0 138 373 442 n07880968 35 67 163 143 ,n07880968
ILSVRC2012_val_00049547,n07880968 42 0 496 374 ,n07880968
ILSVRC2012_val_00042923,n07892512 238 99 328 300 n07892512 154 109 237 305 ,n07892512
ILSVRC2012_val_00023635,n07892512 25 239 184 498 ,n07892512
ILSVRC2012_val_00038996,n07892512 136 156 389 303 ,n07892512
ILSVRC2012_val_00037863,n07892512 131 1 383 426 ,n07892512
ILSVRC2012_val_00023635,n07892512 25 239 184 498 ,n07892512
ILSVRC2012_val_00022894,n07920052 94 29 486 367 ,n07920052
ILSVRC2012_val_00012163,n07920052 100 12 425 338 ,n07920052
ILSVRC2012_val_00032545,n07920052 201 82 430 255 n07920052 0 152 278 357 n07920052 349 35 499 184 n07920052 396 0 499 57 n07920052 1 0 261 104 ,n07920052
ILSVRC2012_val_00024448,n07920052 50 32 471 360 ,n07920052
ILSVRC2012_val_00012163,n07920052 100 12 425 338 ,n07920052
ILSVRC2012_val_00005958,n07930864 129 96 384 275 n07930864 329 121 491 258 n07930864 0 105 156 249 n07930864 49 2 371 244 ,n07930864
ILSVRC2012_val_00002369,n07930864 40 39 438 413 ,n07930864
ILSVRC2012_val_00005759,n07930864 96 117 385 308 ,n07930864
ILSVRC2012_val_00036719,n07930864 137 14 416 316 ,n07930864
ILSVRC2012_val_00041805,n07930864 148 273 495 417 ,n07930864
ILSVRC2012_val_00015438,n07932039 66 222 308 480 ,n07932039
ILSVRC2012_val_00022362,n07932039 35 91 312 360 ,n07932039
ILSVRC2012_val_00038359,n07932039 31 55 342 473 ,n07932039
ILSVRC2012_val_00019689,n07932039 106 153 253 477 n07932039 250 60 387 392 ,n07932039
ILSVRC2012_val_00003831,n07932039 149 312 325 457 n07932039 0 205 166 405 n07932039 46 0 292 327 ,n07932039
ILSVRC2012_val_00014383,n09193705 270 79 329 110 n09193705 82 79 243 160 n09193705 93 89 224 170 ,n09193705
ILSVRC2012_val_00048674,n09193705 181 81 499 222 n09193705 239 18 407 79 n09193705 2 55 81 86 n09193705 424 23 499 76 n09193705 90 15 316 89 n09193705 24 123 143 168 n09193705 147 139 181 164 ,n09193705
ILSVRC2012_val_00025405,n09193705 0 85 499 199 ,n09193705
ILSVRC2012_val_00043503,n09193705 17 172 497 343 ,n09193705
ILSVRC2012_val_00043503,n09193705 17 172 497 343 ,n09193705
ILSVRC2012_val_00029935,n09229709 21 18 210 215 ,n09229709
ILSVRC2012_val_00045975,n09229709 56 47 383 297 ,n09229709
ILSVRC2012_val_00031525,n09229709 355 205 406 253 n09229709 392 131 480 217 n09229709 70 85 205 218 n09229709 275 133 315 176 ,n09229709
ILSVRC2012_val_00006702,n09229709 208 64 315 173 n09229709 2 112 111 242 n09229709 380 161 499 295 n09229709 322 3 416 57 n09229709 441 263 499 340 n09229709 341 259 449 373 n09229709 137 168 219 242 n09229709 302 200 371 269 n09229709 106 245 214 373 n09229709 261 220 343 373 n09229709 431 86 443 100 n09229709 207 61 315 175 n09229709 146 0 218 19 n09229709 173 222 276 373 n09229709 477 58 490 71 n09229709 340 152 351 161 n09229709 448 18 461 34 n09229709 441 38 451 50 n09229709 190 121 196 128 n09229709 288 186 297 194 ,n09229709
ILSVRC2012_val_00009029,n09229709 32 30 347 349 n09229709 178 202 333 344 n09229709 178 204 334 340 ,n09229709
ILSVRC2012_val_00044389,n09246464 59 66 89 128 ,n09246464
ILSVRC2012_val_00038379,n09246464 1 56 331 498 ,n09246464
ILSVRC2012_val_00030220,n09246464 0 60 498 374 ,n09246464
ILSVRC2012_val_00009161,n09246464 0 114 355 330 ,n09246464
ILSVRC2012_val_00012593,n09246464 0 15 499 374 ,n09246464
ILSVRC2012_val_00021175,n09256479 5 124 347 315 ,n09256479
ILSVRC2012_val_00021955,n09256479 265 7 460 121 ,n09256479
ILSVRC2012_val_00033028,n09256479 65 32 498 315 ,n09256479
ILSVRC2012_val_00017232,n09256479 37 168 143 260 n09256479 414 162 499 318 n09256479 176 197 208 238 n09256479 0 304 53 374 n09256479 337 46 383 106 n09256479 239 175 302 228 n09256479 367 105 434 155 n09256479 86 8 125 43 n09256479 241 355 273 374 ,n09256479
ILSVRC2012_val_00025600,n09256479 1 293 109 363 ,n09256479
ILSVRC2012_val_00019666,n09288635 203 102 306 309 ,n09288635
ILSVRC2012_val_00024710,n09288635 77 0 351 275 ,n09288635
ILSVRC2012_val_00024710,n09288635 77 0 351 275 ,n09288635
ILSVRC2012_val_00035380,n09288635 402 164 473 186 ,n09288635
ILSVRC2012_val_00018658,n09288635 185 437 295 480 n09288635 0 390 47 451 n09288635 55 432 90 456 n09288635 311 441 373 461 n09288635 132 145 285 462 n09288635 285 297 337 457 n09288635 91 411 128 447 ,n09288635
ILSVRC2012_val_00046298,n09332890 0 184 305 374 ,n09332890
ILSVRC2012_val_00046543,n09332890 0 215 499 374 ,n09332890
ILSVRC2012_val_00030048,n09332890 280 176 440 201 n09332890 22 165 486 203 ,n09332890
ILSVRC2012_val_00008757,n09332890 2 112 499 374 ,n09332890
ILSVRC2012_val_00033656,n09332890 0 138 495 320 n09332890 0 234 499 324 ,n09332890
ILSVRC2012_val_00037890,n09399592 0 139 335 323 ,n09399592
ILSVRC2012_val_00010403,n09399592 1 0 499 104 ,n09399592
ILSVRC2012_val_00039034,n09399592 61 87 499 374 ,n09399592
ILSVRC2012_val_00016654,n09399592 0 125 499 374 ,n09399592
ILSVRC2012_val_00039034,n09399592 61 87 499 374 ,n09399592
ILSVRC2012_val_00017102,n09421951 4 310 488 465 n09421951 0 263 498 471 ,n09421951
ILSVRC2012_val_00046434,n09421951 229 197 452 316 n09421951 216 191 465 324 ,n09421951
ILSVRC2012_val_00007545,n09421951 0 270 498 373 n09421951 1 145 499 189 n09421951 231 107 497 131 ,n09421951
ILSVRC2012_val_00045372,n09421951 165 221 494 369 n09421951 0 177 499 374 ,n09421951
ILSVRC2012_val_00000145,n09421951 42 255 373 300 ,n09421951
ILSVRC2012_val_00036315,n09428293 1 164 496 387 ,n09428293
ILSVRC2012_val_00002896,n09428293 118 163 498 244 ,n09428293
ILSVRC2012_val_00043671,n09428293 0 280 499 374 ,n09428293
ILSVRC2012_val_00001153,n09428293 0 156 412 244 n09428293 3 245 499 374 ,n09428293
ILSVRC2012_val_00002495,n09428293 216 200 495 298 ,n09428293
ILSVRC2012_val_00020172,n09468604 0 1 598 447 ,n09468604
ILSVRC2012_val_00001829,n09468604 0 0 499 334 ,n09468604
ILSVRC2012_val_00038529,n09468604 322 334 699 766 n09468604 555 32 1022 314 ,n09468604
ILSVRC2012_val_00015253,n09468604 61 211 569 486 ,n09468604
ILSVRC2012_val_00026860,n09468604 45 190 331 498 ,n09468604
ILSVRC2012_val_00002103,n09472597 3 107 371 341 ,n09472597
ILSVRC2012_val_00045671,n09472597 129 190 499 374 ,n09472597
ILSVRC2012_val_00039999,n09472597 262 155 313 182 n09472597 0 132 498 306 ,n09472597
ILSVRC2012_val_00023470,n09472597 107 79 381 254 ,n09472597
ILSVRC2012_val_00010641,n09472597 0 97 499 234 ,n09472597
ILSVRC2012_val_00002254,n09835506 117 82 340 338 n09835506 427 308 436 330 ,n09835506
ILSVRC2012_val_00016865,n09835506 331 112 488 315 n09835506 123 132 288 377 ,n09835506
ILSVRC2012_val_00018226,n09835506 16 3 232 338 ,n09835506
ILSVRC2012_val_00038424,n09835506 0 59 124 296 n09835506 211 44 304 296 n09835506 102 41 198 331 n09835506 370 43 480 314 ,n09835506
ILSVRC2012_val_00018507,n09835506 261 93 377 318 n09835506 356 96 466 319 n09835506 68 102 183 321 n09835506 166 112 269 320 ,n09835506
ILSVRC2012_val_00018808,n10148035 361 21 483 288 ,n10148035
ILSVRC2012_val_00014091,n10148035 0 78 165 498 ,n10148035
ILSVRC2012_val_00020709,n10148035 217 34 260 228 ,n10148035
ILSVRC2012_val_00006681,n10148035 43 57 272 323 ,n10148035
ILSVRC2012_val_00018808,n10148035 361 21 483 288 ,n10148035
ILSVRC2012_val_00005914,n10565667 13 50 372 498 ,n10565667
ILSVRC2012_val_00033855,n10565667 13 23 498 498 ,n10565667
ILSVRC2012_val_00042288,n10565667 49 52 405 369 ,n10565667
ILSVRC2012_val_00048635,n10565667 252 61 499 374 ,n10565667
ILSVRC2012_val_00025967,n10565667 109 176 219 303 ,n10565667
ILSVRC2012_val_00015891,n11879895 93 259 112 269 n11879895 3 255 498 332 ,n11879895
ILSVRC2012_val_00036223,n11879895 274 302 290 319 n11879895 299 299 319 319 ,n11879895
ILSVRC2012_val_00036366,n11879895 0 137 373 498 ,n11879895
ILSVRC2012_val_00012198,n11879895 186 72 355 282 n11879895 14 166 157 333 n11879895 378 73 454 160 n11879895 386 0 474 46 ,n11879895
ILSVRC2012_val_00022415,n11879895 2 150 499 332 ,n11879895
ILSVRC2012_val_00043601,n11939491 0 0 759 527 ,n11939491
ILSVRC2012_val_00018189,n11939491 0 5 498 332 ,n11939491
ILSVRC2012_val_00034896,n11939491 349 185 1322 1265 ,n11939491
ILSVRC2012_val_00044606,n11939491 375 262 499 374 n11939491 84 88 348 216 n11939491 0 0 141 55 n11939491 36 21 197 128 ,n11939491
ILSVRC2012_val_00018189,n11939491 0 5 498 332 ,n11939491
ILSVRC2012_val_00003566,n12057211 73 35 357 345 n12057211 308 68 395 161 n12057211 136 180 269 264 ,n12057211
ILSVRC2012_val_00021765,n12057211 10 24 499 374 ,n12057211
ILSVRC2012_val_00034247,n12057211 235 68 297 135 ,n12057211
ILSVRC2012_val_00046774,n12057211 57 15 395 326 ,n12057211
ILSVRC2012_val_00001130,n12057211 64 55 442 343 ,n12057211
ILSVRC2012_val_00038919,n12144580 0 0 748 497 ,n12144580
ILSVRC2012_val_00017074,n12144580 59 100 94 175 n12144580 303 113 332 168 n12144580 264 229 291 319 n12144580 197 101 227 196 n12144580 194 259 218 332 ,n12144580
ILSVRC2012_val_00013029,n12144580 1 0 499 373 n12144580 396 266 496 374 n12144580 294 172 366 240 ,n12144580
ILSVRC2012_val_00007467,n12144580 13 169 537 411 n12144580 39 10 518 278 ,n12144580
ILSVRC2012_val_00013029,n12144580 1 0 499 373 n12144580 396 266 496 374 n12144580 294 172 366 240 ,n12144580
ILSVRC2012_val_00019713,n12267677 116 149 310 311 n12267677 36 121 164 237 n12267677 174 87 276 170 ,n12267677
ILSVRC2012_val_00032501,n12267677 209 192 319 255 n12267677 138 175 210 227 n12267677 160 218 221 305 n12267677 356 12 407 82 n12267677 474 39 499 88 ,n12267677
ILSVRC2012_val_00001117,n12267677 207 65 287 208 ,n12267677
ILSVRC2012_val_00013791,n12267677 271 20 356 157 n12267677 279 156 419 258 n12267677 158 68 282 209 ,n12267677
ILSVRC2012_val_00029915,n12267677 223 142 271 191 n12267677 290 99 362 160 ,n12267677
ILSVRC2012_val_00030777,n12620546 226 95 305 178 n12620546 154 186 233 269 n12620546 469 1 499 35 n12620546 66 80 76 90 n12620546 423 97 440 117 n12620546 1 89 10 100 n12620546 151 125 173 138 ,n12620546
ILSVRC2012_val_00022167,n12620546 166 88 241 155 n12620546 362 148 446 220 n12620546 192 291 258 367 n12620546 248 313 293 372 ,n12620546
ILSVRC2012_val_00016329,n12620546 178 43 486 352 n12620546 10 288 341 498 ,n12620546
ILSVRC2012_val_00048419,n12620546 217 77 362 300 n12620546 120 167 272 312 n12620546 326 198 427 292 ,n12620546
ILSVRC2012_val_00019339,n12620546 174 60 265 188 n12620546 306 91 390 209 n12620546 230 133 309 230 n12620546 307 89 394 212 n12620546 97 159 230 247 n12620546 273 345 301 370 ,n12620546
ILSVRC2012_val_00048677,n12768682 253 62 359 196 n12768682 34 105 165 220 n12768682 374 222 484 332 n12768682 251 184 378 287 n12768682 85 42 170 112 n12768682 361 94 472 213 n12768682 168 77 256 178 n12768682 178 1 306 100 n12768682 157 250 280 332 n12768682 476 141 499 214 n12768682 55 221 159 320 n12768682 316 14 459 122 n12768682 2 3 86 83 n12768682 0 266 108 332 n12768682 445 40 498 139 n12768682 452 0 499 39 n12768682 144 179 252 257 n12768682 0 83 85 186 n12768682 0 175 44 298 ,n12768682
ILSVRC2012_val_00035438,n12768682 37 66 322 305 ,n12768682
ILSVRC2012_val_00021596,n12768682 142 101 260 211 ,n12768682
ILSVRC2012_val_00004903,n12768682 93 222 212 360 n12768682 252 110 358 203 n12768682 163 89 248 190 n12768682 195 174 288 273 n12768682 85 138 190 242 ,n12768682
ILSVRC2012_val_00020478,n12768682 36 35 433 425 ,n12768682
ILSVRC2012_val_00026794,n12985857 151 84 377 346 n12985857 343 116 411 250 n12985857 417 211 465 298 n12985857 455 0 499 79 n12985857 364 7 410 54 n12985857 33 156 81 205 n12985857 6 46 161 173 n12985857 24 248 169 374 n12985857 336 46 374 91 ,n12985857
ILSVRC2012_val_00010464,n12985857 76 250 288 475 ,n12985857
ILSVRC2012_val_00000954,n12985857 354 130 446 455 n12985857 52 42 171 348 n12985857 223 36 302 407 n12985857 148 126 222 357 ,n12985857
ILSVRC2012_val_00035290,n12985857 1 68 99 218 n12985857 24 213 252 409 n12985857 337 0 484 170 n12985857 187 63 415 309 n12985857 409 358 498 420 ,n12985857
ILSVRC2012_val_00047107,n12985857 55 77 250 412 n12985857 261 177 340 360 n12985857 45 246 56 273 ,n12985857
ILSVRC2012_val_00007684,n12998815 214 99 378 300 ,n12998815
ILSVRC2012_val_00039754,n12998815 286 79 439 273 n12998815 139 67 302 292 n12998815 70 68 184 202 ,n12998815
ILSVRC2012_val_00029154,n12998815 13 16 485 409 ,n12998815
ILSVRC2012_val_00014935,n12998815 71 85 440 440 ,n12998815
ILSVRC2012_val_00010912,n12998815 1 7 373 498 ,n12998815
ILSVRC2012_val_00007954,n13037406 77 58 347 240 ,n13037406
ILSVRC2012_val_00014792,n13037406 87 126 428 586 n13037406 432 178 923 537 ,n13037406
ILSVRC2012_val_00043208,n13037406 87 50 407 249 ,n13037406
ILSVRC2012_val_00014619,n13037406 28 7 279 374 n13037406 255 42 475 394 ,n13037406
ILSVRC2012_val_00013100,n13037406 135 12 422 316 ,n13037406
ILSVRC2012_val_00021986,n13040303 208 60 386 409 ,n13040303
ILSVRC2012_val_00005957,n13040303 112 51 373 442 ,n13040303
ILSVRC2012_val_00048153,n13040303 49 116 340 332 ,n13040303
ILSVRC2012_val_00010863,n13040303 120 55 241 417 ,n13040303
ILSVRC2012_val_00005957,n13040303 112 51 373 442 ,n13040303
ILSVRC2012_val_00049651,n13044778 116 48 409 308 ,n13044778
ILSVRC2012_val_00019186,n13044778 118 71 385 319 ,n13044778
ILSVRC2012_val_00043944,n13044778 60 6 461 396 ,n13044778
ILSVRC2012_val_00028286,n13044778 125 102 372 382 ,n13044778
ILSVRC2012_val_00009322,n13044778 274 7 469 178 n13044778 35 219 215 382 n13044778 61 37 188 164 n13044778 293 210 467 396 ,n13044778
ILSVRC2012_val_00038327,n13052670 100 36 406 333 ,n13052670
ILSVRC2012_val_00027885,n13052670 0 37 575 448 ,n13052670
ILSVRC2012_val_00020231,n13052670 30 162 325 370 ,n13052670
ILSVRC2012_val_00022963,n13052670 60 68 452 446 ,n13052670
ILSVRC2012_val_00027909,n13052670 1 0 348 467 ,n13052670
ILSVRC2012_val_00048207,n13054560 36 43 340 360 ,n13054560
ILSVRC2012_val_00016153,n13054560 63 64 219 268 ,n13054560
ILSVRC2012_val_00011086,n13054560 56 95 234 225 ,n13054560
ILSVRC2012_val_00019523,n13054560 12 0 485 374 ,n13054560
ILSVRC2012_val_00033740,n13054560 200 51 341 233 ,n13054560
ILSVRC2012_val_00008440,n13133613 220 216 379 380 n13133613 432 213 560 253 n13133613 488 246 584 298 n13133613 94 261 172 313 n13133613 0 92 31 184 ,n13133613
ILSVRC2012_val_00033353,n13133613 17 1 548 364 ,n13133613
ILSVRC2012_val_00008440,n13133613 220 216 379 380 n13133613 432 213 560 253 n13133613 488 246 584 298 n13133613 94 261 172 313 n13133613 0 92 31 184 ,n13133613
ILSVRC2012_val_00003423,n13133613 355 16 474 320 n13133613 181 18 319 320 n13133613 21 16 107 316 ,n13133613
ILSVRC2012_val_00049555,n13133613 344 60 471 446 ,n13133613
ILSVRC2012_val_00036056,n15075141 127 127 324 381 ,n15075141
ILSVRC2012_val_00027432,n15075141 85 221 236 382 ,n15075141
ILSVRC2012_val_00036056,n15075141 127 127 324 381 ,n15075141
ILSVRC2012_val_00045266,n15075141 136 171 403 367 ,n15075141
ILSVRC2012_val_00002916,n15075141 96 392 256 497 n15075141 280 395 435 498 ,n15075141
